gid,__gid,region,line_name,voltage,capacity_mw,current_load_mw,length_km,no_of_ckt,condu_type,bundl_type,ntr_line,owner,status,ckt_comm_y,impl_mode,nip_id,opgw,fbr_comm_y,opgw_ckt,owner_opgw,t_fbr_opgw,fbr_pwr_ap,fbr_tel_se,sy_ps_loca,symbology,source_gid,selection_basis,inside_study_area_length_km_calculated,source_geometry_length_km_calculated,geometry_wkt
10001,20001,NR,Mock Wazirabad - Narela 220 kV S/C Line 0001,220 kV,500,214.5,17.901,1,ACSR Zebra,Single,Intra-State,Mock South Delhi Transmission Co.,Commissioned,2022,RTM,MOCK-NIP-00001,No,2022,,,,,,"Mock coordinates: Wazirabad (28.71000N, 77.18000E) to Narela (28.85000N, 77.09000E)",220 kV (Commissioned),10001,Synthetic geometry constrained to approximate Delhi NCT study area,17.901,17.901,"LINESTRING (77.180000 28.710000, 77.162523 28.734709, 77.143696 28.772347, 77.109338 28.823907, 77.090000 28.850000)"
10002,20002,NR,Mock Narela - Wazirabad 400 kV D/C Line 0002,400 kV,1800,0.0,18.032,2,ACSR Moose,Quad,Intra-State,Mock Inter-State Grid Delhi,Under Bidding,June 2029,RTM,MOCK-NIP-00002,No,June 2029,,,,,,"Mock coordinates: Narela (28.85000N, 77.09000E) to Wazirabad (28.71000N, 77.18000E)",400 kV (Under Bidding),10002,Synthetic geometry constrained to approximate Delhi NCT study area,18.032,18.032,"LINESTRING (77.090000 28.850000, 77.113733 28.821862, 77.142133 28.775208, 77.161860 28.727983, 77.180000 28.710000)"
10003,20003,NR,Mock Punjabi Bagh - Badarpur 220 kV D/C Line 0003,220 kV,650,310.8,25.285,2,AAAC,Twin,Intra-State,Mock North Delhi Transmission Co.,Commissioned,2019,RTM,MOCK-NIP-00003,Yes,2019,2.0,Mock North Delhi Transmission Co.,18.0,4.0,12.0,"Mock coordinates: Punjabi Bagh (28.67000N, 77.13000E) to Badarpur (28.50000N, 77.30000E)",220 kV (Commissioned),10003,Synthetic geometry constrained to approximate Delhi NCT study area,25.285,25.285,"LINESTRING (77.130000 28.670000, 77.157459 28.639871, 77.217785 28.591137, 77.266182 28.528691, 77.300000 28.500000)"
10004,20004,NR,Mock Patparganj - Badarpur 220 kV D/C Line 0004,220 kV,550,0.0,14.561,2,ACSR Moose,Single,Intra-State,Mock Delhi Transmission Utility,Under Bidding,January 2027,RTM,MOCK-NIP-00004,No,January 2027,,,,,,"Mock coordinates: Patparganj (28.63000N, 77.29000E) to Badarpur (28.50000N, 77.30000E)",220 kV (Under Bidding),10004,Synthetic geometry constrained to approximate Delhi NCT study area,14.561,14.561,"LINESTRING (77.290000 28.630000, 77.286718 28.577762, 77.300000 28.500000)"
10005,20005,NR,Mock Dwarka - Shahdara 400 kV S/C Line 0005,400 kV,1200,847.1,26.898,1,AL 59 Zebra,Quad,ISTS,Mock Delhi Transmission Utility,Commissioned,2023,TBCB,MOCK-NIP-00005,No,2023,,,,,,"Mock coordinates: Dwarka (28.59000N, 77.03000E) to Shahdara (28.67000N, 77.29000E)",400 kV (Commissioned),10005,Synthetic geometry constrained to approximate Delhi NCT study area,26.898,26.898,"LINESTRING (77.030000 28.590000, 77.149655 28.629977, 77.290000 28.670000)"
10006,20006,NR,Mock Mundka - Vasant Kunj 220 kV S/C Line 0006,220 kV,450,0.0,23.508,1,AAAC,Single,Intra-State,Mock North Delhi Transmission Co.,Under Bidding,December 2027,RTM,MOCK-NIP-00006,Yes,December 2027,1.0,Mock North Delhi Transmission Co.,12.0,2.0,24.0,"Mock coordinates: Mundka (28.68000N, 76.98000E) to Vasant Kunj (28.54000N, 77.16000E)",220 kV (Under Bidding),10006,Synthetic geometry constrained to approximate Delhi NCT study area,23.508,23.508,"LINESTRING (76.980000 28.680000, 77.069767 28.617673, 77.160000 28.540000)"
10007,20007,NR,Mock Pusa - Mahipalpur 765 kV S/C Line 0007,765 kV,1900,1215.7,10.984,1,AL 59 Zebra,Quad,ISTS,Mock Inter-State Grid Delhi,Commissioned,2020,TBCB,MOCK-NIP-00007,No,2020,,,,,,"Mock coordinates: Pusa (28.64000N, 77.17000E) to Mahipalpur (28.55000N, 77.13000E)",765 kV (Commissioned),10007,Synthetic geometry constrained to approximate Delhi NCT study area,10.984,10.984,"LINESTRING (77.170000 28.640000, 77.162282 28.616611, 77.159670 28.590205, 77.143049 28.566708, 77.130000 28.550000)"
10008,20008,NR,Mock Lodhi Road - Rohini 220 kV S/C Line 0008,220 kV,250,98.3,19.851,1,ACSR Zebra,Twin,Intra-State,Mock North Delhi Transmission Co.,Commissioned,2020,RTM,MOCK-NIP-00008,No,2020,,,,,,"Mock coordinates: Lodhi Road (28.59000N, 77.22000E) to Rohini (28.74000N, 77.11000E)",220 kV (Commissioned),10008,Synthetic geometry constrained to approximate Delhi NCT study area,19.851,19.851,"LINESTRING (77.220000 28.590000, 77.200352 28.621954, 77.168562 28.664658, 77.134178 28.710504, 77.110000 28.740000)"
10009,20009,NR,Mock Mahipalpur - Punjabi Bagh 765 kV D/C Line 0009,765 kV,4150,2001.8,13.644,2,ACSR / AAAC / AL59,Quad,ISTS,Mock Powergrid Delhi,Commissioned,2021,RTM,MOCK-NIP-00009,Yes,2021,2.0,Mock Powergrid Delhi,12.0,2.0,24.0,"Mock coordinates: Mahipalpur (28.55000N, 77.13000E) to Punjabi Bagh (28.67000N, 77.13000E)",765 kV (Commissioned),10009,Synthetic geometry constrained to approximate Delhi NCT study area,13.644,13.644,"LINESTRING (77.130000 28.550000, 77.135164 28.572952, 77.143408 28.607694, 77.131106 28.645934, 77.130000 28.670000)"
10010,20010,NR,Mock Bawana - Mundka 220 kV D/C Line 0010,220 kV,950,0.0,15.046,2,ACSR Zebra,Single,Intra-State,Mock Delhi Transmission Utility,Under Construction,September 2028,RTM,MOCK-NIP-00010,No,September 2028,,,,,,"Mock coordinates: Bawana (28.80000N, 77.05000E) to Mundka (28.68000N, 76.98000E)",220 kV (Under Construction),10010,Synthetic geometry constrained to approximate Delhi NCT study area,15.046,15.046,"LINESTRING (77.050000 28.800000, 76.999426 28.725942, 76.980000 28.680000)"
10011,20011,NR,Mock Dwarka - Mundka 220 kV S/C Line 0011,220 kV,250,0.0,11.47,1,ACSR Zebra,Single,Intra-State,Mock South Delhi Transmission Co.,Under Construction,March 2026,RTM,MOCK-NIP-00011,Yes,March 2026,1.0,Mock South Delhi Transmission Co.,18.0,8.0,12.0,"Mock coordinates: Dwarka (28.59000N, 77.03000E) to Mundka (28.68000N, 76.98000E)",220 kV (Under Construction),10011,Synthetic geometry constrained to approximate Delhi NCT study area,11.47,11.47,"LINESTRING (77.030000 28.590000, 76.990490 28.632932, 76.980000 28.680000)"
10012,20012,NR,Mock Shahdara - Mahipalpur 220 kV S/C Line 0012,220 kV,450,210.4,20.544,1,ACSR Zebra,Twin,Intra-State,Mock South Delhi Transmission Co.,Commissioned,2025,RTM,MOCK-NIP-00012,No,2025,,,,,,"Mock coordinates: Shahdara (28.67000N, 77.29000E) to Mahipalpur (28.55000N, 77.13000E)",220 kV (Commissioned),10012,Synthetic geometry constrained to approximate Delhi NCT study area,20.544,20.544,"LINESTRING (77.290000 28.670000, 77.202028 28.602494, 77.130000 28.550000)"
10013,20013,NR,Mock Mayur Vihar - Mahipalpur 220 kV D/C Line 0013,220 kV,1000,688.6,17.961,2,AAAC,Twin,Intra-State,Mock North Delhi Transmission Co.,Commissioned,2018,RTM,MOCK-NIP-00013,No,2018,,,,,,"Mock coordinates: Mayur Vihar (28.61000N, 77.30000E) to Mahipalpur (28.55000N, 77.13000E)",220 kV (Commissioned),10013,Synthetic geometry constrained to approximate Delhi NCT study area,17.961,17.961,"LINESTRING (77.300000 28.610000, 77.268870 28.602411, 77.228127 28.592073, 77.169463 28.568147, 77.130000 28.550000)"
10014,20014,NR,Mock Bawana - Punjabi Bagh 220 kV S/C Line 0014,220 kV,400,0.0,16.469,1,ACSR Moose,Twin,Intra-State,Mock Delhi Transmission Utility,Under Bidding,December 2025,RTM,MOCK-NIP-00014,No,December 2025,,,,,,"Mock coordinates: Bawana (28.80000N, 77.05000E) to Punjabi Bagh (28.67000N, 77.13000E)",220 kV (Under Bidding),10014,Synthetic geometry constrained to approximate Delhi NCT study area,16.469,16.469,"LINESTRING (77.050000 28.800000, 77.089164 28.747582, 77.130000 28.670000)"
10015,20015,NR,Mock Bamnoli - Pusa 220 kV D/C Line 0015,220 kV,650,0.0,20.62,2,ACSR Zebra,Single,Intra-State,Mock Delhi Transmission Utility,Planned,September 2027,TBCB,MOCK-NIP-00015,Yes,September 2027,2.0,Mock Delhi Transmission Utility,24.0,2.0,12.0,"Mock coordinates: Bamnoli (28.53000N, 77.00000E) to Pusa (28.64000N, 77.17000E)",220 kV (Planned),10015,Synthetic geometry constrained to approximate Delhi NCT study area,20.62,20.62,"LINESTRING (77.000000 28.530000, 77.088403 28.588581, 77.170000 28.640000)"
10016,20016,NR,Mock Patparganj - Mayur Vihar 400 kV D/C Line 0016,400 kV,2100,1342.5,5.459,2,AL 59 Zebra,Twin Moose,Intra-State,Mock Inter-State Grid Delhi,Commissioned,2022,TBCB,MOCK-NIP-00016,No,2022,,,,,,"Mock coordinates: Patparganj (28.63000N, 77.29000E) to Mayur Vihar (28.61000N, 77.30000E)",400 kV (Commissioned),10016,Synthetic geometry constrained to approximate Delhi NCT study area,5.459,5.459,"LINESTRING (77.290000 28.630000, 77.294588 28.628891, 77.312944 28.634883, 77.309730 28.623279, 77.300000 28.610000)"
10017,20017,NR,Mock Wazirabad - Najafgarh 220 kV D/C Line 0017,220 kV,500,0.0,22.668,2,AAAC,Single,Intra-State,Mock South Delhi Transmission Co.,Under Construction,June 2028,TBCB,MOCK-NIP-00017,Yes,June 2028,2.0,Mock South Delhi Transmission Co.,12.0,2.0,24.0,"Mock coordinates: Wazirabad (28.71000N, 77.18000E) to Najafgarh (28.61000N, 76.98000E)",220 kV (Under Construction),10017,Synthetic geometry constrained to approximate Delhi NCT study area,22.668,22.668,"LINESTRING (77.180000 28.710000, 77.071521 28.671691, 76.980000 28.610000)"
10018,20018,NR,Mock Shahdara - Badarpur 220 kV S/C Line 0018,220 kV,300,206.2,19.285,1,AAAC,Single,Intra-State,Mock South Delhi Transmission Co.,Commissioned,2020,RTM,MOCK-NIP-00018,No,2020,,,,,,"Mock coordinates: Shahdara (28.67000N, 77.29000E) to Badarpur (28.50000N, 77.30000E)",220 kV (Commissioned),10018,Synthetic geometry constrained to approximate Delhi NCT study area,19.285,19.285,"LINESTRING (77.290000 28.670000, 77.291763 28.634441, 77.278587 28.580007, 77.291808 28.530470, 77.300000 28.500000)"
10019,20019,NR,Mock Shahdara - Dwarka 765 kV S/C Line 0019,765 kV,2300,0.0,26.891,1,ACSR / AAAC / AL59,Hexa,Intra-State,Mock Inter-State Grid Delhi,Under Bidding,March 2029,RTM,MOCK-NIP-00019,No,March 2029,,,,,,"Mock coordinates: Shahdara (28.67000N, 77.29000E) to Dwarka (28.59000N, 77.03000E)",765 kV (Under Bidding),10019,Synthetic geometry constrained to approximate Delhi NCT study area,26.891,26.891,"LINESTRING (77.290000 28.670000, 77.143506 28.625940, 77.030000 28.590000)"
10020,20020,NR,Mock Bamnoli - Mundka 220 kV D/C Line 0020,220 kV,700,0.0,17.171,2,ACSR Moose,Twin,Intra-State,Mock North Delhi Transmission Co.,Under Bidding,September 2025,RTM,MOCK-NIP-00020,Yes,September 2025,2.0,Mock North Delhi Transmission Co.,18.0,4.0,18.0,"Mock coordinates: Bamnoli (28.53000N, 77.00000E) to Mundka (28.68000N, 76.98000E)",220 kV (Under Bidding),10020,Synthetic geometry constrained to approximate Delhi NCT study area,17.171,17.171,"LINESTRING (77.000000 28.530000, 77.007143 28.614323, 76.980000 28.680000)"
10021,20021,NR,Mock Badarpur - Sarita Vihar 400 kV D/C Line 0021,400 kV,1600,0.0,4.926,2,ACSR Zebra,Twin Moose,Intra-State,Mock Inter-State Grid Delhi,Under Construction,December 2026,TBCB,MOCK-NIP-00021,No,December 2026,,,,,,"Mock coordinates: Badarpur (28.50000N, 77.30000E) to Sarita Vihar (28.53000N, 77.30000E)",400 kV (Under Construction),10021,Synthetic geometry constrained to approximate Delhi NCT study area,4.926,4.926,"LINESTRING (77.300000 28.500000, 77.305959 28.507930, 77.311539 28.526140, 77.301382 28.523482, 77.300000 28.530000)"
10022,20022,NR,Mock Mahipalpur - Wazirabad 220 kV S/C Line 0022,220 kV,300,240.4,18.622,1,ACSR Zebra,Single,Intra-State,Mock South Delhi Transmission Co.,Commissioned,2021,RTM,MOCK-NIP-00022,Yes,2021,1.0,Mock South Delhi Transmission Co.,24.0,8.0,12.0,"Mock coordinates: Mahipalpur (28.55000N, 77.13000E) to Wazirabad (28.71000N, 77.18000E)",220 kV (Commissioned),10022,Synthetic geometry constrained to approximate Delhi NCT study area,18.622,18.622,"LINESTRING (77.130000 28.550000, 77.140902 28.628037, 77.180000 28.710000)"
10023,20023,NR,Mock Okhla - Mayur Vihar 220 kV D/C Line 0023,220 kV,750,0.0,9.287,2,ACSR Zebra,Twin,Intra-State,Mock North Delhi Transmission Co.,Under Construction,September 2028,TBCB,MOCK-NIP-00023,No,September 2028,,,,,,"Mock coordinates: Okhla (28.53000N, 77.28000E) to Mayur Vihar (28.61000N, 77.30000E)",220 kV (Under Construction),10023,Synthetic geometry constrained to approximate Delhi NCT study area,9.287,9.287,"LINESTRING (77.280000 28.530000, 77.283301 28.580440, 77.300000 28.610000)"
10024,20024,NR,Mock Najafgarh - Pusa 220 kV S/C Line 0024,220 kV,250,105.2,18.856,1,AAAC,Single,Intra-State,Mock South Delhi Transmission Co.,Commissioned,2025,TBCB,MOCK-NIP-00024,No,2025,,,,,,"Mock coordinates: Najafgarh (28.61000N, 76.98000E) to Pusa (28.64000N, 77.17000E)",220 kV (Commissioned),10024,Synthetic geometry constrained to approximate Delhi NCT study area,18.856,18.856,"LINESTRING (76.980000 28.610000, 77.077488 28.622182, 77.170000 28.640000)"
10025,20025,NR,Mock Najafgarh - Ridge 220 kV S/C Line 0025,220 kV,250,0.0,20.146,1,ACSR Zebra,Twin,Intra-State,Mock Delhi Transmission Utility,Under Construction,December 2028,RTM,MOCK-NIP-00025,Yes,December 2028,1.0,Mock Delhi Transmission Utility,12.0,8.0,18.0,"Mock coordinates: Najafgarh (28.61000N, 76.98000E) to Ridge (28.68000N, 77.17000E)",220 kV (Under Construction),10025,Synthetic geometry constrained to approximate Delhi NCT study area,20.146,20.146,"LINESTRING (76.980000 28.610000, 77.060053 28.645464, 77.170000 28.680000)"
10026,20026,NR,Mock Ridge - Dwarka 220 kV S/C Line 0026,220 kV,350,0.0,17.006,1,ACSR Zebra,Single,Intra-State,Mock Delhi Transmission Utility,Under Bidding,March 2029,TBCB,MOCK-NIP-00026,Yes,March 2029,1.0,Mock Delhi Transmission Utility,12.0,8.0,12.0,"Mock coordinates: Ridge (28.68000N, 77.17000E) to Dwarka (28.59000N, 77.03000E)",220 kV (Under Bidding),10026,Synthetic geometry constrained to approximate Delhi NCT study area,17.006,17.006,"LINESTRING (77.170000 28.680000, 77.107860 28.631519, 77.030000 28.590000)"
10027,20027,NR,Mock Patparganj - Lodhi Road 400 kV D/C Line 0027,400 kV,1950,0.0,8.156,2,ACSR Zebra,Quad,Intra-State,Mock Inter-State Grid Delhi,Under Construction,March 2027,TBCB,MOCK-NIP-00027,No,March 2027,,,,,,"Mock coordinates: Patparganj (28.63000N, 77.29000E) to Lodhi Road (28.59000N, 77.22000E)",400 kV (Under Construction),10027,Synthetic geometry constrained to approximate Delhi NCT study area,8.156,8.156,"LINESTRING (77.290000 28.630000, 77.256121 28.611768, 77.220000 28.590000)"
10028,20028,NR,Mock Mahipalpur - Punjabi Bagh 400 kV S/C Line 0028,400 kV,1150,570.8,13.344,1,ACSR Zebra,Twin Moose,ISTS,Mock Inter-State Grid Delhi,Commissioned,2021,RTM,MOCK-NIP-00028,Yes,2021,1.0,Mock Inter-State Grid Delhi,36.0,6.0,24.0,"Mock coordinates: Mahipalpur (28.55000N, 77.13000E) to Punjabi Bagh (28.67000N, 77.13000E)",400 kV (Commissioned),10028,Synthetic geometry constrained to approximate Delhi NCT study area,13.344,13.344,"LINESTRING (77.130000 28.550000, 77.129445 28.602177, 77.130000 28.670000)"
10029,20029,NR,Mock Patparganj - Badarpur 400 kV S/C Line 0029,400 kV,700,0.0,14.788,1,ACSR Zebra,Quad,ISTS,Mock Inter-State Grid Delhi,Under Bidding,September 2028,TBCB,MOCK-NIP-00029,Yes,September 2028,1.0,Mock Inter-State Grid Delhi,18.0,8.0,12.0,"Mock coordinates: Patparganj (28.63000N, 77.29000E) to Badarpur (28.50000N, 77.30000E)",400 kV (Under Bidding),10029,Synthetic geometry constrained to approximate Delhi NCT study area,14.788,14.788,"LINESTRING (77.290000 28.630000, 77.279242 28.574987, 77.300000 28.500000)"
10030,20030,NR,Mock Mahipalpur - Lodhi Road 400 kV S/C Line 0030,400 kV,1050,0.0,9.87,1,ACSR Moose,Twin Moose,Intra-State,Mock Delhi Transmission Utility,Under Bidding,March 2028,RTM,MOCK-NIP-00030,No,March 2028,,,,,,"Mock coordinates: Mahipalpur (28.55000N, 77.13000E) to Lodhi Road (28.59000N, 77.22000E)",400 kV (Under Bidding),10030,Synthetic geometry constrained to approximate Delhi NCT study area,9.87,9.87,"LINESTRING (77.130000 28.550000, 77.174483 28.566666, 77.220000 28.590000)"
10031,20031,NR,Mock Najafgarh - Bawana 220 kV D/C Line 0031,220 kV,900,391.4,22.238,2,ACSR Zebra,Single,Intra-State,Mock North Delhi Transmission Co.,Commissioned,2018,TBCB,MOCK-NIP-00031,No,2018,,,,,,"Mock coordinates: Najafgarh (28.61000N, 76.98000E) to Bawana (28.80000N, 77.05000E)",220 kV (Commissioned),10031,Synthetic geometry constrained to approximate Delhi NCT study area,22.238,22.238,"LINESTRING (76.980000 28.610000, 77.006366 28.699821, 77.050000 28.800000)"
10032,20032,NR,Mock Badarpur - Okhla 400 kV S/C Line 0032,400 kV,1000,414.7,4.317,1,AL 59 Zebra,Quad,ISTS,Mock Delhi Transmission Utility,Commissioned,2021,RTM,MOCK-NIP-00032,Yes,2021,1.0,Mock Delhi Transmission Utility,24.0,6.0,12.0,"Mock coordinates: Badarpur (28.50000N, 77.30000E) to Okhla (28.53000N, 77.28000E)",400 kV (Commissioned),10032,Synthetic geometry constrained to approximate Delhi NCT study area,4.317,4.317,"LINESTRING (77.300000 28.500000, 77.295405 28.523437, 77.280000 28.530000)"
10033,20033,NR,Mock Punjabi Bagh - Wazirabad 220 kV D/C Line 0033,220 kV,700,521.5,7.24,2,ACSR Zebra,Twin,Intra-State,Mock North Delhi Transmission Co.,Commissioned,2021,TBCB,MOCK-NIP-00033,No,2021,,,,,,"Mock coordinates: Punjabi Bagh (28.67000N, 77.13000E) to Wazirabad (28.71000N, 77.18000E)",220 kV (Commissioned),10033,Synthetic geometry constrained to approximate Delhi NCT study area,7.24,7.24,"LINESTRING (77.130000 28.670000, 77.165001 28.679913, 77.180000 28.710000)"
10034,20034,NR,Mock Wazirabad - Okhla 220 kV D/C Line 0034,220 kV,950,731.1,22.505,2,AAAC,Single,Intra-State,Mock North Delhi Transmission Co.,Commissioned,2020,TBCB,MOCK-NIP-00034,Yes,2020,2.0,Mock North Delhi Transmission Co.,36.0,4.0,24.0,"Mock coordinates: Wazirabad (28.71000N, 77.18000E) to Okhla (28.53000N, 77.28000E)",220 kV (Commissioned),10034,Synthetic geometry constrained to approximate Delhi NCT study area,22.505,22.505,"LINESTRING (77.180000 28.710000, 77.207720 28.682946, 77.242611 28.623012, 77.265080 28.561695, 77.280000 28.530000)"
10035,20035,NR,Mock Lodhi Road - Okhla 220 kV D/C Line 0035,220 kV,750,475.5,9.223,2,ACSR Zebra,Single,Intra-State,Mock Delhi Transmission Utility,Commissioned,2024,RTM,MOCK-NIP-00035,Yes,2024,2.0,Mock Delhi Transmission Utility,24.0,2.0,18.0,"Mock coordinates: Lodhi Road (28.59000N, 77.22000E) to Okhla (28.53000N, 77.28000E)",220 kV (Commissioned),10035,Synthetic geometry constrained to approximate Delhi NCT study area,9.223,9.223,"LINESTRING (77.220000 28.590000, 77.254173 28.572589, 77.280000 28.530000)"
10036,20036,NR,Mock Okhla - Bamnoli 220 kV S/C Line 0036,220 kV,500,205.3,27.376,1,AAAC,Twin,Intra-State,Mock South Delhi Transmission Co.,Commissioned,2025,TBCB,MOCK-NIP-00036,No,2025,,,,,,"Mock coordinates: Okhla (28.53000N, 77.28000E) to Bamnoli (28.53000N, 77.00000E)",220 kV (Commissioned),10036,Synthetic geometry constrained to approximate Delhi NCT study area,27.376,27.376,"LINESTRING (77.280000 28.530000, 77.228199 28.529630, 77.139552 28.525645, 77.053404 28.529145, 77.000000 28.530000)"
10037,20037,NR,Mock Patparganj - Ridge 220 kV D/C Line 0037,220 kV,1000,480.3,13.25,2,ACSR Moose,Single,Intra-State,Mock South Delhi Transmission Co.,Commissioned,2022,TBCB,MOCK-NIP-00037,No,2022,,,,,,"Mock coordinates: Patparganj (28.63000N, 77.29000E) to Ridge (28.68000N, 77.17000E)",220 kV (Commissioned),10037,Synthetic geometry constrained to approximate Delhi NCT study area,13.25,13.25,"LINESTRING (77.290000 28.630000, 77.212621 28.648827, 77.170000 28.680000)"
10038,20038,NR,Mock Vasant Kunj - Badarpur 400 kV S/C Line 0038,400 kV,900,732.1,14.407,1,ACSR Moose,Quad,ISTS,Mock Inter-State Grid Delhi,Commissioned,2022,TBCB,MOCK-NIP-00038,No,2022,,,,,,"Mock coordinates: Vasant Kunj (28.54000N, 77.16000E) to Badarpur (28.50000N, 77.30000E)",400 kV (Commissioned),10038,Synthetic geometry constrained to approximate Delhi NCT study area,14.407,14.407,"LINESTRING (77.160000 28.540000, 77.220299 28.526639, 77.300000 28.500000)"
10039,20039,NR,Mock Najafgarh - Dwarka 400 kV D/C Line 0039,400 kV,1750,1332.2,6.007,2,ACSR Zebra,Quad,ISTS,Mock Delhi Transmission Utility,Commissioned,2018,TBCB,MOCK-NIP-00039,No,2018,,,,,,"Mock coordinates: Najafgarh (28.61000N, 76.98000E) to Dwarka (28.59000N, 77.03000E)",400 kV (Commissioned),10039,Synthetic geometry constrained to approximate Delhi NCT study area,6.007,6.007,"LINESTRING (76.980000 28.610000, 76.988320 28.607499, 76.987509 28.601024, 77.017497 28.589374, 77.030000 28.590000)"
10040,20040,NR,Mock Mayur Vihar - Wazirabad 220 kV S/C Line 0040,220 kV,400,200.9,16.223,1,ACSR Moose,Single,Intra-State,Mock North Delhi Transmission Co.,Commissioned,2022,RTM,MOCK-NIP-00040,No,2022,,,,,,"Mock coordinates: Mayur Vihar (28.61000N, 77.30000E) to Wazirabad (28.71000N, 77.18000E)",220 kV (Commissioned),10040,Synthetic geometry constrained to approximate Delhi NCT study area,16.223,16.223,"LINESTRING (77.300000 28.610000, 77.284612 28.621101, 77.251596 28.657021, 77.200849 28.692212, 77.180000 28.710000)"
10041,20041,NR,Mock Ridge - Shahdara 400 kV S/C Line 0041,400 kV,1200,0.0,11.779,1,AL 59 Zebra,Twin Moose,ISTS,Mock Inter-State Grid Delhi,Under Construction,March 2025,RTM,MOCK-NIP-00041,Yes,March 2025,1.0,Mock Inter-State Grid Delhi,36.0,8.0,18.0,"Mock coordinates: Ridge (28.68000N, 77.17000E) to Shahdara (28.67000N, 77.29000E)",400 kV (Under Construction),10041,Synthetic geometry constrained to approximate Delhi NCT study area,11.779,11.779,"LINESTRING (77.170000 28.680000, 77.222994 28.678631, 77.290000 28.670000)"
10042,20042,NR,Mock Bawana - Mundka 220 kV S/C Line 0042,220 kV,350,0.0,15.002,1,AAAC,Twin,Intra-State,Mock South Delhi Transmission Co.,Planned,June 2026,RTM,MOCK-NIP-00042,No,June 2026,,,,,,"Mock coordinates: Bawana (28.80000N, 77.05000E) to Mundka (28.68000N, 76.98000E)",220 kV (Planned),10042,Synthetic geometry constrained to approximate Delhi NCT study area,15.002,15.002,"LINESTRING (77.050000 28.800000, 77.007372 28.733482, 76.980000 28.680000)"
10043,20043,NR,Mock Mundka - Bawana 400 kV D/C Line 0043,400 kV,1650,895.8,15.423,2,AL 59 Zebra,Quad,ISTS,Mock Inter-State Grid Delhi,Commissioned,2025,TBCB,MOCK-NIP-00043,No,2025,,,,,,"Mock coordinates: Mundka (28.68000N, 76.98000E) to Bawana (28.80000N, 77.05000E)",400 kV (Commissioned),10043,Synthetic geometry constrained to approximate Delhi NCT study area,15.423,15.423,"LINESTRING (76.980000 28.680000, 76.999147 28.748779, 77.050000 28.800000)"
10044,20044,NR,Mock Punjabi Bagh - Bawana 220 kV S/C Line 0044,220 kV,300,0.0,16.724,1,AAAC,Single,Intra-State,Mock South Delhi Transmission Co.,Planned,March 2025,RTM,MOCK-NIP-00044,No,March 2025,,,,,,"Mock coordinates: Punjabi Bagh (28.67000N, 77.13000E) to Bawana (28.80000N, 77.05000E)",220 kV (Planned),10044,Synthetic geometry constrained to approximate Delhi NCT study area,16.724,16.724,"LINESTRING (77.130000 28.670000, 77.104019 28.742036, 77.050000 28.800000)"
10045,20045,NR,Mock Mayur Vihar - Shahdara 220 kV D/C Line 0045,220 kV,1000,497.5,6.99,2,ACSR Moose,Single,Intra-State,Mock Delhi Transmission Utility,Commissioned,2018,RTM,MOCK-NIP-00045,Yes,2018,2.0,Mock Delhi Transmission Utility,36.0,2.0,18.0,"Mock coordinates: Mayur Vihar (28.61000N, 77.30000E) to Shahdara (28.67000N, 77.29000E)",220 kV (Commissioned),10045,Synthetic geometry constrained to approximate Delhi NCT study area,6.99,6.99,"LINESTRING (77.300000 28.610000, 77.301183 28.626486, 77.300454 28.652482, 77.293560 28.658964, 77.290000 28.670000)"
10046,20046,NR,Mock Mahipalpur - Shahdara 400 kV S/C Line 0046,400 kV,1200,0.0,20.779,1,AL 59 Zebra,Quad,Intra-State,Mock Inter-State Grid Delhi,Under Construction,September 2028,TBCB,MOCK-NIP-00046,Yes,September 2028,1.0,Mock Inter-State Grid Delhi,18.0,6.0,24.0,"Mock coordinates: Mahipalpur (28.55000N, 77.13000E) to Shahdara (28.67000N, 77.29000E)",400 kV (Under Construction),10046,Synthetic geometry constrained to approximate Delhi NCT study area,20.779,20.779,"LINESTRING (77.130000 28.550000, 77.196173 28.618176, 77.290000 28.670000)"
10047,20047,NR,Mock Mundka - Najafgarh 220 kV D/C Line 0047,220 kV,1000,411.4,8.065,2,ACSR Moose,Twin,Intra-State,Mock Delhi Transmission Utility,Commissioned,2022,TBCB,MOCK-NIP-00047,No,2022,,,,,,"Mock coordinates: Mundka (28.68000N, 76.98000E) to Najafgarh (28.61000N, 76.98000E)",220 kV (Commissioned),10047,Synthetic geometry constrained to approximate Delhi NCT study area,8.065,8.065,"LINESTRING (76.980000 28.680000, 76.984898 28.671138, 76.977772 28.650948, 76.976092 28.620232, 76.980000 28.610000)"
10048,20048,NR,Mock Shahdara - Punjabi Bagh 220 kV S/C Line 0048,220 kV,500,0.0,15.708,1,ACSR Zebra,Single,Intra-State,Mock North Delhi Transmission Co.,Under Bidding,June 2027,TBCB,MOCK-NIP-00048,Yes,June 2027,1.0,Mock North Delhi Transmission Co.,36.0,4.0,18.0,"Mock coordinates: Shahdara (28.67000N, 77.29000E) to Punjabi Bagh (28.67000N, 77.13000E)",220 kV (Under Bidding),10048,Synthetic geometry constrained to approximate Delhi NCT study area,15.708,15.708,"LINESTRING (77.290000 28.670000, 77.227289 28.662312, 77.130000 28.670000)"
10049,20049,NR,Mock Pusa - Mayur Vihar 220 kV D/C Line 0049,220 kV,600,0.0,13.12,2,ACSR Moose,Twin,Intra-State,Mock South Delhi Transmission Co.,Under Bidding,June 2025,RTM,MOCK-NIP-00049,No,June 2025,,,,,,"Mock coordinates: Pusa (28.64000N, 77.17000E) to Mayur Vihar (28.61000N, 77.30000E)",220 kV (Under Bidding),10049,Synthetic geometry constrained to approximate Delhi NCT study area,13.12,13.12,"LINESTRING (77.170000 28.640000, 77.229424 28.626558, 77.300000 28.610000)"
10050,20050,NR,Mock Mayur Vihar - Pusa 400 kV S/C Line 0050,400 kV,1100,770.9,13.12,1,ACSR Moose,Quad,ISTS,Mock Delhi Transmission Utility,Commissioned,2019,RTM,MOCK-NIP-00050,No,2019,,,,,,"Mock coordinates: Mayur Vihar (28.61000N, 77.30000E) to Pusa (28.64000N, 77.17000E)",400 kV (Commissioned),10050,Synthetic geometry constrained to approximate Delhi NCT study area,13.12,13.12,"LINESTRING (77.300000 28.610000, 77.249883 28.621437, 77.170000 28.640000)"
10051,20051,NR,Mock Patparganj - Rohini 220 kV D/C Line 0051,220 kV,600,0.0,21.403,2,AAAC,Single,Intra-State,Mock North Delhi Transmission Co.,Under Bidding,June 2025,TBCB,MOCK-NIP-00051,No,June 2025,,,,,,"Mock coordinates: Patparganj (28.63000N, 77.29000E) to Rohini (28.74000N, 77.11000E)",220 kV (Under Bidding),10051,Synthetic geometry constrained to approximate Delhi NCT study area,21.403,21.403,"LINESTRING (77.290000 28.630000, 77.208008 28.682299, 77.110000 28.740000)"
10052,20052,NR,Mock Pusa - Sarita Vihar 220 kV S/C Line 0052,220 kV,400,0.0,17.853,1,ACSR Moose,Twin,Intra-State,Mock Delhi Transmission Utility,Under Construction,January 2025,TBCB,MOCK-NIP-00052,No,January 2025,,,,,,"Mock coordinates: Pusa (28.64000N, 77.17000E) to Sarita Vihar (28.53000N, 77.30000E)",220 kV (Under Construction),10052,Synthetic geometry constrained to approximate Delhi NCT study area,17.853,17.853,"LINESTRING (77.170000 28.640000, 77.251349 28.588804, 77.300000 28.530000)"
10053,20053,NR,Mock Patparganj - Dwarka 220 kV S/C Line 0053,220 kV,400,199.5,25.926,1,ACSR Moose,Twin,Intra-State,Mock Delhi Transmission Utility,Commissioned,2020,TBCB,MOCK-NIP-00053,No,2020,,,,,,"Mock coordinates: Patparganj (28.63000N, 77.29000E) to Dwarka (28.59000N, 77.03000E)",220 kV (Commissioned),10053,Synthetic geometry constrained to approximate Delhi NCT study area,25.926,25.926,"LINESTRING (77.290000 28.630000, 77.250498 28.624756, 77.166984 28.622103, 77.076443 28.596983, 77.030000 28.590000)"
10054,20054,NR,Mock Bamnoli - Okhla 400 kV D/C Line 0054,400 kV,2400,0.0,27.355,2,AL 59 Zebra,Quad,ISTS,Mock Delhi Transmission Utility,Planned,September 2027,RTM,MOCK-NIP-00054,No,September 2027,,,,,,"Mock coordinates: Bamnoli (28.53000N, 77.00000E) to Okhla (28.53000N, 77.28000E)",400 kV (Planned),10054,Synthetic geometry constrained to approximate Delhi NCT study area,27.355,27.355,"LINESTRING (77.000000 28.530000, 77.144965 28.528787, 77.280000 28.530000)"
10055,20055,NR,Mock Patparganj - Punjabi Bagh 220 kV D/C Line 0055,220 kV,900,429.0,16.481,2,ACSR Zebra,Single,Intra-State,Mock South Delhi Transmission Co.,Commissioned,2022,TBCB,MOCK-NIP-00055,No,2022,,,,,,"Mock coordinates: Patparganj (28.63000N, 77.29000E) to Punjabi Bagh (28.67000N, 77.13000E)",220 kV (Commissioned),10055,Synthetic geometry constrained to approximate Delhi NCT study area,16.481,16.481,"LINESTRING (77.290000 28.630000, 77.202876 28.664981, 77.130000 28.670000)"
10056,20056,NR,Mock Narela - Bawana 400 kV S/C Line 0056,400 kV,950,0.0,6.969,1,AL 59 Zebra,Quad,Intra-State,Mock Inter-State Grid Delhi,Under Construction,January 2026,RTM,MOCK-NIP-00056,No,January 2026,,,,,,"Mock coordinates: Narela (28.85000N, 77.09000E) to Bawana (28.80000N, 77.05000E)",400 kV (Under Construction),10056,Synthetic geometry constrained to approximate Delhi NCT study area,6.969,6.969,"LINESTRING (77.090000 28.850000, 77.084782 28.832355, 77.050000 28.800000)"
10057,20057,NR,Mock Bawana - Najafgarh 220 kV D/C Line 0057,220 kV,500,240.4,22.392,2,AAAC,Single,Intra-State,Mock North Delhi Transmission Co.,Commissioned,2022,RTM,MOCK-NIP-00057,Yes,2022,2.0,Mock North Delhi Transmission Co.,18.0,6.0,18.0,"Mock coordinates: Bawana (28.80000N, 77.05000E) to Najafgarh (28.61000N, 76.98000E)",220 kV (Commissioned),10057,Synthetic geometry constrained to approximate Delhi NCT study area,22.392,22.392,"LINESTRING (77.050000 28.800000, 77.025390 28.691001, 76.980000 28.610000)"
10058,20058,NR,Mock Vasant Kunj - Shahdara 220 kV D/C Line 0058,220 kV,500,367.1,19.364,2,ACSR Moose,Twin,Intra-State,Mock North Delhi Transmission Co.,Commissioned,2022,RTM,MOCK-NIP-00058,Yes,2022,2.0,Mock North Delhi Transmission Co.,36.0,6.0,12.0,"Mock coordinates: Vasant Kunj (28.54000N, 77.16000E) to Shahdara (28.67000N, 77.29000E)",220 kV (Commissioned),10058,Synthetic geometry constrained to approximate Delhi NCT study area,19.364,19.364,"LINESTRING (77.160000 28.540000, 77.189633 28.559125, 77.235952 28.604050, 77.273199 28.649010, 77.290000 28.670000)"
10059,20059,NR,Mock Bamnoli - Okhla 400 kV S/C Line 0059,400 kV,1000,0.0,27.474,1,ACSR Moose,Twin Moose,ISTS,Mock Inter-State Grid Delhi,Under Construction,January 2025,TBCB,MOCK-NIP-00059,No,January 2025,,,,,,"Mock coordinates: Bamnoli (28.53000N, 77.00000E) to Okhla (28.53000N, 77.28000E)",400 kV (Under Construction),10059,Synthetic geometry constrained to approximate Delhi NCT study area,27.474,27.474,"LINESTRING (77.000000 28.530000, 77.122901 28.541527, 77.280000 28.530000)"
10060,20060,NR,Mock Mayur Vihar - Wazirabad 220 kV S/C Line 0060,220 kV,350,0.0,16.295,1,ACSR Moose,Single,Intra-State,Mock South Delhi Transmission Co.,Under Bidding,June 2025,RTM,MOCK-NIP-00060,No,June 2025,,,,,,"Mock coordinates: Mayur Vihar (28.61000N, 77.30000E) to Wazirabad (28.71000N, 77.18000E)",220 kV (Under Bidding),10060,Synthetic geometry constrained to approximate Delhi NCT study area,16.295,16.295,"LINESTRING (77.300000 28.610000, 77.273368 28.633612, 77.225499 28.671618, 77.198842 28.701918, 77.180000 28.710000)"
10061,20061,NR,Mock Dwarka - Pusa 765 kV D/C Line 0061,765 kV,3700,1749.5,14.829,2,AL 59 Zebra,Quad,ISTS,Mock Powergrid Delhi,Commissioned,2019,RTM,MOCK-NIP-00061,Yes,2019,2.0,Mock Powergrid Delhi,12.0,2.0,18.0,"Mock coordinates: Dwarka (28.59000N, 77.03000E) to Pusa (28.64000N, 77.17000E)",765 kV (Commissioned),10061,Synthetic geometry constrained to approximate Delhi NCT study area,14.829,14.829,"LINESTRING (77.030000 28.590000, 77.098009 28.607083, 77.170000 28.640000)"
10062,20062,NR,Mock Bamnoli - Mundka 220 kV S/C Line 0062,220 kV,450,0.0,16.888,1,ACSR Moose,Twin,Intra-State,Mock Delhi Transmission Utility,Under Bidding,March 2026,TBCB,MOCK-NIP-00062,No,March 2026,,,,,,"Mock coordinates: Bamnoli (28.53000N, 77.00000E) to Mundka (28.68000N, 76.98000E)",220 kV (Under Bidding),10062,Synthetic geometry constrained to approximate Delhi NCT study area,16.888,16.888,"LINESTRING (77.000000 28.530000, 77.000331 28.596156, 76.980000 28.680000)"
10063,20063,NR,Mock Pusa - Mahipalpur 220 kV D/C Line 0063,220 kV,750,0.0,11.136,2,ACSR Zebra,Single,Intra-State,Mock Delhi Transmission Utility,Under Bidding,September 2026,TBCB,MOCK-NIP-00063,Yes,September 2026,2.0,Mock Delhi Transmission Utility,12.0,2.0,18.0,"Mock coordinates: Pusa (28.64000N, 77.17000E) to Mahipalpur (28.55000N, 77.13000E)",220 kV (Under Bidding),10063,Synthetic geometry constrained to approximate Delhi NCT study area,11.136,11.136,"LINESTRING (77.170000 28.640000, 77.160746 28.583298, 77.130000 28.550000)"
10064,20064,NR,Mock Patparganj - Ridge 220 kV S/C Line 0064,220 kV,300,0.0,12.963,1,ACSR Zebra,Twin,Intra-State,Mock South Delhi Transmission Co.,Under Construction,September 2028,TBCB,MOCK-NIP-00064,No,September 2028,,,,,,"Mock coordinates: Patparganj (28.63000N, 77.29000E) to Ridge (28.68000N, 77.17000E)",220 kV (Under Construction),10064,Synthetic geometry constrained to approximate Delhi NCT study area,12.963,12.963,"LINESTRING (77.290000 28.630000, 77.225033 28.657810, 77.170000 28.680000)"
10065,20065,NR,Mock Shahdara - Wazirabad 400 kV D/C Line 0065,400 kV,2400,1439.2,11.957,2,ACSR Moose,Quad,ISTS,Mock Inter-State Grid Delhi,Commissioned,2021,TBCB,MOCK-NIP-00065,No,2021,,,,,,"Mock coordinates: Shahdara (28.67000N, 77.29000E) to Wazirabad (28.71000N, 77.18000E)",400 kV (Commissioned),10065,Synthetic geometry constrained to approximate Delhi NCT study area,11.957,11.957,"LINESTRING (77.290000 28.670000, 77.265597 28.682601, 77.234650 28.702291, 77.193916 28.704602, 77.180000 28.710000)"
10066,20066,NR,Mock Bamnoli - Vasant Kunj 220 kV D/C Line 0066,220 kV,1000,581.9,15.671,2,ACSR Zebra,Single,Intra-State,Mock North Delhi Transmission Co.,Commissioned,2019,TBCB,MOCK-NIP-00066,No,2019,,,,,,"Mock coordinates: Bamnoli (28.53000N, 77.00000E) to Vasant Kunj (28.54000N, 77.16000E)",220 kV (Commissioned),10066,Synthetic geometry constrained to approximate Delhi NCT study area,15.671,15.671,"LINESTRING (77.000000 28.530000, 77.074202 28.533605, 77.160000 28.540000)"
10067,20067,NR,Mock Rohini - Pusa 220 kV D/C Line 0067,220 kV,700,0.0,12.695,2,AAAC,Single,Intra-State,Mock North Delhi Transmission Co.,Under Construction,June 2025,TBCB,MOCK-NIP-00067,No,June 2025,,,,,,"Mock coordinates: Rohini (28.74000N, 77.11000E) to Pusa (28.64000N, 77.17000E)",220 kV (Under Construction),10067,Synthetic geometry constrained to approximate Delhi NCT study area,12.695,12.695,"LINESTRING (77.110000 28.740000, 77.125476 28.697164, 77.170000 28.640000)"
10068,20068,NR,Mock Punjabi Bagh - Vasant Kunj 220 kV D/C Line 0068,220 kV,600,293.1,14.811,2,ACSR Zebra,Single,Intra-State,Mock North Delhi Transmission Co.,Commissioned,2022,RTM,MOCK-NIP-00068,No,2022,,,,,,"Mock coordinates: Punjabi Bagh (28.67000N, 77.13000E) to Vasant Kunj (28.54000N, 77.16000E)",220 kV (Commissioned),10068,Synthetic geometry constrained to approximate Delhi NCT study area,14.811,14.811,"LINESTRING (77.130000 28.670000, 77.135262 28.644759, 77.139659 28.607338, 77.148179 28.567713, 77.160000 28.540000)"
10069,20069,NR,Mock Vasant Kunj - Shahdara 220 kV S/C Line 0069,220 kV,450,277.7,19.33,1,AAAC,Single,Intra-State,Mock North Delhi Transmission Co.,Commissioned,2019,TBCB,MOCK-NIP-00069,Yes,2019,1.0,Mock North Delhi Transmission Co.,12.0,4.0,12.0,"Mock coordinates: Vasant Kunj (28.54000N, 77.16000E) to Shahdara (28.67000N, 77.29000E)",220 kV (Commissioned),10069,Synthetic geometry constrained to approximate Delhi NCT study area,19.33,19.33,"LINESTRING (77.160000 28.540000, 77.182761 28.554240, 77.219637 28.595442, 77.268265 28.649566, 77.290000 28.670000)"
10070,20070,NR,Mock Punjabi Bagh - Bawana 220 kV D/C Line 0070,220 kV,950,540.1,16.429,2,ACSR Moose,Twin,Intra-State,Mock Delhi Transmission Utility,Commissioned,2025,RTM,MOCK-NIP-00070,Yes,2025,2.0,Mock Delhi Transmission Utility,24.0,2.0,12.0,"Mock coordinates: Punjabi Bagh (28.67000N, 77.13000E) to Bawana (28.80000N, 77.05000E)",220 kV (Commissioned),10070,Synthetic geometry constrained to approximate Delhi NCT study area,16.429,16.429,"LINESTRING (77.130000 28.670000, 77.096263 28.728163, 77.050000 28.800000)"
10071,20071,NR,Mock Sarita Vihar - Lodhi Road 400 kV D/C Line 0071,400 kV,2300,1278.2,10.871,2,ACSR Moose,Quad,ISTS,Mock Delhi Transmission Utility,Commissioned,2024,RTM,MOCK-NIP-00071,No,2024,,,,,,"Mock coordinates: Sarita Vihar (28.53000N, 77.30000E) to Lodhi Road (28.59000N, 77.22000E)",400 kV (Commissioned),10071,Synthetic geometry constrained to approximate Delhi NCT study area,10.871,10.871,"LINESTRING (77.300000 28.530000, 77.243972 28.551133, 77.220000 28.590000)"
10072,20072,NR,Mock Bamnoli - Lodhi Road 220 kV S/C Line 0072,220 kV,300,245.6,22.518,1,AAAC,Single,Intra-State,Mock North Delhi Transmission Co.,Commissioned,2024,RTM,MOCK-NIP-00072,No,2024,,,,,,"Mock coordinates: Bamnoli (28.53000N, 77.00000E) to Lodhi Road (28.59000N, 77.22000E)",220 kV (Commissioned),10072,Synthetic geometry constrained to approximate Delhi NCT study area,22.518,22.518,"LINESTRING (77.000000 28.530000, 77.112114 28.565041, 77.220000 28.590000)"
10073,20073,NR,Mock Vasant Kunj - Najafgarh 220 kV S/C Line 0073,220 kV,300,181.3,19.41,1,ACSR Moose,Single,Intra-State,Mock South Delhi Transmission Co.,Commissioned,2021,TBCB,MOCK-NIP-00073,No,2021,,,,,,"Mock coordinates: Vasant Kunj (28.54000N, 77.16000E) to Najafgarh (28.61000N, 76.98000E)",220 kV (Commissioned),10073,Synthetic geometry constrained to approximate Delhi NCT study area,19.41,19.41,"LINESTRING (77.160000 28.540000, 77.132675 28.556666, 77.066581 28.588986, 77.012579 28.600987, 76.980000 28.610000)"
10074,20074,NR,Mock Okhla - Ridge 400 kV S/C Line 0074,400 kV,750,534.4,19.954,1,AL 59 Zebra,Twin Moose,Intra-State,Mock Delhi Transmission Utility,Commissioned,2020,TBCB,MOCK-NIP-00074,Yes,2020,1.0,Mock Delhi Transmission Utility,36.0,8.0,24.0,"Mock coordinates: Okhla (28.53000N, 77.28000E) to Ridge (28.68000N, 77.17000E)",400 kV (Commissioned),10074,Synthetic geometry constrained to approximate Delhi NCT study area,19.954,19.954,"LINESTRING (77.280000 28.530000, 77.256688 28.561231, 77.213053 28.605314, 77.183261 28.656589, 77.170000 28.680000)"
10075,20075,NR,Mock Ridge - Patparganj 765 kV D/C Line 0075,765 kV,3850,0.0,13.271,2,ACSR / AAAC / AL59,Hexa,ISTS,Mock Powergrid Delhi,Under Bidding,June 2027,RTM,MOCK-NIP-00075,No,June 2027,,,,,,"Mock coordinates: Ridge (28.68000N, 77.17000E) to Patparganj (28.63000N, 77.29000E)",765 kV (Under Bidding),10075,Synthetic geometry constrained to approximate Delhi NCT study area,13.271,13.271,"LINESTRING (77.170000 28.680000, 77.236521 28.666461, 77.290000 28.630000)"
10076,20076,NR,Mock Badarpur - Lodhi Road 220 kV D/C Line 0076,220 kV,600,393.6,13.06,2,ACSR Moose,Twin,Intra-State,Mock South Delhi Transmission Co.,Commissioned,2025,RTM,MOCK-NIP-00076,No,2025,,,,,,"Mock coordinates: Badarpur (28.50000N, 77.30000E) to Lodhi Road (28.59000N, 77.22000E)",220 kV (Commissioned),10076,Synthetic geometry constrained to approximate Delhi NCT study area,13.06,13.06,"LINESTRING (77.300000 28.500000, 77.279060 28.512793, 77.244671 28.543852, 77.230371 28.579577, 77.220000 28.590000)"
10077,20077,NR,Mock Lodhi Road - Dwarka 400 kV S/C Line 0077,400 kV,1200,678.9,18.554,1,ACSR Zebra,Quad,ISTS,Mock Delhi Transmission Utility,Commissioned,2020,RTM,MOCK-NIP-00077,Yes,2020,1.0,Mock Delhi Transmission Utility,24.0,8.0,18.0,"Mock coordinates: Lodhi Road (28.59000N, 77.22000E) to Dwarka (28.59000N, 77.03000E)",400 kV (Commissioned),10077,Synthetic geometry constrained to approximate Delhi NCT study area,18.554,18.554,"LINESTRING (77.220000 28.590000, 77.141478 28.588516, 77.030000 28.590000)"
10078,20078,NR,Mock Okhla - Lodhi Road 220 kV S/C Line 0078,220 kV,250,137.3,9.06,1,ACSR Moose,Twin,Intra-State,Mock North Delhi Transmission Co.,Commissioned,2020,TBCB,MOCK-NIP-00078,Yes,2020,1.0,Mock North Delhi Transmission Co.,24.0,6.0,24.0,"Mock coordinates: Okhla (28.53000N, 77.28000E) to Lodhi Road (28.59000N, 77.22000E)",220 kV (Commissioned),10078,Synthetic geometry constrained to approximate Delhi NCT study area,9.06,9.06,"LINESTRING (77.280000 28.530000, 77.253524 28.568677, 77.220000 28.590000)"
10079,20079,NR,Mock Sarita Vihar - Mahipalpur 220 kV D/C Line 0079,220 kV,950,0.0,17.017,2,AAAC,Single,Intra-State,Mock South Delhi Transmission Co.,Under Bidding,January 2027,RTM,MOCK-NIP-00079,No,January 2027,,,,,,"Mock coordinates: Sarita Vihar (28.53000N, 77.30000E) to Mahipalpur (28.55000N, 77.13000E)",220 kV (Under Bidding),10079,Synthetic geometry constrained to approximate Delhi NCT study area,17.017,17.017,"LINESTRING (77.300000 28.530000, 77.218421 28.553140, 77.130000 28.550000)"
10080,20080,NR,Mock Badarpur - Sarita Vihar 220 kV S/C Line 0080,220 kV,400,0.0,4.185,1,AAAC,Twin,Intra-State,Mock Delhi Transmission Utility,Planned,December 2029,RTM,MOCK-NIP-00080,Yes,December 2029,1.0,Mock Delhi Transmission Utility,12.0,6.0,24.0,"Mock coordinates: Badarpur (28.50000N, 77.30000E) to Sarita Vihar (28.53000N, 77.30000E)",220 kV (Planned),10080,Synthetic geometry constrained to approximate Delhi NCT study area,4.185,4.185,"LINESTRING (77.300000 28.500000, 77.288489 28.506426, 77.300000 28.530000)"
10081,20081,NR,Mock Mundka - Lodhi Road 400 kV S/C Line 0081,400 kV,1100,0.0,25.586,1,ACSR Zebra,Twin Moose,Intra-State,Mock Delhi Transmission Utility,Under Construction,June 2029,TBCB,MOCK-NIP-00081,Yes,June 2029,1.0,Mock Delhi Transmission Utility,36.0,4.0,24.0,"Mock coordinates: Mundka (28.68000N, 76.98000E) to Lodhi Road (28.59000N, 77.22000E)",400 kV (Under Construction),10081,Synthetic geometry constrained to approximate Delhi NCT study area,25.586,25.586,"LINESTRING (76.980000 28.680000, 77.095562 28.624867, 77.220000 28.590000)"
10082,20082,NR,Mock Bamnoli - Dwarka 220 kV D/C Line 0082,220 kV,700,565.1,7.683,2,ACSR Zebra,Single,Intra-State,Mock North Delhi Transmission Co.,Commissioned,2020,TBCB,MOCK-NIP-00082,No,2020,,,,,,"Mock coordinates: Bamnoli (28.53000N, 77.00000E) to Dwarka (28.59000N, 77.03000E)",220 kV (Commissioned),10082,Synthetic geometry constrained to approximate Delhi NCT study area,7.683,7.683,"LINESTRING (77.000000 28.530000, 77.031761 28.568531, 77.030000 28.590000)"
10083,20083,NR,Mock Mahipalpur - Wazirabad 220 kV S/C Line 0083,220 kV,250,169.8,18.451,1,ACSR Moose,Twin,Intra-State,Mock Delhi Transmission Utility,Commissioned,2021,TBCB,MOCK-NIP-00083,No,2021,,,,,,"Mock coordinates: Mahipalpur (28.55000N, 77.13000E) to Wazirabad (28.71000N, 77.18000E)",220 kV (Commissioned),10083,Synthetic geometry constrained to approximate Delhi NCT study area,18.451,18.451,"LINESTRING (77.130000 28.550000, 77.160082 28.641224, 77.180000 28.710000)"
10084,20084,NR,Mock Patparganj - Okhla 220 kV D/C Line 0084,220 kV,550,0.0,11.576,2,AAAC,Twin,Intra-State,Mock North Delhi Transmission Co.,Planned,March 2027,RTM,MOCK-NIP-00084,Yes,March 2027,2.0,Mock North Delhi Transmission Co.,18.0,2.0,18.0,"Mock coordinates: Patparganj (28.63000N, 77.29000E) to Okhla (28.53000N, 77.28000E)",220 kV (Planned),10084,Synthetic geometry constrained to approximate Delhi NCT study area,11.576,11.576,"LINESTRING (77.290000 28.630000, 77.300497 28.577447, 77.280000 28.530000)"
10085,20085,NR,Mock Mayur Vihar - Pusa 220 kV S/C Line 0085,220 kV,500,384.7,13.316,1,ACSR Zebra,Single,Intra-State,Mock Delhi Transmission Utility,Commissioned,2021,RTM,MOCK-NIP-00085,No,2021,,,,,,"Mock coordinates: Mayur Vihar (28.61000N, 77.30000E) to Pusa (28.64000N, 77.17000E)",220 kV (Commissioned),10085,Synthetic geometry constrained to approximate Delhi NCT study area,13.316,13.316,"LINESTRING (77.300000 28.610000, 77.246920 28.632765, 77.170000 28.640000)"
10086,20086,NR,Mock Vasant Kunj - Najafgarh 220 kV S/C Line 0086,220 kV,350,0.0,19.308,1,AAAC,Twin,Intra-State,Mock North Delhi Transmission Co.,Under Bidding,June 2026,RTM,MOCK-NIP-00086,No,June 2026,,,,,,"Mock coordinates: Vasant Kunj (28.54000N, 77.16000E) to Najafgarh (28.61000N, 76.98000E)",220 kV (Under Bidding),10086,Synthetic geometry constrained to approximate Delhi NCT study area,19.308,19.308,"LINESTRING (77.160000 28.540000, 77.053719 28.572595, 76.980000 28.610000)"
10087,20087,NR,Mock Shahdara - Narela 400 kV S/C Line 0087,400 kV,1200,635.6,27.948,1,ACSR Zebra,Twin Moose,ISTS,Mock Inter-State Grid Delhi,Commissioned,2018,RTM,MOCK-NIP-00087,No,2018,,,,,,"Mock coordinates: Shahdara (28.67000N, 77.29000E) to Narela (28.85000N, 77.09000E)",400 kV (Commissioned),10087,Synthetic geometry constrained to approximate Delhi NCT study area,27.948,27.948,"LINESTRING (77.290000 28.670000, 77.194133 28.752217, 77.090000 28.850000)"
10088,20088,NR,Mock Badarpur - Sarita Vihar 400 kV S/C Line 0088,400 kV,900,514.2,4.146,1,AL 59 Zebra,Quad,Intra-State,Mock Inter-State Grid Delhi,Commissioned,2020,RTM,MOCK-NIP-00088,No,2020,,,,,,"Mock coordinates: Badarpur (28.50000N, 77.30000E) to Sarita Vihar (28.53000N, 77.30000E)",400 kV (Commissioned),10088,Synthetic geometry constrained to approximate Delhi NCT study area,4.146,4.146,"LINESTRING (77.300000 28.500000, 77.300010 28.505635, 77.308903 28.510713, 77.298360 28.524232, 77.300000 28.530000)"
10089,20089,NR,Mock Rohini - Ridge 400 kV D/C Line 0089,400 kV,2100,0.0,9.641,2,ACSR Zebra,Twin Moose,Intra-State,Mock Inter-State Grid Delhi,Planned,January 2027,TBCB,MOCK-NIP-00089,Yes,January 2027,2.0,Mock Inter-State Grid Delhi,24.0,6.0,12.0,"Mock coordinates: Rohini (28.74000N, 77.11000E) to Ridge (28.68000N, 77.17000E)",400 kV (Planned),10089,Synthetic geometry constrained to approximate Delhi NCT study area,9.641,9.641,"LINESTRING (77.110000 28.740000, 77.123331 28.701048, 77.170000 28.680000)"
10090,20090,NR,Mock Badarpur - Patparganj 220 kV S/C Line 0090,220 kV,250,199.9,14.767,1,ACSR Zebra,Single,Intra-State,Mock North Delhi Transmission Co.,Commissioned,2019,TBCB,MOCK-NIP-00090,No,2019,,,,,,"Mock coordinates: Badarpur (28.50000N, 77.30000E) to Patparganj (28.63000N, 77.29000E)",220 kV (Commissioned),10090,Synthetic geometry constrained to approximate Delhi NCT study area,14.767,14.767,"LINESTRING (77.300000 28.500000, 77.309022 28.572299, 77.290000 28.630000)"
10091,20091,NR,Mock Shahdara - Mahipalpur 400 kV D/C Line 0091,400 kV,1800,1453.7,20.599,2,ACSR Moose,Twin Moose,ISTS,Mock Inter-State Grid Delhi,Commissioned,2023,TBCB,MOCK-NIP-00091,Yes,2023,2.0,Mock Inter-State Grid Delhi,18.0,2.0,12.0,"Mock coordinates: Shahdara (28.67000N, 77.29000E) to Mahipalpur (28.55000N, 77.13000E)",400 kV (Commissioned),10091,Synthetic geometry constrained to approximate Delhi NCT study area,20.599,20.599,"LINESTRING (77.290000 28.670000, 77.264504 28.644801, 77.211637 28.604636, 77.159804 28.568236, 77.130000 28.550000)"
10092,20092,NR,Mock Punjabi Bagh - Patparganj 220 kV D/C Line 0092,220 kV,600,0.0,16.654,2,ACSR Moose,Single,Intra-State,Mock Delhi Transmission Utility,Planned,January 2028,RTM,MOCK-NIP-00092,No,January 2028,,,,,,"Mock coordinates: Punjabi Bagh (28.67000N, 77.13000E) to Patparganj (28.63000N, 77.29000E)",220 kV (Planned),10092,Synthetic geometry constrained to approximate Delhi NCT study area,16.654,16.654,"LINESTRING (77.130000 28.670000, 77.193253 28.637017, 77.290000 28.630000)"
10093,20093,NR,Mock Ridge - Mundka 220 kV S/C Line 0093,220 kV,450,351.7,18.548,1,ACSR Moose,Twin,Intra-State,Mock Delhi Transmission Utility,Commissioned,2025,TBCB,MOCK-NIP-00093,No,2025,,,,,,"Mock coordinates: Ridge (28.68000N, 77.17000E) to Mundka (28.68000N, 76.98000E)",220 kV (Commissioned),10093,Synthetic geometry constrained to approximate Delhi NCT study area,18.548,18.548,"LINESTRING (77.170000 28.680000, 77.076061 28.676941, 76.980000 28.680000)"
10094,20094,NR,Mock Dwarka - Sarita Vihar 765 kV D/C Line 0094,765 kV,5500,0.0,27.495,2,AL 59 Zebra,Quad,ISTS,Mock Inter-State Grid Delhi,Under Construction,December 2027,TBCB,MOCK-NIP-00094,No,December 2027,,,,,,"Mock coordinates: Dwarka (28.59000N, 77.03000E) to Sarita Vihar (28.53000N, 77.30000E)",765 kV (Under Construction),10094,Synthetic geometry constrained to approximate Delhi NCT study area,27.495,27.495,"LINESTRING (77.030000 28.590000, 77.075323 28.579624, 77.171983 28.574959, 77.251266 28.548296, 77.300000 28.530000)"
10095,20095,NR,Mock Dwarka - Najafgarh 220 kV D/C Line 0095,220 kV,700,0.0,5.43,2,ACSR Zebra,Twin,Intra-State,Mock South Delhi Transmission Co.,Under Bidding,September 2027,RTM,MOCK-NIP-00095,No,September 2027,,,,,,"Mock coordinates: Dwarka (28.59000N, 77.03000E) to Najafgarh (28.61000N, 76.98000E)",220 kV (Under Bidding),10095,Synthetic geometry constrained to approximate Delhi NCT study area,5.43,5.43,"LINESTRING (77.030000 28.590000, 76.995523 28.599821, 76.980000 28.610000)"
10096,20096,NR,Mock Mayur Vihar - Shahdara 220 kV D/C Line 0096,220 kV,1000,0.0,6.78,2,ACSR Zebra,Single,Intra-State,Mock North Delhi Transmission Co.,Under Construction,December 2029,TBCB,MOCK-NIP-00096,No,December 2029,,,,,,"Mock coordinates: Mayur Vihar (28.61000N, 77.30000E) to Shahdara (28.67000N, 77.29000E)",220 kV (Under Construction),10096,Synthetic geometry constrained to approximate Delhi NCT study area,6.78,6.78,"LINESTRING (77.300000 28.610000, 77.291789 28.637283, 77.290000 28.670000)"
10097,20097,NR,Mock Najafgarh - Wazirabad 400 kV D/C Line 0097,400 kV,2200,0.0,22.614,2,ACSR Moose,Quad,ISTS,Mock Inter-State Grid Delhi,Planned,December 2027,RTM,MOCK-NIP-00097,Yes,December 2027,2.0,Mock Inter-State Grid Delhi,18.0,4.0,12.0,"Mock coordinates: Najafgarh (28.61000N, 76.98000E) to Wazirabad (28.71000N, 77.18000E)",400 kV (Planned),10097,Synthetic geometry constrained to approximate Delhi NCT study area,22.614,22.614,"LINESTRING (76.980000 28.610000, 77.009641 28.627649, 77.077574 28.672321, 77.140127 28.694684, 77.180000 28.710000)"
10098,20098,NR,Mock Punjabi Bagh - Okhla 220 kV S/C Line 0098,220 kV,450,0.0,21.47,1,AAAC,Single,Intra-State,Mock South Delhi Transmission Co.,Planned,September 2025,TBCB,MOCK-NIP-00098,No,September 2025,,,,,,"Mock coordinates: Punjabi Bagh (28.67000N, 77.13000E) to Okhla (28.53000N, 77.28000E)",220 kV (Planned),10098,Synthetic geometry constrained to approximate Delhi NCT study area,21.47,21.47,"LINESTRING (77.130000 28.670000, 77.217331 28.601909, 77.280000 28.530000)"
10099,20099,NR,Mock Pusa - Vasant Kunj 220 kV D/C Line 0099,220 kV,650,290.7,11.267,2,AAAC,Single,Intra-State,Mock Delhi Transmission Utility,Commissioned,2023,TBCB,MOCK-NIP-00099,No,2023,,,,,,"Mock coordinates: Pusa (28.64000N, 77.17000E) to Vasant Kunj (28.54000N, 77.16000E)",220 kV (Commissioned),10099,Synthetic geometry constrained to approximate Delhi NCT study area,11.267,11.267,"LINESTRING (77.170000 28.640000, 77.173726 28.619295, 77.170109 28.584063, 77.162981 28.557685, 77.160000 28.540000)"
10100,20100,NR,Mock Sarita Vihar - Mahipalpur 220 kV D/C Line 0100,220 kV,600,0.0,16.897,2,ACSR Moose,Twin,Intra-State,Mock North Delhi Transmission Co.,Under Bidding,June 2029,RTM,MOCK-NIP-00100,No,June 2029,,,,,,"Mock coordinates: Sarita Vihar (28.53000N, 77.30000E) to Mahipalpur (28.55000N, 77.13000E)",220 kV (Under Bidding),10100,Synthetic geometry constrained to approximate Delhi NCT study area,16.897,16.897,"LINESTRING (77.300000 28.530000, 77.270435 28.529128, 77.224384 28.540449, 77.162430 28.542348, 77.130000 28.550000)"
10101,20101,NR,Mock Dwarka - Bamnoli 220 kV S/C Line 0101,220 kV,450,359.8,7.287,1,AAAC,Twin,Intra-State,Mock North Delhi Transmission Co.,Commissioned,2018,TBCB,MOCK-NIP-00101,No,2018,,,,,,"Mock coordinates: Dwarka (28.59000N, 77.03000E) to Bamnoli (28.53000N, 77.00000E)",220 kV (Commissioned),10101,Synthetic geometry constrained to approximate Delhi NCT study area,7.287,7.287,"LINESTRING (77.030000 28.590000, 77.014938 28.560442, 77.000000 28.530000)"
10102,20102,NR,Mock Bawana - Najafgarh 220 kV S/C Line 0102,220 kV,450,0.0,22.218,1,ACSR Moose,Single,Intra-State,Mock North Delhi Transmission Co.,Under Bidding,January 2027,RTM,MOCK-NIP-00102,No,January 2027,,,,,,"Mock coordinates: Bawana (28.80000N, 77.05000E) to Najafgarh (28.61000N, 76.98000E)",220 kV (Under Bidding),10102,Synthetic geometry constrained to approximate Delhi NCT study area,22.218,22.218,"LINESTRING (77.050000 28.800000, 77.014816 28.716470, 76.980000 28.610000)"
10103,20103,NR,Mock Sarita Vihar - Wazirabad 220 kV D/C Line 0103,220 kV,500,0.0,23.199,2,ACSR Moose,Twin,Intra-State,Mock North Delhi Transmission Co.,Under Bidding,June 2027,RTM,MOCK-NIP-00103,Yes,June 2027,2.0,Mock North Delhi Transmission Co.,24.0,4.0,12.0,"Mock coordinates: Sarita Vihar (28.53000N, 77.30000E) to Wazirabad (28.71000N, 77.18000E)",220 kV (Under Bidding),10103,Synthetic geometry constrained to approximate Delhi NCT study area,23.199,23.199,"LINESTRING (77.300000 28.530000, 77.242530 28.610840, 77.180000 28.710000)"
10104,20104,NR,Mock Punjabi Bagh - Lodhi Road 400 kV S/C Line 0104,400 kV,1150,601.0,12.907,1,AL 59 Zebra,Quad,ISTS,Mock Inter-State Grid Delhi,Commissioned,2025,RTM,MOCK-NIP-00104,Yes,2025,1.0,Mock Inter-State Grid Delhi,24.0,8.0,12.0,"Mock coordinates: Punjabi Bagh (28.67000N, 77.13000E) to Lodhi Road (28.59000N, 77.22000E)",400 kV (Commissioned),10104,Synthetic geometry constrained to approximate Delhi NCT study area,12.907,12.907,"LINESTRING (77.130000 28.670000, 77.147071 28.654820, 77.171450 28.616208, 77.203239 28.594960, 77.220000 28.590000)"
10105,20105,NR,Mock Badarpur - Shahdara 400 kV S/C Line 0105,400 kV,700,0.0,18.98,1,ACSR Moose,Quad,Intra-State,Mock Inter-State Grid Delhi,Under Construction,December 2029,RTM,MOCK-NIP-00105,No,December 2029,,,,,,"Mock coordinates: Badarpur (28.50000N, 77.30000E) to Shahdara (28.67000N, 77.29000E)",400 kV (Under Construction),10105,Synthetic geometry constrained to approximate Delhi NCT study area,18.98,18.98,"LINESTRING (77.300000 28.500000, 77.301257 28.599397, 77.290000 28.670000)"
10106,20106,NR,Mock Sarita Vihar - Mahipalpur 400 kV S/C Line 0106,400 kV,750,591.6,16.815,1,ACSR Zebra,Twin Moose,Intra-State,Mock Inter-State Grid Delhi,Commissioned,2025,TBCB,MOCK-NIP-00106,Yes,2025,1.0,Mock Inter-State Grid Delhi,12.0,4.0,24.0,"Mock coordinates: Sarita Vihar (28.53000N, 77.30000E) to Mahipalpur (28.55000N, 77.13000E)",400 kV (Commissioned),10106,Synthetic geometry constrained to approximate Delhi NCT study area,16.815,16.815,"LINESTRING (77.300000 28.530000, 77.226580 28.532266, 77.130000 28.550000)"
10107,20107,NR,Mock Dwarka - Shahdara 765 kV D/C Line 0107,765 kV,4450,0.0,26.922,2,ACSR / AAAC / AL59,Hexa,ISTS,Mock Powergrid Delhi,Planned,March 2026,TBCB,MOCK-NIP-00107,No,March 2026,,,,,,"Mock coordinates: Dwarka (28.59000N, 77.03000E) to Shahdara (28.67000N, 77.29000E)",765 kV (Planned),10107,Synthetic geometry constrained to approximate Delhi NCT study area,26.922,26.922,"LINESTRING (77.030000 28.590000, 77.177932 28.629351, 77.290000 28.670000)"
10108,20108,NR,Mock Vasant Kunj - Okhla 400 kV D/C Line 0108,400 kV,1750,709.6,12.309,2,ACSR Zebra,Quad,ISTS,Mock Inter-State Grid Delhi,Commissioned,2020,TBCB,MOCK-NIP-00108,Yes,2020,2.0,Mock Inter-State Grid Delhi,24.0,2.0,18.0,"Mock coordinates: Vasant Kunj (28.54000N, 77.16000E) to Okhla (28.53000N, 77.28000E)",400 kV (Commissioned),10108,Synthetic geometry constrained to approximate Delhi NCT study area,12.309,12.309,"LINESTRING (77.160000 28.540000, 77.235893 28.549468, 77.280000 28.530000)"
10109,20109,NR,Mock Patparganj - Lodhi Road 220 kV S/C Line 0109,220 kV,450,358.5,8.493,1,ACSR Zebra,Twin,Intra-State,Mock South Delhi Transmission Co.,Commissioned,2023,RTM,MOCK-NIP-00109,No,2023,,,,,,"Mock coordinates: Patparganj (28.63000N, 77.29000E) to Lodhi Road (28.59000N, 77.22000E)",220 kV (Commissioned),10109,Synthetic geometry constrained to approximate Delhi NCT study area,8.493,8.493,"LINESTRING (77.290000 28.630000, 77.275144 28.627977, 77.246232 28.609372, 77.231535 28.592428, 77.220000 28.590000)"
10110,20110,NR,Mock Mayur Vihar - Wazirabad 765 kV S/C Line 0110,765 kV,1900,1333.9,16.172,1,ACSR / AAAC / AL59,Hexa,Intra-State,Mock Powergrid Delhi,Commissioned,2018,TBCB,MOCK-NIP-00110,No,2018,,,,,,"Mock coordinates: Mayur Vihar (28.61000N, 77.30000E) to Wazirabad (28.71000N, 77.18000E)",765 kV (Commissioned),10110,Synthetic geometry constrained to approximate Delhi NCT study area,16.172,16.172,"LINESTRING (77.300000 28.610000, 77.246523 28.649124, 77.180000 28.710000)"
10111,20111,NR,Mock Rohini - Mahipalpur 400 kV S/C Line 0111,400 kV,750,607.7,21.22,1,ACSR Zebra,Quad,Intra-State,Mock Delhi Transmission Utility,Commissioned,2022,RTM,MOCK-NIP-00111,No,2022,,,,,,"Mock coordinates: Rohini (28.74000N, 77.11000E) to Mahipalpur (28.55000N, 77.13000E)",400 kV (Commissioned),10111,Synthetic geometry constrained to approximate Delhi NCT study area,21.22,21.22,"LINESTRING (77.110000 28.740000, 77.121265 28.651694, 77.130000 28.550000)"
10112,20112,NR,Mock Narela - Shahdara 220 kV D/C Line 0112,220 kV,900,0.0,27.981,2,ACSR Moose,Twin,Intra-State,Mock Delhi Transmission Utility,Under Bidding,September 2026,TBCB,MOCK-NIP-00112,Yes,September 2026,2.0,Mock Delhi Transmission Utility,24.0,4.0,12.0,"Mock coordinates: Narela (28.85000N, 77.09000E) to Shahdara (28.67000N, 77.29000E)",220 kV (Under Bidding),10112,Synthetic geometry constrained to approximate Delhi NCT study area,27.981,27.981,"LINESTRING (77.090000 28.850000, 77.192447 28.748219, 77.290000 28.670000)"
10113,20113,NR,Mock Okhla - Ridge 220 kV D/C Line 0113,220 kV,600,0.0,19.86,2,ACSR Zebra,Twin,Intra-State,Mock Delhi Transmission Utility,Under Construction,September 2027,RTM,MOCK-NIP-00113,No,September 2027,,,,,,"Mock coordinates: Okhla (28.53000N, 77.28000E) to Ridge (28.68000N, 77.17000E)",220 kV (Under Construction),10113,Synthetic geometry constrained to approximate Delhi NCT study area,19.86,19.86,"LINESTRING (77.280000 28.530000, 77.259499 28.559746, 77.217621 28.610232, 77.185533 28.654714, 77.170000 28.680000)"
10114,20114,NR,Mock Bamnoli - Okhla 400 kV S/C Line 0114,400 kV,800,536.2,27.52,1,ACSR Zebra,Twin Moose,ISTS,Mock Inter-State Grid Delhi,Commissioned,2020,RTM,MOCK-NIP-00114,Yes,2020,1.0,Mock Inter-State Grid Delhi,24.0,2.0,24.0,"Mock coordinates: Bamnoli (28.53000N, 77.00000E) to Okhla (28.53000N, 77.28000E)",400 kV (Commissioned),10114,Synthetic geometry constrained to approximate Delhi NCT study area,27.52,27.52,"LINESTRING (77.000000 28.530000, 77.149135 28.543621, 77.280000 28.530000)"
10115,20115,NR,Mock Vasant Kunj - Patparganj 220 kV D/C Line 0115,220 kV,900,0.0,16.361,2,AAAC,Twin,Intra-State,Mock South Delhi Transmission Co.,Under Construction,December 2028,RTM,MOCK-NIP-00115,No,December 2028,,,,,,"Mock coordinates: Vasant Kunj (28.54000N, 77.16000E) to Patparganj (28.63000N, 77.29000E)",220 kV (Under Construction),10115,Synthetic geometry constrained to approximate Delhi NCT study area,16.361,16.361,"LINESTRING (77.160000 28.540000, 77.180033 28.555774, 77.229127 28.576574, 77.269963 28.610291, 77.290000 28.630000)"
10116,20116,NR,Mock Badarpur - Mahipalpur 400 kV S/C Line 0116,400 kV,800,397.3,17.584,1,ACSR Moose,Quad,ISTS,Mock Delhi Transmission Utility,Commissioned,2025,RTM,MOCK-NIP-00116,Yes,2025,1.0,Mock Delhi Transmission Utility,36.0,2.0,18.0,"Mock coordinates: Badarpur (28.50000N, 77.30000E) to Mahipalpur (28.55000N, 77.13000E)",400 kV (Commissioned),10116,Synthetic geometry constrained to approximate Delhi NCT study area,17.584,17.584,"LINESTRING (77.300000 28.500000, 77.230021 28.513366, 77.130000 28.550000)"
10117,20117,NR,Mock Mundka - Vasant Kunj 400 kV D/C Line 0117,400 kV,2350,0.0,23.475,2,AL 59 Zebra,Twin Moose,ISTS,Mock Inter-State Grid Delhi,Under Construction,January 2025,TBCB,MOCK-NIP-00117,No,January 2025,,,,,,"Mock coordinates: Mundka (28.68000N, 76.98000E) to Vasant Kunj (28.54000N, 77.16000E)",400 kV (Under Construction),10117,Synthetic geometry constrained to approximate Delhi NCT study area,23.475,23.475,"LINESTRING (76.980000 28.680000, 77.066955 28.611917, 77.160000 28.540000)"
10118,20118,NR,Mock Rohini - Bawana 220 kV D/C Line 0118,220 kV,800,643.5,8.883,2,ACSR Moose,Single,Intra-State,Mock Delhi Transmission Utility,Commissioned,2024,TBCB,MOCK-NIP-00118,Yes,2024,2.0,Mock Delhi Transmission Utility,12.0,4.0,24.0,"Mock coordinates: Rohini (28.74000N, 77.11000E) to Bawana (28.80000N, 77.05000E)",220 kV (Commissioned),10118,Synthetic geometry constrained to approximate Delhi NCT study area,8.883,8.883,"LINESTRING (77.110000 28.740000, 77.095645 28.757071, 77.050000 28.800000)"
10119,20119,NR,Mock Badarpur - Mahipalpur 400 kV S/C Line 0119,400 kV,1100,0.0,17.521,1,AL 59 Zebra,Quad,ISTS,Mock Delhi Transmission Utility,Under Bidding,March 2028,TBCB,MOCK-NIP-00119,No,March 2028,,,,,,"Mock coordinates: Badarpur (28.50000N, 77.30000E) to Mahipalpur (28.55000N, 77.13000E)",400 kV (Under Bidding),10119,Synthetic geometry constrained to approximate Delhi NCT study area,17.521,17.521,"LINESTRING (77.300000 28.500000, 77.203425 28.526118, 77.130000 28.550000)"
10120,20120,NR,Mock Badarpur - Vasant Kunj 220 kV D/C Line 0120,220 kV,650,0.0,14.568,2,AAAC,Twin,Intra-State,Mock Delhi Transmission Utility,Under Construction,September 2025,RTM,MOCK-NIP-00120,Yes,September 2025,2.0,Mock Delhi Transmission Utility,12.0,4.0,24.0,"Mock coordinates: Badarpur (28.50000N, 77.30000E) to Vasant Kunj (28.54000N, 77.16000E)",220 kV (Under Construction),10120,Synthetic geometry constrained to approximate Delhi NCT study area,14.568,14.568,"LINESTRING (77.300000 28.500000, 77.221923 28.533122, 77.160000 28.540000)"
10121,20121,NR,Mock Bawana - Shahdara 400 kV S/C Line 0121,400 kV,900,500.0,27.505,1,AL 59 Zebra,Quad,ISTS,Mock Inter-State Grid Delhi,Commissioned,2023,RTM,MOCK-NIP-00121,No,2023,,,,,,"Mock coordinates: Bawana (28.80000N, 77.05000E) to Shahdara (28.67000N, 77.29000E)",400 kV (Commissioned),10121,Synthetic geometry constrained to approximate Delhi NCT study area,27.505,27.505,"LINESTRING (77.050000 28.800000, 77.167803 28.736193, 77.290000 28.670000)"
10122,20122,NR,Mock Mundka - Pusa 400 kV D/C Line 0122,400 kV,2400,1306.3,19.11,2,AL 59 Zebra,Quad,ISTS,Mock Inter-State Grid Delhi,Commissioned,2024,TBCB,MOCK-NIP-00122,No,2024,,,,,,"Mock coordinates: Mundka (28.68000N, 76.98000E) to Pusa (28.64000N, 77.17000E)",400 kV (Commissioned),10122,Synthetic geometry constrained to approximate Delhi NCT study area,19.11,19.11,"LINESTRING (76.980000 28.680000, 77.014198 28.673192, 77.075765 28.657407, 77.139840 28.642194, 77.170000 28.640000)"
10123,20123,NR,Mock Sarita Vihar - Mahipalpur 220 kV S/C Line 0123,220 kV,450,0.0,16.754,1,ACSR Moose,Twin,Intra-State,Mock Delhi Transmission Utility,Under Bidding,June 2026,TBCB,MOCK-NIP-00123,No,June 2026,,,,,,"Mock coordinates: Sarita Vihar (28.53000N, 77.30000E) to Mahipalpur (28.55000N, 77.13000E)",220 kV (Under Bidding),10123,Synthetic geometry constrained to approximate Delhi NCT study area,16.754,16.754,"LINESTRING (77.300000 28.530000, 77.224159 28.539206, 77.130000 28.550000)"
10124,20124,NR,Mock Dwarka - Shahdara 220 kV S/C Line 0124,220 kV,400,173.3,26.989,1,AAAC,Twin,Intra-State,Mock North Delhi Transmission Co.,Commissioned,2021,RTM,MOCK-NIP-00124,No,2021,,,,,,"Mock coordinates: Dwarka (28.59000N, 77.03000E) to Shahdara (28.67000N, 77.29000E)",220 kV (Commissioned),10124,Synthetic geometry constrained to approximate Delhi NCT study area,26.989,26.989,"LINESTRING (77.030000 28.590000, 77.165281 28.642667, 77.290000 28.670000)"
10125,20125,NR,Mock Mayur Vihar - Mahipalpur 220 kV S/C Line 0125,220 kV,300,0.0,18.004,1,ACSR Moose,Twin,Intra-State,Mock Delhi Transmission Utility,Planned,December 2026,TBCB,MOCK-NIP-00125,No,December 2026,,,,,,"Mock coordinates: Mayur Vihar (28.61000N, 77.30000E) to Mahipalpur (28.55000N, 77.13000E)",220 kV (Planned),10125,Synthetic geometry constrained to approximate Delhi NCT study area,18.004,18.004,"LINESTRING (77.300000 28.610000, 77.228301 28.574989, 77.130000 28.550000)"
10126,20126,NR,Mock Okhla - Ridge 220 kV D/C Line 0126,220 kV,550,290.8,19.887,2,ACSR Moose,Single,Intra-State,Mock North Delhi Transmission Co.,Commissioned,2023,TBCB,MOCK-NIP-00126,Yes,2023,2.0,Mock North Delhi Transmission Co.,24.0,8.0,12.0,"Mock coordinates: Okhla (28.53000N, 77.28000E) to Ridge (28.68000N, 77.17000E)",220 kV (Commissioned),10126,Synthetic geometry constrained to approximate Delhi NCT study area,19.887,19.887,"LINESTRING (77.280000 28.530000, 77.217190 28.603988, 77.170000 28.680000)"
10127,20127,NR,Mock Ridge - Bamnoli 220 kV D/C Line 0127,220 kV,950,592.5,23.787,2,ACSR Moose,Twin,Intra-State,Mock Delhi Transmission Utility,Commissioned,2023,TBCB,MOCK-NIP-00127,Yes,2023,2.0,Mock Delhi Transmission Utility,24.0,8.0,24.0,"Mock coordinates: Ridge (28.68000N, 77.17000E) to Bamnoli (28.53000N, 77.00000E)",220 kV (Commissioned),10127,Synthetic geometry constrained to approximate Delhi NCT study area,23.787,23.787,"LINESTRING (77.170000 28.680000, 77.093685 28.590487, 77.000000 28.530000)"
10128,20128,NR,Mock Mayur Vihar - Sarita Vihar 400 kV S/C Line 0128,400 kV,1150,548.4,9.343,1,ACSR Moose,Quad,ISTS,Mock Delhi Transmission Utility,Commissioned,2019,RTM,MOCK-NIP-00128,No,2019,,,,,,"Mock coordinates: Mayur Vihar (28.61000N, 77.30000E) to Sarita Vihar (28.53000N, 77.30000E)",400 kV (Commissioned),10128,Synthetic geometry constrained to approximate Delhi NCT study area,9.343,9.343,"LINESTRING (77.300000 28.610000, 77.298464 28.598957, 77.288056 28.578849, 77.300823 28.547603, 77.300000 28.530000)"
10129,20129,NR,Mock Narela - Mundka 400 kV D/C Line 0129,400 kV,1500,0.0,21.737,2,ACSR Moose,Quad,ISTS,Mock Delhi Transmission Utility,Under Construction,December 2025,RTM,MOCK-NIP-00129,No,December 2025,,,,,,"Mock coordinates: Narela (28.85000N, 77.09000E) to Mundka (28.68000N, 76.98000E)",400 kV (Under Construction),10129,Synthetic geometry constrained to approximate Delhi NCT study area,21.737,21.737,"LINESTRING (77.090000 28.850000, 77.035206 28.761196, 76.980000 28.680000)"
10130,20130,NR,Mock Pusa - Vasant Kunj 400 kV S/C Line 0130,400 kV,1200,487.1,11.73,1,ACSR Zebra,Quad,ISTS,Mock Delhi Transmission Utility,Commissioned,2024,RTM,MOCK-NIP-00130,Yes,2024,1.0,Mock Delhi Transmission Utility,36.0,8.0,24.0,"Mock coordinates: Pusa (28.64000N, 77.17000E) to Vasant Kunj (28.54000N, 77.16000E)",400 kV (Commissioned),10130,Synthetic geometry constrained to approximate Delhi NCT study area,11.73,11.73,"LINESTRING (77.170000 28.640000, 77.147617 28.599395, 77.160000 28.540000)"
10131,20131,NR,Mock Bamnoli - Punjabi Bagh 400 kV S/C Line 0131,400 kV,750,583.8,20.212,1,AL 59 Zebra,Twin Moose,ISTS,Mock Inter-State Grid Delhi,Commissioned,2020,TBCB,MOCK-NIP-00131,No,2020,,,,,,"Mock coordinates: Bamnoli (28.53000N, 77.00000E) to Punjabi Bagh (28.67000N, 77.13000E)",400 kV (Commissioned),10131,Synthetic geometry constrained to approximate Delhi NCT study area,20.212,20.212,"LINESTRING (77.000000 28.530000, 77.055131 28.605521, 77.130000 28.670000)"
10132,20132,NR,Mock Shahdara - Patparganj 400 kV D/C Line 0132,400 kV,1900,781.2,4.614,2,ACSR Moose,Twin Moose,Intra-State,Mock Delhi Transmission Utility,Commissioned,2018,TBCB,MOCK-NIP-00132,No,2018,,,,,,"Mock coordinates: Shahdara (28.67000N, 77.29000E) to Patparganj (28.63000N, 77.29000E)",400 kV (Commissioned),10132,Synthetic geometry constrained to approximate Delhi NCT study area,4.614,4.614,"LINESTRING (77.290000 28.670000, 77.291168 28.661269, 77.292371 28.660739, 77.287367 28.645176, 77.290000 28.630000)"
10133,20133,NR,Mock Ridge - Mundka 220 kV S/C Line 0133,220 kV,300,150.8,18.589,1,ACSR Moose,Single,Intra-State,Mock South Delhi Transmission Co.,Commissioned,2019,TBCB,MOCK-NIP-00133,No,2019,,,,,,"Mock coordinates: Ridge (28.68000N, 77.17000E) to Mundka (28.68000N, 76.98000E)",220 kV (Commissioned),10133,Synthetic geometry constrained to approximate Delhi NCT study area,18.589,18.589,"LINESTRING (77.170000 28.680000, 77.084081 28.686381, 76.980000 28.680000)"
10134,20134,NR,Mock Lodhi Road - Shahdara 220 kV D/C Line 0134,220 kV,850,0.0,11.444,2,ACSR Moose,Single,Intra-State,Mock North Delhi Transmission Co.,Planned,June 2026,RTM,MOCK-NIP-00134,No,June 2026,,,,,,"Mock coordinates: Lodhi Road (28.59000N, 77.22000E) to Shahdara (28.67000N, 77.29000E)",220 kV (Planned),10134,Synthetic geometry constrained to approximate Delhi NCT study area,11.444,11.444,"LINESTRING (77.220000 28.590000, 77.238933 28.628113, 77.290000 28.670000)"
10135,20135,NR,Mock Pusa - Sarita Vihar 220 kV D/C Line 0135,220 kV,650,0.0,17.635,2,ACSR Moose,Twin,Intra-State,Mock South Delhi Transmission Co.,Under Bidding,September 2026,RTM,MOCK-NIP-00135,Yes,September 2026,2.0,Mock South Delhi Transmission Co.,24.0,6.0,12.0,"Mock coordinates: Pusa (28.64000N, 77.17000E) to Sarita Vihar (28.53000N, 77.30000E)",220 kV (Under Bidding),10135,Synthetic geometry constrained to approximate Delhi NCT study area,17.635,17.635,"LINESTRING (77.170000 28.640000, 77.232547 28.590391, 77.300000 28.530000)"
10136,20136,NR,Mock Rohini - Narela 220 kV S/C Line 0136,220 kV,450,197.2,12.748,1,ACSR Moose,Twin,Intra-State,Mock North Delhi Transmission Co.,Commissioned,2019,TBCB,MOCK-NIP-00136,Yes,2019,1.0,Mock North Delhi Transmission Co.,24.0,8.0,12.0,"Mock coordinates: Rohini (28.74000N, 77.11000E) to Narela (28.85000N, 77.09000E)",220 kV (Commissioned),10136,Synthetic geometry constrained to approximate Delhi NCT study area,12.748,12.748,"LINESTRING (77.110000 28.740000, 77.115947 28.793342, 77.090000 28.850000)"
10137,20137,NR,Mock Vasant Kunj - Lodhi Road 400 kV S/C Line 0137,400 kV,1150,728.6,8.223,1,ACSR Zebra,Quad,ISTS,Mock Delhi Transmission Utility,Commissioned,2025,TBCB,MOCK-NIP-00137,Yes,2025,1.0,Mock Delhi Transmission Utility,18.0,8.0,18.0,"Mock coordinates: Vasant Kunj (28.54000N, 77.16000E) to Lodhi Road (28.59000N, 77.22000E)",400 kV (Commissioned),10137,Synthetic geometry constrained to approximate Delhi NCT study area,8.223,8.223,"LINESTRING (77.160000 28.540000, 77.185961 28.552541, 77.220000 28.590000)"
10138,20138,NR,Mock Shahdara - Sarita Vihar 220 kV D/C Line 0138,220 kV,650,471.4,15.623,2,ACSR Moose,Single,Intra-State,Mock North Delhi Transmission Co.,Commissioned,2023,TBCB,MOCK-NIP-00138,No,2023,,,,,,"Mock coordinates: Shahdara (28.67000N, 77.29000E) to Sarita Vihar (28.53000N, 77.30000E)",220 kV (Commissioned),10138,Synthetic geometry constrained to approximate Delhi NCT study area,15.623,15.623,"LINESTRING (77.290000 28.670000, 77.288510 28.642558, 77.294432 28.587308, 77.299177 28.546404, 77.300000 28.530000)"
10139,20139,NR,Mock Shahdara - Dwarka 220 kV S/C Line 0139,220 kV,400,0.0,26.912,1,AAAC,Single,Intra-State,Mock North Delhi Transmission Co.,Planned,June 2026,TBCB,MOCK-NIP-00139,No,June 2026,,,,,,"Mock coordinates: Shahdara (28.67000N, 77.29000E) to Dwarka (28.59000N, 77.03000E)",220 kV (Planned),10139,Synthetic geometry constrained to approximate Delhi NCT study area,26.912,26.912,"LINESTRING (77.290000 28.670000, 77.152816 28.633096, 77.030000 28.590000)"
10140,20140,NR,Mock Sarita Vihar - Okhla 220 kV D/C Line 0140,220 kV,650,0.0,2.66,2,ACSR Moose,Twin,Intra-State,Mock Delhi Transmission Utility,Planned,March 2028,TBCB,MOCK-NIP-00140,No,March 2028,,,,,,"Mock coordinates: Sarita Vihar (28.53000N, 77.30000E) to Okhla (28.53000N, 77.28000E)",220 kV (Planned),10140,Synthetic geometry constrained to approximate Delhi NCT study area,2.66,2.66,"LINESTRING (77.300000 28.530000, 77.301254 28.529983, 77.301394 28.526788, 77.288035 28.531056, 77.280000 28.530000)"
10141,20141,NR,Mock Vasant Kunj - Okhla 220 kV D/C Line 0141,220 kV,550,0.0,12.034,2,AAAC,Single,Intra-State,Mock North Delhi Transmission Co.,Planned,June 2025,TBCB,MOCK-NIP-00141,No,June 2025,,,,,,"Mock coordinates: Vasant Kunj (28.54000N, 77.16000E) to Okhla (28.53000N, 77.28000E)",220 kV (Planned),10141,Synthetic geometry constrained to approximate Delhi NCT study area,12.034,12.034,"LINESTRING (77.160000 28.540000, 77.211097 28.524624, 77.280000 28.530000)"
10142,20142,NR,Mock Pusa - Rohini 220 kV S/C Line 0142,220 kV,250,167.5,12.97,1,ACSR Moose,Single,Intra-State,Mock South Delhi Transmission Co.,Commissioned,2018,TBCB,MOCK-NIP-00142,No,2018,,,,,,"Mock coordinates: Pusa (28.64000N, 77.17000E) to Rohini (28.74000N, 77.11000E)",220 kV (Commissioned),10142,Synthetic geometry constrained to approximate Delhi NCT study area,12.97,12.97,"LINESTRING (77.170000 28.640000, 77.125937 28.682447, 77.110000 28.740000)"
10143,20143,NR,Mock Wazirabad - Vasant Kunj 400 kV S/C Line 0143,400 kV,950,538.1,19.121,1,ACSR Zebra,Twin Moose,ISTS,Mock Inter-State Grid Delhi,Commissioned,2025,TBCB,MOCK-NIP-00143,No,2025,,,,,,"Mock coordinates: Wazirabad (28.71000N, 77.18000E) to Vasant Kunj (28.54000N, 77.16000E)",400 kV (Commissioned),10143,Synthetic geometry constrained to approximate Delhi NCT study area,19.121,19.121,"LINESTRING (77.180000 28.710000, 77.159992 28.632406, 77.160000 28.540000)"
10144,20144,NR,Mock Shahdara - Rohini 220 kV D/C Line 0144,220 kV,850,0.0,19.281,2,AAAC,Twin,Intra-State,Mock North Delhi Transmission Co.,Under Construction,January 2025,TBCB,MOCK-NIP-00144,Yes,January 2025,2.0,Mock North Delhi Transmission Co.,24.0,2.0,24.0,"Mock coordinates: Shahdara (28.67000N, 77.29000E) to Rohini (28.74000N, 77.11000E)",220 kV (Under Construction),10144,Synthetic geometry constrained to approximate Delhi NCT study area,19.281,19.281,"LINESTRING (77.290000 28.670000, 77.251405 28.686341, 77.186178 28.718220, 77.133145 28.732172, 77.110000 28.740000)"
10145,20145,NR,Mock Najafgarh - Punjabi Bagh 220 kV D/C Line 0145,220 kV,500,338.1,16.23,2,ACSR Moose,Single,Intra-State,Mock South Delhi Transmission Co.,Commissioned,2021,RTM,MOCK-NIP-00145,No,2021,,,,,,"Mock coordinates: Najafgarh (28.61000N, 76.98000E) to Punjabi Bagh (28.67000N, 77.13000E)",220 kV (Commissioned),10145,Synthetic geometry constrained to approximate Delhi NCT study area,16.23,16.23,"LINESTRING (76.980000 28.610000, 77.003741 28.622583, 77.045781 28.630234, 77.097306 28.654942, 77.130000 28.670000)"
10146,20146,NR,Mock Dwarka - Okhla 220 kV D/C Line 0146,220 kV,1000,0.0,25.48,2,AAAC,Single,Intra-State,Mock North Delhi Transmission Co.,Under Construction,June 2025,TBCB,MOCK-NIP-00146,No,June 2025,,,,,,"Mock coordinates: Dwarka (28.59000N, 77.03000E) to Okhla (28.53000N, 77.28000E)",220 kV (Under Construction),10146,Synthetic geometry constrained to approximate Delhi NCT study area,25.48,25.48,"LINESTRING (77.030000 28.590000, 77.072150 28.587205, 77.164084 28.569262, 77.235673 28.541653, 77.280000 28.530000)"
10147,20147,NR,Mock Badarpur - Mayur Vihar 220 kV S/C Line 0147,220 kV,250,0.0,12.26,1,ACSR Zebra,Twin,Intra-State,Mock North Delhi Transmission Co.,Under Construction,March 2027,RTM,MOCK-NIP-00147,Yes,March 2027,1.0,Mock North Delhi Transmission Co.,36.0,8.0,24.0,"Mock coordinates: Badarpur (28.50000N, 77.30000E) to Mayur Vihar (28.61000N, 77.30000E)",220 kV (Under Construction),10147,Synthetic geometry constrained to approximate Delhi NCT study area,12.26,12.26,"LINESTRING (77.300000 28.500000, 77.304225 28.564412, 77.300000 28.610000)"
10148,20148,NR,Mock Mundka - Lodhi Road 400 kV S/C Line 0148,400 kV,700,390.0,25.571,1,ACSR Zebra,Quad,Intra-State,Mock Inter-State Grid Delhi,Commissioned,2018,TBCB,MOCK-NIP-00148,Yes,2018,1.0,Mock Inter-State Grid Delhi,12.0,8.0,12.0,"Mock coordinates: Mundka (28.68000N, 76.98000E) to Lodhi Road (28.59000N, 77.22000E)",400 kV (Commissioned),10148,Synthetic geometry constrained to approximate Delhi NCT study area,25.571,25.571,"LINESTRING (76.980000 28.680000, 77.095814 28.625573, 77.220000 28.590000)"
10149,20149,NR,Mock Dwarka - Mayur Vihar 400 kV D/C Line 0149,400 kV,1900,0.0,26.454,2,ACSR Moose,Twin Moose,ISTS,Mock Inter-State Grid Delhi,Under Construction,January 2027,TBCB,MOCK-NIP-00149,Yes,January 2027,2.0,Mock Inter-State Grid Delhi,24.0,4.0,18.0,"Mock coordinates: Dwarka (28.59000N, 77.03000E) to Mayur Vihar (28.61000N, 77.30000E)",400 kV (Under Construction),10149,Synthetic geometry constrained to approximate Delhi NCT study area,26.454,26.454,"LINESTRING (77.030000 28.590000, 77.181698 28.600163, 77.300000 28.610000)"
10150,20150,NR,Mock Ridge - Mayur Vihar 220 kV D/C Line 0150,220 kV,550,269.2,15.133,2,ACSR Moose,Twin,Intra-State,Mock North Delhi Transmission Co.,Commissioned,2025,RTM,MOCK-NIP-00150,No,2025,,,,,,"Mock coordinates: Ridge (28.68000N, 77.17000E) to Mayur Vihar (28.61000N, 77.30000E)",220 kV (Commissioned),10150,Synthetic geometry constrained to approximate Delhi NCT study area,15.133,15.133,"LINESTRING (77.170000 28.680000, 77.196678 28.667568, 77.236790 28.633396, 77.276279 28.622060, 77.300000 28.610000)"
10151,20151,NR,Mock Mahipalpur - Patparganj 220 kV S/C Line 0151,220 kV,300,184.8,18.347,1,ACSR Zebra,Single,Intra-State,Mock South Delhi Transmission Co.,Commissioned,2020,TBCB,MOCK-NIP-00151,No,2020,,,,,,"Mock coordinates: Mahipalpur (28.55000N, 77.13000E) to Patparganj (28.63000N, 77.29000E)",220 kV (Commissioned),10151,Synthetic geometry constrained to approximate Delhi NCT study area,18.347,18.347,"LINESTRING (77.130000 28.550000, 77.223039 28.577609, 77.290000 28.630000)"
10152,20152,NR,Mock Dwarka - Mahipalpur 220 kV S/C Line 0152,220 kV,300,169.7,10.813,1,AAAC,Single,Intra-State,Mock South Delhi Transmission Co.,Commissioned,2020,TBCB,MOCK-NIP-00152,Yes,2020,1.0,Mock South Delhi Transmission Co.,36.0,2.0,18.0,"Mock coordinates: Dwarka (28.59000N, 77.03000E) to Mahipalpur (28.55000N, 77.13000E)",220 kV (Commissioned),10152,Synthetic geometry constrained to approximate Delhi NCT study area,10.813,10.813,"LINESTRING (77.030000 28.590000, 77.090996 28.572102, 77.130000 28.550000)"
10153,20153,NR,Mock Mundka - Ridge 400 kV D/C Line 0153,400 kV,1800,1050.4,18.612,2,AL 59 Zebra,Twin Moose,ISTS,Mock Inter-State Grid Delhi,Commissioned,2024,TBCB,MOCK-NIP-00153,Yes,2024,2.0,Mock Inter-State Grid Delhi,24.0,6.0,18.0,"Mock coordinates: Mundka (28.68000N, 76.98000E) to Ridge (28.68000N, 77.17000E)",400 kV (Commissioned),10153,Synthetic geometry constrained to approximate Delhi NCT study area,18.612,18.612,"LINESTRING (76.980000 28.680000, 77.088179 28.672490, 77.170000 28.680000)"
10154,20154,NR,Mock Mayur Vihar - Okhla 220 kV D/C Line 0154,220 kV,550,0.0,9.108,2,ACSR Zebra,Single,Intra-State,Mock South Delhi Transmission Co.,Under Construction,March 2028,TBCB,MOCK-NIP-00154,No,March 2028,,,,,,"Mock coordinates: Mayur Vihar (28.61000N, 77.30000E) to Okhla (28.53000N, 77.28000E)",220 kV (Under Construction),10154,Synthetic geometry constrained to approximate Delhi NCT study area,9.108,9.108,"LINESTRING (77.300000 28.610000, 77.292950 28.581067, 77.280000 28.530000)"
10155,20155,NR,Mock Mayur Vihar - Vasant Kunj 220 kV D/C Line 0155,220 kV,850,0.0,15.745,2,ACSR Zebra,Single,Intra-State,Mock South Delhi Transmission Co.,Under Bidding,March 2025,RTM,MOCK-NIP-00155,Yes,March 2025,2.0,Mock South Delhi Transmission Co.,36.0,8.0,12.0,"Mock coordinates: Mayur Vihar (28.61000N, 77.30000E) to Vasant Kunj (28.54000N, 77.16000E)",220 kV (Under Bidding),10155,Synthetic geometry constrained to approximate Delhi NCT study area,15.745,15.745,"LINESTRING (77.300000 28.610000, 77.223623 28.568508, 77.160000 28.540000)"
10156,20156,NR,Mock Shahdara - Vasant Kunj 220 kV D/C Line 0156,220 kV,900,380.8,19.254,2,ACSR Zebra,Twin,Intra-State,Mock North Delhi Transmission Co.,Commissioned,2022,TBCB,MOCK-NIP-00156,Yes,2022,2.0,Mock North Delhi Transmission Co.,18.0,8.0,24.0,"Mock coordinates: Shahdara (28.67000N, 77.29000E) to Vasant Kunj (28.54000N, 77.16000E)",220 kV (Commissioned),10156,Synthetic geometry constrained to approximate Delhi NCT study area,19.254,19.254,"LINESTRING (77.290000 28.670000, 77.242845 28.617282, 77.160000 28.540000)"
10157,20157,NR,Mock Rohini - Mundka 400 kV D/C Line 0157,400 kV,2400,0.0,14.561,2,AL 59 Zebra,Twin Moose,ISTS,Mock Inter-State Grid Delhi,Under Construction,January 2025,RTM,MOCK-NIP-00157,Yes,January 2025,2.0,Mock Inter-State Grid Delhi,24.0,4.0,18.0,"Mock coordinates: Rohini (28.74000N, 77.11000E) to Mundka (28.68000N, 76.98000E)",400 kV (Under Construction),10157,Synthetic geometry constrained to approximate Delhi NCT study area,14.561,14.561,"LINESTRING (77.110000 28.740000, 77.077678 28.731416, 77.027039 28.709304, 76.990575 28.692604, 76.980000 28.680000)"
10158,20158,NR,Mock Mundka - Pusa 220 kV S/C Line 0158,220 kV,450,336.5,19.128,1,ACSR Moose,Twin,Intra-State,Mock South Delhi Transmission Co.,Commissioned,2025,RTM,MOCK-NIP-00158,No,2025,,,,,,"Mock coordinates: Mundka (28.68000N, 76.98000E) to Pusa (28.64000N, 77.17000E)",220 kV (Commissioned),10158,Synthetic geometry constrained to approximate Delhi NCT study area,19.128,19.128,"LINESTRING (76.980000 28.680000, 77.092746 28.649286, 77.170000 28.640000)"
10159,20159,NR,Mock Dwarka - Wazirabad 220 kV S/C Line 0159,220 kV,250,196.9,20.183,1,AAAC,Twin,Intra-State,Mock South Delhi Transmission Co.,Commissioned,2021,TBCB,MOCK-NIP-00159,No,2021,,,,,,"Mock coordinates: Dwarka (28.59000N, 77.03000E) to Wazirabad (28.71000N, 77.18000E)",220 kV (Commissioned),10159,Synthetic geometry constrained to approximate Delhi NCT study area,20.183,20.183,"LINESTRING (77.030000 28.590000, 77.064007 28.605439, 77.119277 28.639200, 77.157900 28.688713, 77.180000 28.710000)"
10160,20160,NR,Mock Lodhi Road - Punjabi Bagh 400 kV S/C Line 0160,400 kV,850,385.2,12.673,1,AL 59 Zebra,Twin Moose,Intra-State,Mock Delhi Transmission Utility,Commissioned,2023,RTM,MOCK-NIP-00160,No,2023,,,,,,"Mock coordinates: Lodhi Road (28.59000N, 77.22000E) to Punjabi Bagh (28.67000N, 77.13000E)",400 kV (Commissioned),10160,Synthetic geometry constrained to approximate Delhi NCT study area,12.673,12.673,"LINESTRING (77.220000 28.590000, 77.163791 28.626753, 77.130000 28.670000)"
10161,20161,NR,Mock Mundka - Bamnoli 400 kV D/C Line 0161,400 kV,2150,0.0,16.989,2,ACSR Zebra,Twin Moose,Intra-State,Mock Delhi Transmission Utility,Planned,January 2026,RTM,MOCK-NIP-00161,No,January 2026,,,,,,"Mock coordinates: Mundka (28.68000N, 76.98000E) to Bamnoli (28.53000N, 77.00000E)",400 kV (Planned),10161,Synthetic geometry constrained to approximate Delhi NCT study area,16.989,16.989,"LINESTRING (76.980000 28.680000, 77.002989 28.607051, 77.000000 28.530000)"
10162,20162,NR,Mock Sarita Vihar - Mayur Vihar 220 kV D/C Line 0162,220 kV,850,402.9,9.025,2,ACSR Zebra,Single,Intra-State,Mock South Delhi Transmission Co.,Commissioned,2021,RTM,MOCK-NIP-00162,Yes,2021,2.0,Mock South Delhi Transmission Co.,18.0,6.0,18.0,"Mock coordinates: Sarita Vihar (28.53000N, 77.30000E) to Mayur Vihar (28.61000N, 77.30000E)",220 kV (Commissioned),10162,Synthetic geometry constrained to approximate Delhi NCT study area,9.025,9.025,"LINESTRING (77.300000 28.530000, 77.292314 28.576379, 77.300000 28.610000)"
10163,20163,NR,Mock Ridge - Rohini 220 kV S/C Line 0163,220 kV,400,310.8,8.966,1,ACSR Moose,Twin,Intra-State,Mock North Delhi Transmission Co.,Commissioned,2019,RTM,MOCK-NIP-00163,No,2019,,,,,,"Mock coordinates: Ridge (28.68000N, 77.17000E) to Rohini (28.74000N, 77.11000E)",220 kV (Commissioned),10163,Synthetic geometry constrained to approximate Delhi NCT study area,8.966,8.966,"LINESTRING (77.170000 28.680000, 77.133166 28.708125, 77.110000 28.740000)"
10164,20164,NR,Mock Narela - Wazirabad 220 kV D/C Line 0164,220 kV,600,328.0,17.869,2,ACSR Zebra,Twin,Intra-State,Mock Delhi Transmission Utility,Commissioned,2024,TBCB,MOCK-NIP-00164,No,2024,,,,,,"Mock coordinates: Narela (28.85000N, 77.09000E) to Wazirabad (28.71000N, 77.18000E)",220 kV (Commissioned),10164,Synthetic geometry constrained to approximate Delhi NCT study area,17.869,17.869,"LINESTRING (77.090000 28.850000, 77.142254 28.769915, 77.180000 28.710000)"
10165,20165,NR,Mock Mahipalpur - Punjabi Bagh 220 kV D/C Line 0165,220 kV,800,397.4,13.695,2,ACSR Moose,Twin,Intra-State,Mock Delhi Transmission Utility,Commissioned,2022,TBCB,MOCK-NIP-00165,No,2022,,,,,,"Mock coordinates: Mahipalpur (28.55000N, 77.13000E) to Punjabi Bagh (28.67000N, 77.13000E)",220 kV (Commissioned),10165,Synthetic geometry constrained to approximate Delhi NCT study area,13.695,13.695,"LINESTRING (77.130000 28.550000, 77.114299 28.616370, 77.130000 28.670000)"
10166,20166,NR,Mock Wazirabad - Punjabi Bagh 220 kV S/C Line 0166,220 kV,400,202.2,7.147,1,ACSR Zebra,Twin,Intra-State,Mock North Delhi Transmission Co.,Commissioned,2024,TBCB,MOCK-NIP-00166,Yes,2024,1.0,Mock North Delhi Transmission Co.,18.0,6.0,12.0,"Mock coordinates: Wazirabad (28.71000N, 77.18000E) to Punjabi Bagh (28.67000N, 77.13000E)",220 kV (Commissioned),10166,Synthetic geometry constrained to approximate Delhi NCT study area,7.147,7.147,"LINESTRING (77.180000 28.710000, 77.161268 28.678460, 77.130000 28.670000)"
10167,20167,NR,Mock Shahdara - Patparganj 220 kV S/C Line 0167,220 kV,500,400.6,4.865,1,ACSR Moose,Twin,Intra-State,Mock South Delhi Transmission Co.,Commissioned,2022,RTM,MOCK-NIP-00167,No,2022,,,,,,"Mock coordinates: Shahdara (28.67000N, 77.29000E) to Patparganj (28.63000N, 77.29000E)",220 kV (Commissioned),10167,Synthetic geometry constrained to approximate Delhi NCT study area,4.865,4.865,"LINESTRING (77.290000 28.670000, 77.281765 28.637337, 77.290000 28.630000)"
10168,20168,NR,Mock Okhla - Dwarka 220 kV D/C Line 0168,220 kV,900,0.0,25.51,2,ACSR Zebra,Single,Intra-State,Mock Delhi Transmission Utility,Planned,December 2026,RTM,MOCK-NIP-00168,Yes,December 2026,2.0,Mock Delhi Transmission Utility,24.0,2.0,18.0,"Mock coordinates: Okhla (28.53000N, 77.28000E) to Dwarka (28.59000N, 77.03000E)",220 kV (Planned),10168,Synthetic geometry constrained to approximate Delhi NCT study area,25.51,25.51,"LINESTRING (77.280000 28.530000, 77.237685 28.532981, 77.156911 28.545239, 77.075892 28.573901, 77.030000 28.590000)"
10169,20169,NR,Mock Narela - Ridge 765 kV D/C Line 0169,765 kV,5050,2263.0,20.655,2,ACSR / AAAC / AL59,Hexa,ISTS,Mock Inter-State Grid Delhi,Commissioned,2019,TBCB,MOCK-NIP-00169,No,2019,,,,,,"Mock coordinates: Narela (28.85000N, 77.09000E) to Ridge (28.68000N, 77.17000E)",765 kV (Commissioned),10169,Synthetic geometry constrained to approximate Delhi NCT study area,20.655,20.655,"LINESTRING (77.090000 28.850000, 77.108755 28.819494, 77.142564 28.771816, 77.160302 28.706854, 77.170000 28.680000)"
10170,20170,NR,Mock Sarita Vihar - Dwarka 220 kV D/C Line 0170,220 kV,700,333.1,27.333,2,ACSR Moose,Single,Intra-State,Mock North Delhi Transmission Co.,Commissioned,2022,TBCB,MOCK-NIP-00170,No,2022,,,,,,"Mock coordinates: Sarita Vihar (28.53000N, 77.30000E) to Dwarka (28.59000N, 77.03000E)",220 kV (Commissioned),10170,Synthetic geometry constrained to approximate Delhi NCT study area,27.333,27.333,"LINESTRING (77.300000 28.530000, 77.168308 28.546868, 77.030000 28.590000)"
10171,20171,NR,Mock Bamnoli - Wazirabad 220 kV S/C Line 0171,220 kV,250,158.7,26.925,1,ACSR Zebra,Single,Intra-State,Mock North Delhi Transmission Co.,Commissioned,2022,TBCB,MOCK-NIP-00171,Yes,2022,1.0,Mock North Delhi Transmission Co.,36.0,6.0,12.0,"Mock coordinates: Bamnoli (28.53000N, 77.00000E) to Wazirabad (28.71000N, 77.18000E)",220 kV (Commissioned),10171,Synthetic geometry constrained to approximate Delhi NCT study area,26.925,26.925,"LINESTRING (77.000000 28.530000, 77.105968 28.609083, 77.180000 28.710000)"
10172,20172,NR,Mock Rohini - Dwarka 220 kV S/C Line 0172,220 kV,450,0.0,18.586,1,ACSR Moose,Twin,Intra-State,Mock North Delhi Transmission Co.,Under Bidding,December 2028,RTM,MOCK-NIP-00172,Yes,December 2028,1.0,Mock North Delhi Transmission Co.,12.0,6.0,18.0,"Mock coordinates: Rohini (28.74000N, 77.11000E) to Dwarka (28.59000N, 77.03000E)",220 kV (Under Bidding),10172,Synthetic geometry constrained to approximate Delhi NCT study area,18.586,18.586,"LINESTRING (77.110000 28.740000, 77.081073 28.659126, 77.030000 28.590000)"
10173,20173,NR,Mock Najafgarh - Bawana 220 kV S/C Line 0173,220 kV,250,177.3,22.324,1,ACSR Zebra,Twin,Intra-State,Mock Delhi Transmission Utility,Commissioned,2024,RTM,MOCK-NIP-00173,Yes,2024,1.0,Mock Delhi Transmission Utility,24.0,2.0,24.0,"Mock coordinates: Najafgarh (28.61000N, 76.98000E) to Bawana (28.80000N, 77.05000E)",220 kV (Commissioned),10173,Synthetic geometry constrained to approximate Delhi NCT study area,22.324,22.324,"LINESTRING (76.980000 28.610000, 77.031275 28.715638, 77.050000 28.800000)"
10174,20174,NR,Mock Ridge - Mahipalpur 220 kV D/C Line 0174,220 kV,500,0.0,15.401,2,ACSR Zebra,Single,Intra-State,Mock Delhi Transmission Utility,Under Bidding,December 2026,TBCB,MOCK-NIP-00174,Yes,December 2026,2.0,Mock Delhi Transmission Utility,36.0,8.0,18.0,"Mock coordinates: Ridge (28.68000N, 77.17000E) to Mahipalpur (28.55000N, 77.13000E)",220 kV (Under Bidding),10174,Synthetic geometry constrained to approximate Delhi NCT study area,15.401,15.401,"LINESTRING (77.170000 28.680000, 77.165027 28.602250, 77.130000 28.550000)"
10175,20175,NR,Mock Narela - Ridge 220 kV S/C Line 0175,220 kV,250,0.0,20.501,1,ACSR Zebra,Single,Intra-State,Mock North Delhi Transmission Co.,Under Construction,June 2025,TBCB,MOCK-NIP-00175,No,June 2025,,,,,,"Mock coordinates: Narela (28.85000N, 77.09000E) to Ridge (28.68000N, 77.17000E)",220 kV (Under Construction),10175,Synthetic geometry constrained to approximate Delhi NCT study area,20.501,20.501,"LINESTRING (77.090000 28.850000, 77.102554 28.814173, 77.136596 28.755184, 77.162910 28.700730, 77.170000 28.680000)"
10176,20176,NR,Mock Sarita Vihar - Mahipalpur 220 kV S/C Line 0176,220 kV,450,0.0,16.777,1,ACSR Moose,Single,Intra-State,Mock South Delhi Transmission Co.,Planned,December 2029,TBCB,MOCK-NIP-00176,No,December 2029,,,,,,"Mock coordinates: Sarita Vihar (28.53000N, 77.30000E) to Mahipalpur (28.55000N, 77.13000E)",220 kV (Planned),10176,Synthetic geometry constrained to approximate Delhi NCT study area,16.777,16.777,"LINESTRING (77.300000 28.530000, 77.212092 28.544280, 77.130000 28.550000)"
10177,20177,NR,Mock Okhla - Sarita Vihar 220 kV D/C Line 0177,220 kV,850,511.1,3.974,2,ACSR Zebra,Twin,Intra-State,Mock North Delhi Transmission Co.,Commissioned,2021,TBCB,MOCK-NIP-00177,No,2021,,,,,,"Mock coordinates: Okhla (28.53000N, 77.28000E) to Sarita Vihar (28.53000N, 77.30000E)",220 kV (Commissioned),10177,Synthetic geometry constrained to approximate Delhi NCT study area,3.974,3.974,"LINESTRING (77.280000 28.530000, 77.281736 28.515782, 77.300000 28.530000)"
10178,20178,NR,Mock Bamnoli - Dwarka 400 kV S/C Line 0178,400 kV,1100,494.2,7.31,1,ACSR Moose,Twin Moose,Intra-State,Mock Inter-State Grid Delhi,Commissioned,2023,TBCB,MOCK-NIP-00178,No,2023,,,,,,"Mock coordinates: Bamnoli (28.53000N, 77.00000E) to Dwarka (28.59000N, 77.03000E)",400 kV (Commissioned),10178,Synthetic geometry constrained to approximate Delhi NCT study area,7.31,7.31,"LINESTRING (77.000000 28.530000, 77.016213 28.568737, 77.030000 28.590000)"
10179,20179,NR,Mock Badarpur - Pusa 220 kV S/C Line 0179,220 kV,450,0.0,20.164,1,ACSR Zebra,Twin,Intra-State,Mock North Delhi Transmission Co.,Under Bidding,March 2025,TBCB,MOCK-NIP-00179,Yes,March 2025,1.0,Mock North Delhi Transmission Co.,18.0,2.0,24.0,"Mock coordinates: Badarpur (28.50000N, 77.30000E) to Pusa (28.64000N, 77.17000E)",220 kV (Under Bidding),10179,Synthetic geometry constrained to approximate Delhi NCT study area,20.164,20.164,"LINESTRING (77.300000 28.500000, 77.218015 28.576017, 77.170000 28.640000)"
10180,20180,NR,Mock Mayur Vihar - Rohini 220 kV S/C Line 0180,220 kV,250,0.0,23.507,1,ACSR Zebra,Twin,Intra-State,Mock North Delhi Transmission Co.,Planned,June 2029,RTM,MOCK-NIP-00180,Yes,June 2029,1.0,Mock North Delhi Transmission Co.,12.0,6.0,24.0,"Mock coordinates: Mayur Vihar (28.61000N, 77.30000E) to Rohini (28.74000N, 77.11000E)",220 kV (Planned),10180,Synthetic geometry constrained to approximate Delhi NCT study area,23.507,23.507,"LINESTRING (77.300000 28.610000, 77.198942 28.678424, 77.110000 28.740000)"
10181,20181,NR,Mock Sarita Vihar - Lodhi Road 400 kV S/C Line 0181,400 kV,800,0.0,10.897,1,ACSR Zebra,Twin Moose,ISTS,Mock Inter-State Grid Delhi,Under Construction,June 2027,RTM,MOCK-NIP-00181,No,June 2027,,,,,,"Mock coordinates: Sarita Vihar (28.53000N, 77.30000E) to Lodhi Road (28.59000N, 77.22000E)",400 kV (Under Construction),10181,Synthetic geometry constrained to approximate Delhi NCT study area,10.897,10.897,"LINESTRING (77.300000 28.530000, 77.276863 28.543803, 77.245637 28.554053, 77.232475 28.582946, 77.220000 28.590000)"
10182,20182,NR,Mock Narela - Ridge 220 kV D/C Line 0182,220 kV,550,0.0,20.662,2,ACSR Moose,Twin,Intra-State,Mock South Delhi Transmission Co.,Planned,June 2026,RTM,MOCK-NIP-00182,No,June 2026,,,,,,"Mock coordinates: Narela (28.85000N, 77.09000E) to Ridge (28.68000N, 77.17000E)",220 kV (Planned),10182,Synthetic geometry constrained to approximate Delhi NCT study area,20.662,20.662,"LINESTRING (77.090000 28.850000, 77.142627 28.773125, 77.170000 28.680000)"
10183,20183,NR,Mock Rohini - Mahipalpur 765 kV D/C Line 0183,765 kV,5400,2213.5,21.25,2,ACSR / AAAC / AL59,Quad,ISTS,Mock Powergrid Delhi,Commissioned,2019,RTM,MOCK-NIP-00183,Yes,2019,2.0,Mock Powergrid Delhi,12.0,8.0,18.0,"Mock coordinates: Rohini (28.74000N, 77.11000E) to Mahipalpur (28.55000N, 77.13000E)",765 kV (Commissioned),10183,Synthetic geometry constrained to approximate Delhi NCT study area,21.25,21.25,"LINESTRING (77.110000 28.740000, 77.114485 28.639586, 77.130000 28.550000)"
10184,20184,NR,Mock Shahdara - Mahipalpur 220 kV S/C Line 0184,220 kV,300,0.0,20.622,1,ACSR Zebra,Twin,Intra-State,Mock South Delhi Transmission Co.,Under Bidding,January 2027,RTM,MOCK-NIP-00184,Yes,January 2027,1.0,Mock South Delhi Transmission Co.,24.0,6.0,12.0,"Mock coordinates: Shahdara (28.67000N, 77.29000E) to Mahipalpur (28.55000N, 77.13000E)",220 kV (Under Bidding),10184,Synthetic geometry constrained to approximate Delhi NCT study area,20.622,20.622,"LINESTRING (77.290000 28.670000, 77.223844 28.609792, 77.130000 28.550000)"
10185,20185,NR,Mock Rohini - Patparganj 220 kV S/C Line 0185,220 kV,400,173.1,21.494,1,AAAC,Single,Intra-State,Mock South Delhi Transmission Co.,Commissioned,2024,TBCB,MOCK-NIP-00185,No,2024,,,,,,"Mock coordinates: Rohini (28.74000N, 77.11000E) to Patparganj (28.63000N, 77.29000E)",220 kV (Commissioned),10185,Synthetic geometry constrained to approximate Delhi NCT study area,21.494,21.494,"LINESTRING (77.110000 28.740000, 77.188124 28.681264, 77.290000 28.630000)"
10186,20186,NR,Mock Najafgarh - Bawana 220 kV S/C Line 0186,220 kV,450,219.8,22.328,1,ACSR Zebra,Single,Intra-State,Mock North Delhi Transmission Co.,Commissioned,2019,TBCB,MOCK-NIP-00186,Yes,2019,1.0,Mock North Delhi Transmission Co.,24.0,8.0,12.0,"Mock coordinates: Najafgarh (28.61000N, 76.98000E) to Bawana (28.80000N, 77.05000E)",220 kV (Commissioned),10186,Synthetic geometry constrained to approximate Delhi NCT study area,22.328,22.328,"LINESTRING (76.980000 28.610000, 76.989592 28.642823, 77.000645 28.696167, 77.035486 28.760841, 77.050000 28.800000)"
10187,20187,NR,Mock Wazirabad - Narela 220 kV S/C Line 0187,220 kV,450,178.9,17.919,1,ACSR Zebra,Single,Intra-State,Mock North Delhi Transmission Co.,Commissioned,2024,TBCB,MOCK-NIP-00187,No,2024,,,,,,"Mock coordinates: Wazirabad (28.71000N, 77.18000E) to Narela (28.85000N, 77.09000E)",220 kV (Commissioned),10187,Synthetic geometry constrained to approximate Delhi NCT study area,17.919,17.919,"LINESTRING (77.180000 28.710000, 77.124450 28.784146, 77.090000 28.850000)"
10188,20188,NR,Mock Najafgarh - Bamnoli 220 kV D/C Line 0188,220 kV,550,310.5,9.441,2,ACSR Zebra,Twin,Intra-State,Mock North Delhi Transmission Co.,Commissioned,2024,RTM,MOCK-NIP-00188,Yes,2024,2.0,Mock North Delhi Transmission Co.,18.0,2.0,18.0,"Mock coordinates: Najafgarh (28.61000N, 76.98000E) to Bamnoli (28.53000N, 77.00000E)",220 kV (Commissioned),10188,Synthetic geometry constrained to approximate Delhi NCT study area,9.441,9.441,"LINESTRING (76.980000 28.610000, 77.003878 28.566082, 77.000000 28.530000)"
10189,20189,NR,Mock Lodhi Road - Mayur Vihar 220 kV S/C Line 0189,220 kV,450,282.9,8.128,1,AAAC,Twin,Intra-State,Mock Delhi Transmission Utility,Commissioned,2020,TBCB,MOCK-NIP-00189,No,2020,,,,,,"Mock coordinates: Lodhi Road (28.59000N, 77.22000E) to Mayur Vihar (28.61000N, 77.30000E)",220 kV (Commissioned),10189,Synthetic geometry constrained to approximate Delhi NCT study area,8.128,8.128,"LINESTRING (77.220000 28.590000, 77.276763 28.605612, 77.300000 28.610000)"
10190,20190,NR,Mock Wazirabad - Mayur Vihar 400 kV S/C Line 0190,400 kV,950,751.7,16.166,1,AL 59 Zebra,Twin Moose,Intra-State,Mock Delhi Transmission Utility,Commissioned,2023,TBCB,MOCK-NIP-00190,Yes,2023,1.0,Mock Delhi Transmission Utility,12.0,2.0,18.0,"Mock coordinates: Wazirabad (28.71000N, 77.18000E) to Mayur Vihar (28.61000N, 77.30000E)",400 kV (Commissioned),10190,Synthetic geometry constrained to approximate Delhi NCT study area,16.166,16.166,"LINESTRING (77.180000 28.710000, 77.228224 28.674531, 77.300000 28.610000)"
10191,20191,NR,Mock Pusa - Sarita Vihar 400 kV S/C Line 0191,400 kV,850,0.0,17.737,1,AL 59 Zebra,Twin Moose,Intra-State,Mock Inter-State Grid Delhi,Under Bidding,December 2029,RTM,MOCK-NIP-00191,Yes,December 2029,1.0,Mock Inter-State Grid Delhi,12.0,2.0,24.0,"Mock coordinates: Pusa (28.64000N, 77.17000E) to Sarita Vihar (28.53000N, 77.30000E)",400 kV (Under Bidding),10191,Synthetic geometry constrained to approximate Delhi NCT study area,17.737,17.737,"LINESTRING (77.170000 28.640000, 77.236874 28.595699, 77.300000 28.530000)"
10192,20192,NR,Mock Wazirabad - Okhla 220 kV D/C Line 0192,220 kV,1000,695.1,22.531,2,ACSR Zebra,Single,Intra-State,Mock North Delhi Transmission Co.,Commissioned,2024,RTM,MOCK-NIP-00192,Yes,2024,2.0,Mock North Delhi Transmission Co.,12.0,8.0,18.0,"Mock coordinates: Wazirabad (28.71000N, 77.18000E) to Okhla (28.53000N, 77.28000E)",220 kV (Commissioned),10192,Synthetic geometry constrained to approximate Delhi NCT study area,22.531,22.531,"LINESTRING (77.180000 28.710000, 77.243229 28.631404, 77.280000 28.530000)"
10193,20193,NR,Mock Bamnoli - Rohini 220 kV D/C Line 0193,220 kV,650,323.0,25.704,2,ACSR Zebra,Twin,Intra-State,Mock North Delhi Transmission Co.,Commissioned,2025,RTM,MOCK-NIP-00193,No,2025,,,,,,"Mock coordinates: Bamnoli (28.53000N, 77.00000E) to Rohini (28.74000N, 77.11000E)",220 kV (Commissioned),10193,Synthetic geometry constrained to approximate Delhi NCT study area,25.704,25.704,"LINESTRING (77.000000 28.530000, 77.063847 28.647625, 77.110000 28.740000)"
10194,20194,NR,Mock Okhla - Vasant Kunj 220 kV D/C Line 0194,220 kV,600,0.0,11.921,2,ACSR Zebra,Single,Intra-State,Mock South Delhi Transmission Co.,Under Bidding,December 2029,RTM,MOCK-NIP-00194,Yes,December 2029,2.0,Mock South Delhi Transmission Co.,12.0,4.0,12.0,"Mock coordinates: Okhla (28.53000N, 77.28000E) to Vasant Kunj (28.54000N, 77.16000E)",220 kV (Under Bidding),10194,Synthetic geometry constrained to approximate Delhi NCT study area,11.921,11.921,"LINESTRING (77.280000 28.530000, 77.261183 28.537813, 77.228237 28.538149, 77.182769 28.539166, 77.160000 28.540000)"
10195,20195,NR,Mock Dwarka - Rohini 400 kV D/C Line 0195,400 kV,2400,1228.8,18.474,2,AL 59 Zebra,Twin Moose,ISTS,Mock Inter-State Grid Delhi,Commissioned,2021,TBCB,MOCK-NIP-00195,No,2021,,,,,,"Mock coordinates: Dwarka (28.59000N, 77.03000E) to Rohini (28.74000N, 77.11000E)",400 kV (Commissioned),10195,Synthetic geometry constrained to approximate Delhi NCT study area,18.474,18.474,"LINESTRING (77.030000 28.590000, 77.060982 28.663693, 77.110000 28.740000)"
10196,20196,NR,Mock Punjabi Bagh - Patparganj 220 kV S/C Line 0196,220 kV,350,0.0,16.331,1,ACSR Zebra,Single,Intra-State,Mock North Delhi Transmission Co.,Under Bidding,December 2026,RTM,MOCK-NIP-00196,Yes,December 2026,1.0,Mock North Delhi Transmission Co.,18.0,4.0,24.0,"Mock coordinates: Punjabi Bagh (28.67000N, 77.13000E) to Patparganj (28.63000N, 77.29000E)",220 kV (Under Bidding),10196,Synthetic geometry constrained to approximate Delhi NCT study area,16.331,16.331,"LINESTRING (77.130000 28.670000, 77.198393 28.661114, 77.290000 28.630000)"
10197,20197,NR,Mock Bamnoli - Ridge 400 kV S/C Line 0197,400 kV,750,288.1,23.628,1,ACSR Moose,Twin Moose,ISTS,Mock Delhi Transmission Utility,Commissioned,2022,RTM,MOCK-NIP-00197,No,2022,,,,,,"Mock coordinates: Bamnoli (28.53000N, 77.00000E) to Ridge (28.68000N, 77.17000E)",400 kV (Commissioned),10197,Synthetic geometry constrained to approximate Delhi NCT study area,23.628,23.628,"LINESTRING (77.000000 28.530000, 77.074442 28.609548, 77.170000 28.680000)"
10198,20198,NR,Mock Mahipalpur - Lodhi Road 220 kV D/C Line 0198,220 kV,950,0.0,9.891,2,AAAC,Twin,Intra-State,Mock South Delhi Transmission Co.,Under Construction,December 2027,TBCB,MOCK-NIP-00198,No,December 2027,,,,,,"Mock coordinates: Mahipalpur (28.55000N, 77.13000E) to Lodhi Road (28.59000N, 77.22000E)",220 kV (Under Construction),10198,Synthetic geometry constrained to approximate Delhi NCT study area,9.891,9.891,"LINESTRING (77.130000 28.550000, 77.189237 28.580548, 77.220000 28.590000)"
10199,20199,NR,Mock Punjabi Bagh - Vasant Kunj 400 kV D/C Line 0199,400 kV,2300,1882.0,14.997,2,AL 59 Zebra,Quad,ISTS,Mock Delhi Transmission Utility,Commissioned,2020,RTM,MOCK-NIP-00199,No,2020,,,,,,"Mock coordinates: Punjabi Bagh (28.67000N, 77.13000E) to Vasant Kunj (28.54000N, 77.16000E)",400 kV (Commissioned),10199,Synthetic geometry constrained to approximate Delhi NCT study area,14.997,14.997,"LINESTRING (77.130000 28.670000, 77.138571 28.644822, 77.137745 28.593243, 77.156549 28.555769, 77.160000 28.540000)"
10200,20200,NR,Mock Mayur Vihar - Vasant Kunj 220 kV S/C Line 0200,220 kV,250,154.1,15.736,1,AAAC,Single,Intra-State,Mock South Delhi Transmission Co.,Commissioned,2022,RTM,MOCK-NIP-00200,No,2022,,,,,,"Mock coordinates: Mayur Vihar (28.61000N, 77.30000E) to Vasant Kunj (28.54000N, 77.16000E)",220 kV (Commissioned),10200,Synthetic geometry constrained to approximate Delhi NCT study area,15.736,15.736,"LINESTRING (77.300000 28.610000, 77.221339 28.572557, 77.160000 28.540000)"
10201,20201,NR,Mock Najafgarh - Ridge 220 kV D/C Line 0201,220 kV,900,0.0,20.343,2,ACSR Moose,Single,Intra-State,Mock Delhi Transmission Utility,Under Construction,June 2027,TBCB,MOCK-NIP-00201,Yes,June 2027,2.0,Mock Delhi Transmission Utility,24.0,6.0,18.0,"Mock coordinates: Najafgarh (28.61000N, 76.98000E) to Ridge (28.68000N, 77.17000E)",220 kV (Under Construction),10201,Synthetic geometry constrained to approximate Delhi NCT study area,20.343,20.343,"LINESTRING (76.980000 28.610000, 77.013529 28.616006, 77.088554 28.635434, 77.145194 28.667557, 77.170000 28.680000)"
10202,20202,NR,Mock Wazirabad - Lodhi Road 400 kV D/C Line 0202,400 kV,1800,0.0,14.178,2,ACSR Moose,Quad,Intra-State,Mock Delhi Transmission Utility,Under Bidding,March 2026,TBCB,MOCK-NIP-00202,No,March 2026,,,,,,"Mock coordinates: Wazirabad (28.71000N, 77.18000E) to Lodhi Road (28.59000N, 77.22000E)",400 kV (Under Bidding),10202,Synthetic geometry constrained to approximate Delhi NCT study area,14.178,14.178,"LINESTRING (77.180000 28.710000, 77.183932 28.654032, 77.220000 28.590000)"
10203,20203,NR,Mock Okhla - Sarita Vihar 220 kV S/C Line 0203,220 kV,300,0.0,4.496,1,ACSR Moose,Twin,Intra-State,Mock North Delhi Transmission Co.,Under Bidding,January 2025,TBCB,MOCK-NIP-00203,No,January 2025,,,,,,"Mock coordinates: Okhla (28.53000N, 77.28000E) to Sarita Vihar (28.53000N, 77.30000E)",220 kV (Under Bidding),10203,Synthetic geometry constrained to approximate Delhi NCT study area,4.496,4.496,"LINESTRING (77.280000 28.530000, 77.307539 28.541785, 77.300000 28.530000)"
10204,20204,NR,Mock Patparganj - Vasant Kunj 220 kV S/C Line 0204,220 kV,350,268.7,16.387,1,ACSR Moose,Single,Intra-State,Mock North Delhi Transmission Co.,Commissioned,2018,TBCB,MOCK-NIP-00204,Yes,2018,1.0,Mock North Delhi Transmission Co.,18.0,6.0,12.0,"Mock coordinates: Patparganj (28.63000N, 77.29000E) to Vasant Kunj (28.54000N, 77.16000E)",220 kV (Commissioned),10204,Synthetic geometry constrained to approximate Delhi NCT study area,16.387,16.387,"LINESTRING (77.290000 28.630000, 77.214538 28.593206, 77.160000 28.540000)"
10205,20205,NR,Mock Okhla - Ridge 400 kV S/C Line 0205,400 kV,850,461.2,19.856,1,AL 59 Zebra,Quad,ISTS,Mock Inter-State Grid Delhi,Commissioned,2022,TBCB,MOCK-NIP-00205,Yes,2022,1.0,Mock Inter-State Grid Delhi,12.0,6.0,18.0,"Mock coordinates: Okhla (28.53000N, 77.28000E) to Ridge (28.68000N, 77.17000E)",400 kV (Commissioned),10205,Synthetic geometry constrained to approximate Delhi NCT study area,19.856,19.856,"LINESTRING (77.280000 28.530000, 77.236996 28.595717, 77.170000 28.680000)"
10206,20206,NR,Mock Patparganj - Pusa 400 kV S/C Line 0206,400 kV,800,458.2,11.765,1,ACSR Zebra,Twin Moose,ISTS,Mock Inter-State Grid Delhi,Commissioned,2021,TBCB,MOCK-NIP-00206,No,2021,,,,,,"Mock coordinates: Patparganj (28.63000N, 77.29000E) to Pusa (28.64000N, 77.17000E)",400 kV (Commissioned),10206,Synthetic geometry constrained to approximate Delhi NCT study area,11.765,11.765,"LINESTRING (77.290000 28.630000, 77.230730 28.635724, 77.170000 28.640000)"
10207,20207,NR,Mock Mundka - Wazirabad 220 kV S/C Line 0207,220 kV,450,0.0,19.88,1,ACSR Zebra,Twin,Intra-State,Mock Delhi Transmission Utility,Under Construction,September 2025,RTM,MOCK-NIP-00207,No,September 2025,,,,,,"Mock coordinates: Mundka (28.68000N, 76.98000E) to Wazirabad (28.71000N, 77.18000E)",220 kV (Under Construction),10207,Synthetic geometry constrained to approximate Delhi NCT study area,19.88,19.88,"LINESTRING (76.980000 28.680000, 77.016348 28.687998, 77.088427 28.697691, 77.142398 28.710210, 77.180000 28.710000)"
10208,20208,NR,Mock Patparganj - Badarpur 220 kV S/C Line 0208,220 kV,500,256.6,14.75,1,AAAC,Single,Intra-State,Mock South Delhi Transmission Co.,Commissioned,2020,RTM,MOCK-NIP-00208,No,2020,,,,,,"Mock coordinates: Patparganj (28.63000N, 77.29000E) to Badarpur (28.50000N, 77.30000E)",220 kV (Commissioned),10208,Synthetic geometry constrained to approximate Delhi NCT study area,14.75,14.75,"LINESTRING (77.290000 28.630000, 77.281449 28.557582, 77.300000 28.500000)"
10209,20209,NR,Mock Shahdara - Wazirabad 400 kV S/C Line 0209,400 kV,1200,735.3,11.707,1,ACSR Moose,Quad,ISTS,Mock Inter-State Grid Delhi,Commissioned,2023,TBCB,MOCK-NIP-00209,Yes,2023,1.0,Mock Inter-State Grid Delhi,12.0,2.0,12.0,"Mock coordinates: Shahdara (28.67000N, 77.29000E) to Wazirabad (28.71000N, 77.18000E)",400 kV (Commissioned),10209,Synthetic geometry constrained to approximate Delhi NCT study area,11.707,11.707,"LINESTRING (77.290000 28.670000, 77.274313 28.678209, 77.235417 28.693531, 77.200704 28.707571, 77.180000 28.710000)"
10210,20210,NR,Mock Ridge - Mayur Vihar 400 kV S/C Line 0210,400 kV,1200,0.0,15.32,1,ACSR Zebra,Quad,ISTS,Mock Delhi Transmission Utility,Planned,January 2028,TBCB,MOCK-NIP-00210,No,January 2028,,,,,,"Mock coordinates: Ridge (28.68000N, 77.17000E) to Mayur Vihar (28.61000N, 77.30000E)",400 kV (Planned),10210,Synthetic geometry constrained to approximate Delhi NCT study area,15.32,15.32,"LINESTRING (77.170000 28.680000, 77.222369 28.632702, 77.300000 28.610000)"
10211,20211,NR,Mock Najafgarh - Bawana 220 kV S/C Line 0211,220 kV,450,230.3,22.36,1,ACSR Moose,Twin,Intra-State,Mock Delhi Transmission Utility,Commissioned,2025,RTM,MOCK-NIP-00211,No,2025,,,,,,"Mock coordinates: Najafgarh (28.61000N, 76.98000E) to Bawana (28.80000N, 77.05000E)",220 kV (Commissioned),10211,Synthetic geometry constrained to approximate Delhi NCT study area,22.36,22.36,"LINESTRING (76.980000 28.610000, 77.027681 28.700806, 77.050000 28.800000)"
10212,20212,NR,Mock Punjabi Bagh - Mahipalpur 220 kV D/C Line 0212,220 kV,1000,425.6,13.617,2,ACSR Moose,Single,Intra-State,Mock North Delhi Transmission Co.,Commissioned,2019,TBCB,MOCK-NIP-00212,No,2019,,,,,,"Mock coordinates: Punjabi Bagh (28.67000N, 77.13000E) to Mahipalpur (28.55000N, 77.13000E)",220 kV (Commissioned),10212,Synthetic geometry constrained to approximate Delhi NCT study area,13.617,13.617,"LINESTRING (77.130000 28.670000, 77.143625 28.597789, 77.130000 28.550000)"
10213,20213,NR,Mock Mundka - Ridge 220 kV D/C Line 0213,220 kV,600,0.0,18.812,2,ACSR Moose,Single,Intra-State,Mock South Delhi Transmission Co.,Under Bidding,January 2029,TBCB,MOCK-NIP-00213,Yes,January 2029,2.0,Mock South Delhi Transmission Co.,18.0,8.0,18.0,"Mock coordinates: Mundka (28.68000N, 76.98000E) to Ridge (28.68000N, 77.17000E)",220 kV (Under Bidding),10213,Synthetic geometry constrained to approximate Delhi NCT study area,18.812,18.812,"LINESTRING (76.980000 28.680000, 77.083151 28.694447, 77.170000 28.680000)"
10214,20214,NR,Mock Wazirabad - Patparganj 220 kV S/C Line 0214,220 kV,350,0.0,14.167,1,ACSR Moose,Twin,Intra-State,Mock South Delhi Transmission Co.,Planned,September 2026,TBCB,MOCK-NIP-00214,No,September 2026,,,,,,"Mock coordinates: Wazirabad (28.71000N, 77.18000E) to Patparganj (28.63000N, 77.29000E)",220 kV (Planned),10214,Synthetic geometry constrained to approximate Delhi NCT study area,14.167,14.167,"LINESTRING (77.180000 28.710000, 77.232865 28.656900, 77.290000 28.630000)"
10215,20215,NR,Mock Badarpur - Ridge 220 kV S/C Line 0215,220 kV,250,192.9,23.709,1,ACSR Zebra,Twin,Intra-State,Mock Delhi Transmission Utility,Commissioned,2023,TBCB,MOCK-NIP-00215,No,2023,,,,,,"Mock coordinates: Badarpur (28.50000N, 77.30000E) to Ridge (28.68000N, 77.17000E)",220 kV (Commissioned),10215,Synthetic geometry constrained to approximate Delhi NCT study area,23.709,23.709,"LINESTRING (77.300000 28.500000, 77.241347 28.586546, 77.170000 28.680000)"
10216,20216,NR,Mock Bamnoli - Mahipalpur 400 kV D/C Line 0216,400 kV,2250,1008.9,13.395,2,AL 59 Zebra,Quad,ISTS,Mock Inter-State Grid Delhi,Commissioned,2019,TBCB,MOCK-NIP-00216,Yes,2019,2.0,Mock Inter-State Grid Delhi,12.0,2.0,12.0,"Mock coordinates: Bamnoli (28.53000N, 77.00000E) to Mahipalpur (28.55000N, 77.13000E)",400 kV (Commissioned),10216,Synthetic geometry constrained to approximate Delhi NCT study area,13.395,13.395,"LINESTRING (77.000000 28.530000, 77.030394 28.527618, 77.081925 28.526511, 77.109994 28.541288, 77.130000 28.550000)"
10217,20217,NR,Mock Punjabi Bagh - Vasant Kunj 220 kV D/C Line 0217,220 kV,700,452.3,15.007,2,AAAC,Single,Intra-State,Mock Delhi Transmission Utility,Commissioned,2025,RTM,MOCK-NIP-00217,No,2025,,,,,,"Mock coordinates: Punjabi Bagh (28.67000N, 77.13000E) to Vasant Kunj (28.54000N, 77.16000E)",220 kV (Commissioned),10217,Synthetic geometry constrained to approximate Delhi NCT study area,15.007,15.007,"LINESTRING (77.130000 28.670000, 77.159044 28.606870, 77.160000 28.540000)"
10218,20218,NR,Mock Badarpur - Punjabi Bagh 220 kV D/C Line 0218,220 kV,750,0.0,25.239,2,ACSR Zebra,Twin,Intra-State,Mock North Delhi Transmission Co.,Under Bidding,March 2028,TBCB,MOCK-NIP-00218,No,March 2028,,,,,,"Mock coordinates: Badarpur (28.50000N, 77.30000E) to Punjabi Bagh (28.67000N, 77.13000E)",220 kV (Under Bidding),10218,Synthetic geometry constrained to approximate Delhi NCT study area,25.239,25.239,"LINESTRING (77.300000 28.500000, 77.213291 28.572923, 77.130000 28.670000)"
10219,20219,NR,Mock Shahdara - Wazirabad 220 kV D/C Line 0219,220 kV,650,443.6,11.929,2,ACSR Moose,Single,Intra-State,Mock South Delhi Transmission Co.,Commissioned,2020,RTM,MOCK-NIP-00219,No,2020,,,,,,"Mock coordinates: Shahdara (28.67000N, 77.29000E) to Wazirabad (28.71000N, 77.18000E)",220 kV (Commissioned),10219,Synthetic geometry constrained to approximate Delhi NCT study area,11.929,11.929,"LINESTRING (77.290000 28.670000, 77.271880 28.670394, 77.226154 28.680878, 77.200049 28.696094, 77.180000 28.710000)"
10220,20220,NR,Mock Mayur Vihar - Rohini 400 kV D/C Line 0220,400 kV,1800,0.0,23.615,2,ACSR Moose,Twin Moose,ISTS,Mock Delhi Transmission Utility,Planned,December 2028,RTM,MOCK-NIP-00220,No,December 2028,,,,,,"Mock coordinates: Mayur Vihar (28.61000N, 77.30000E) to Rohini (28.74000N, 77.11000E)",400 kV (Planned),10220,Synthetic geometry constrained to approximate Delhi NCT study area,23.615,23.615,"LINESTRING (77.300000 28.610000, 77.206093 28.661457, 77.110000 28.740000)"
10221,20221,NR,Mock Okhla - Patparganj 400 kV S/C Line 0221,400 kV,1100,654.4,11.489,1,ACSR Moose,Twin Moose,Intra-State,Mock Inter-State Grid Delhi,Commissioned,2022,TBCB,MOCK-NIP-00221,No,2022,,,,,,"Mock coordinates: Okhla (28.53000N, 77.28000E) to Patparganj (28.63000N, 77.29000E)",400 kV (Commissioned),10221,Synthetic geometry constrained to approximate Delhi NCT study area,11.489,11.489,"LINESTRING (77.280000 28.530000, 77.298730 28.577560, 77.290000 28.630000)"
10222,20222,NR,Mock Pusa - Okhla 220 kV D/C Line 0222,220 kV,500,0.0,16.559,2,AAAC,Twin,Intra-State,Mock South Delhi Transmission Co.,Under Construction,June 2029,RTM,MOCK-NIP-00222,No,June 2029,,,,,,"Mock coordinates: Pusa (28.64000N, 77.17000E) to Okhla (28.53000N, 77.28000E)",220 kV (Under Construction),10222,Synthetic geometry constrained to approximate Delhi NCT study area,16.559,16.559,"LINESTRING (77.170000 28.640000, 77.232627 28.598065, 77.280000 28.530000)"
10223,20223,NR,Mock Wazirabad - Sarita Vihar 400 kV D/C Line 0223,400 kV,1500,0.0,23.2,2,ACSR Zebra,Twin Moose,ISTS,Mock Inter-State Grid Delhi,Under Bidding,January 2026,RTM,MOCK-NIP-00223,No,January 2026,,,,,,"Mock coordinates: Wazirabad (28.71000N, 77.18000E) to Sarita Vihar (28.53000N, 77.30000E)",400 kV (Under Bidding),10223,Synthetic geometry constrained to approximate Delhi NCT study area,23.2,23.2,"LINESTRING (77.180000 28.710000, 77.242242 28.622484, 77.300000 28.530000)"
10224,20224,NR,Mock Dwarka - Okhla 400 kV S/C Line 0224,400 kV,1200,679.6,25.399,1,AL 59 Zebra,Twin Moose,ISTS,Mock Inter-State Grid Delhi,Commissioned,2024,RTM,MOCK-NIP-00224,No,2024,,,,,,"Mock coordinates: Dwarka (28.59000N, 77.03000E) to Okhla (28.53000N, 77.28000E)",400 kV (Commissioned),10224,Synthetic geometry constrained to approximate Delhi NCT study area,25.399,25.399,"LINESTRING (77.030000 28.590000, 77.073909 28.580012, 77.164007 28.549828, 77.241689 28.534482, 77.280000 28.530000)"
10225,20225,NR,Mock Vasant Kunj - Wazirabad 765 kV D/C Line 0225,765 kV,4350,0.0,19.249,2,ACSR / AAAC / AL59,Quad,Intra-State,Mock Inter-State Grid Delhi,Planned,June 2026,RTM,MOCK-NIP-00225,No,June 2026,,,,,,"Mock coordinates: Vasant Kunj (28.54000N, 77.16000E) to Wazirabad (28.71000N, 77.18000E)",765 kV (Planned),10225,Synthetic geometry constrained to approximate Delhi NCT study area,19.249,19.249,"LINESTRING (77.160000 28.540000, 77.185353 28.621627, 77.180000 28.710000)"
10226,20226,NR,Mock Pusa - Dwarka 220 kV D/C Line 0226,220 kV,500,190.8,14.959,2,ACSR Zebra,Single,Intra-State,Mock North Delhi Transmission Co.,Commissioned,2025,TBCB,MOCK-NIP-00226,Yes,2025,2.0,Mock North Delhi Transmission Co.,18.0,2.0,12.0,"Mock coordinates: Pusa (28.64000N, 77.17000E) to Dwarka (28.59000N, 77.03000E)",220 kV (Commissioned),10226,Synthetic geometry constrained to approximate Delhi NCT study area,14.959,14.959,"LINESTRING (77.170000 28.640000, 77.145109 28.638317, 77.109941 28.628929, 77.054223 28.599711, 77.030000 28.590000)"
10227,20227,NR,Mock Okhla - Mayur Vihar 400 kV D/C Line 0227,400 kV,1600,0.0,9.866,2,AL 59 Zebra,Quad,ISTS,Mock Inter-State Grid Delhi,Under Bidding,March 2026,RTM,MOCK-NIP-00227,No,March 2026,,,,,,"Mock coordinates: Okhla (28.53000N, 77.28000E) to Mayur Vihar (28.61000N, 77.30000E)",400 kV (Under Bidding),10227,Synthetic geometry constrained to approximate Delhi NCT study area,9.866,9.866,"LINESTRING (77.280000 28.530000, 77.273831 28.582971, 77.300000 28.610000)"
10228,20228,NR,Mock Lodhi Road - Bamnoli 220 kV D/C Line 0228,220 kV,1000,0.0,22.519,2,ACSR Moose,Single,Intra-State,Mock South Delhi Transmission Co.,Planned,December 2026,RTM,MOCK-NIP-00228,Yes,December 2026,2.0,Mock South Delhi Transmission Co.,18.0,2.0,24.0,"Mock coordinates: Lodhi Road (28.59000N, 77.22000E) to Bamnoli (28.53000N, 77.00000E)",220 kV (Planned),10228,Synthetic geometry constrained to approximate Delhi NCT study area,22.519,22.519,"LINESTRING (77.220000 28.590000, 77.177095 28.576449, 77.106974 28.561111, 77.035423 28.539218, 77.000000 28.530000)"
10229,20229,NR,Mock Okhla - Sarita Vihar 220 kV D/C Line 0229,220 kV,700,315.8,4.418,2,ACSR Moose,Single,Intra-State,Mock South Delhi Transmission Co.,Commissioned,2022,TBCB,MOCK-NIP-00229,No,2022,,,,,,"Mock coordinates: Okhla (28.53000N, 77.28000E) to Sarita Vihar (28.53000N, 77.30000E)",220 kV (Commissioned),10229,Synthetic geometry constrained to approximate Delhi NCT study area,4.418,4.418,"LINESTRING (77.280000 28.530000, 77.304974 28.543350, 77.300000 28.530000)"
10230,20230,NR,Mock Dwarka - Shahdara 400 kV S/C Line 0230,400 kV,1050,0.0,27.068,1,AL 59 Zebra,Quad,ISTS,Mock Inter-State Grid Delhi,Under Bidding,March 2025,RTM,MOCK-NIP-00230,Yes,March 2025,1.0,Mock Inter-State Grid Delhi,24.0,2.0,12.0,"Mock coordinates: Dwarka (28.59000N, 77.03000E) to Shahdara (28.67000N, 77.29000E)",400 kV (Under Bidding),10230,Synthetic geometry constrained to approximate Delhi NCT study area,27.068,27.068,"LINESTRING (77.030000 28.590000, 77.081150 28.609162, 77.160500 28.643446, 77.238763 28.655492, 77.290000 28.670000)"
10231,20231,NR,Mock Rohini - Bawana 220 kV D/C Line 0231,220 kV,900,621.4,9.508,2,AAAC,Twin,Intra-State,Mock South Delhi Transmission Co.,Commissioned,2018,RTM,MOCK-NIP-00231,No,2018,,,,,,"Mock coordinates: Rohini (28.74000N, 77.11000E) to Bawana (28.80000N, 77.05000E)",220 kV (Commissioned),10231,Synthetic geometry constrained to approximate Delhi NCT study area,9.508,9.508,"LINESTRING (77.110000 28.740000, 77.099302 28.752827, 77.068408 28.762557, 77.055334 28.786309, 77.050000 28.800000)"
10232,20232,NR,Mock Rohini - Mayur Vihar 220 kV S/C Line 0232,220 kV,450,172.9,23.507,1,ACSR Moose,Twin,Intra-State,Mock North Delhi Transmission Co.,Commissioned,2021,TBCB,MOCK-NIP-00232,Yes,2021,1.0,Mock North Delhi Transmission Co.,18.0,8.0,24.0,"Mock coordinates: Rohini (28.74000N, 77.11000E) to Mayur Vihar (28.61000N, 77.30000E)",220 kV (Commissioned),10232,Synthetic geometry constrained to approximate Delhi NCT study area,23.507,23.507,"LINESTRING (77.110000 28.740000, 77.220410 28.663184, 77.300000 28.610000)"
10233,20233,NR,Mock Vasant Kunj - Dwarka 400 kV D/C Line 0233,400 kV,1500,0.0,13.978,2,AL 59 Zebra,Twin Moose,ISTS,Mock Delhi Transmission Utility,Planned,September 2029,RTM,MOCK-NIP-00233,Yes,September 2029,2.0,Mock Delhi Transmission Utility,12.0,6.0,12.0,"Mock coordinates: Vasant Kunj (28.54000N, 77.16000E) to Dwarka (28.59000N, 77.03000E)",400 kV (Planned),10233,Synthetic geometry constrained to approximate Delhi NCT study area,13.978,13.978,"LINESTRING (77.160000 28.540000, 77.087730 28.576609, 77.030000 28.590000)"
10234,20234,NR,Mock Badarpur - Okhla 220 kV S/C Line 0234,220 kV,500,0.0,3.866,1,AAAC,Twin,Intra-State,Mock North Delhi Transmission Co.,Under Construction,December 2028,RTM,MOCK-NIP-00234,Yes,December 2028,1.0,Mock North Delhi Transmission Co.,12.0,6.0,24.0,"Mock coordinates: Badarpur (28.50000N, 77.30000E) to Okhla (28.53000N, 77.28000E)",220 kV (Under Construction),10234,Synthetic geometry constrained to approximate Delhi NCT study area,3.866,3.866,"LINESTRING (77.300000 28.500000, 77.286856 28.519378, 77.280000 28.530000)"
10235,20235,NR,Mock Rohini - Vasant Kunj 220 kV S/C Line 0235,220 kV,300,0.0,22.899,1,ACSR Zebra,Twin,Intra-State,Mock Delhi Transmission Utility,Under Construction,September 2027,RTM,MOCK-NIP-00235,Yes,September 2027,1.0,Mock Delhi Transmission Utility,36.0,6.0,24.0,"Mock coordinates: Rohini (28.74000N, 77.11000E) to Vasant Kunj (28.54000N, 77.16000E)",220 kV (Under Construction),10235,Synthetic geometry constrained to approximate Delhi NCT study area,22.899,22.899,"LINESTRING (77.110000 28.740000, 77.120535 28.646768, 77.160000 28.540000)"
10236,20236,NR,Mock Vasant Kunj - Dwarka 220 kV S/C Line 0236,220 kV,450,178.1,13.875,1,ACSR Zebra,Single,Intra-State,Mock Delhi Transmission Utility,Commissioned,2025,TBCB,MOCK-NIP-00236,Yes,2025,1.0,Mock Delhi Transmission Utility,36.0,8.0,18.0,"Mock coordinates: Vasant Kunj (28.54000N, 77.16000E) to Dwarka (28.59000N, 77.03000E)",220 kV (Commissioned),10236,Synthetic geometry constrained to approximate Delhi NCT study area,13.875,13.875,"LINESTRING (77.160000 28.540000, 77.097360 28.560935, 77.030000 28.590000)"
10237,20237,NR,Mock Vasant Kunj - Ridge 400 kV S/C Line 0237,400 kV,950,0.0,15.606,1,AL 59 Zebra,Twin Moose,Intra-State,Mock Delhi Transmission Utility,Under Bidding,January 2025,TBCB,MOCK-NIP-00237,No,January 2025,,,,,,"Mock coordinates: Vasant Kunj (28.54000N, 77.16000E) to Ridge (28.68000N, 77.17000E)",400 kV (Under Bidding),10237,Synthetic geometry constrained to approximate Delhi NCT study area,15.606,15.606,"LINESTRING (77.160000 28.540000, 77.166860 28.600273, 77.170000 28.680000)"
10238,20238,NR,Mock Narela - Ridge 220 kV D/C Line 0238,220 kV,950,592.0,20.477,2,ACSR Moose,Twin,Intra-State,Mock South Delhi Transmission Co.,Commissioned,2018,TBCB,MOCK-NIP-00238,Yes,2018,2.0,Mock South Delhi Transmission Co.,18.0,4.0,24.0,"Mock coordinates: Narela (28.85000N, 77.09000E) to Ridge (28.68000N, 77.17000E)",220 kV (Commissioned),10238,Synthetic geometry constrained to approximate Delhi NCT study area,20.477,20.477,"LINESTRING (77.090000 28.850000, 77.104519 28.821962, 77.139691 28.756383, 77.159868 28.708581, 77.170000 28.680000)"
10239,20239,NR,Mock Mundka - Mahipalpur 400 kV S/C Line 0239,400 kV,1000,0.0,20.622,1,ACSR Moose,Quad,ISTS,Mock Inter-State Grid Delhi,Under Construction,June 2025,TBCB,MOCK-NIP-00239,Yes,June 2025,1.0,Mock Inter-State Grid Delhi,12.0,4.0,24.0,"Mock coordinates: Mundka (28.68000N, 76.98000E) to Mahipalpur (28.55000N, 77.13000E)",400 kV (Under Construction),10239,Synthetic geometry constrained to approximate Delhi NCT study area,20.622,20.622,"LINESTRING (76.980000 28.680000, 77.042732 28.616991, 77.130000 28.550000)"
10240,20240,NR,Mock Badarpur - Patparganj 400 kV D/C Line 0240,400 kV,1600,637.4,14.603,2,AL 59 Zebra,Quad,ISTS,Mock Delhi Transmission Utility,Commissioned,2022,TBCB,MOCK-NIP-00240,No,2022,,,,,,"Mock coordinates: Badarpur (28.50000N, 77.30000E) to Patparganj (28.63000N, 77.29000E)",400 kV (Commissioned),10240,Synthetic geometry constrained to approximate Delhi NCT study area,14.603,14.603,"LINESTRING (77.300000 28.500000, 77.303635 28.520163, 77.293908 28.563639, 77.293813 28.607030, 77.290000 28.630000)"
10241,20241,NR,Mock Bamnoli - Lodhi Road 400 kV S/C Line 0241,400 kV,950,736.8,22.606,1,AL 59 Zebra,Twin Moose,ISTS,Mock Delhi Transmission Utility,Commissioned,2021,TBCB,MOCK-NIP-00241,Yes,2021,1.0,Mock Delhi Transmission Utility,18.0,6.0,24.0,"Mock coordinates: Bamnoli (28.53000N, 77.00000E) to Lodhi Road (28.59000N, 77.22000E)",400 kV (Commissioned),10241,Synthetic geometry constrained to approximate Delhi NCT study area,22.606,22.606,"LINESTRING (77.000000 28.530000, 77.106610 28.569517, 77.220000 28.590000)"
10242,20242,NR,Mock Wazirabad - Mahipalpur 220 kV S/C Line 0242,220 kV,250,193.9,18.461,1,AAAC,Twin,Intra-State,Mock South Delhi Transmission Co.,Commissioned,2018,RTM,MOCK-NIP-00242,Yes,2018,1.0,Mock South Delhi Transmission Co.,18.0,6.0,12.0,"Mock coordinates: Wazirabad (28.71000N, 77.18000E) to Mahipalpur (28.55000N, 77.13000E)",220 kV (Commissioned),10242,Synthetic geometry constrained to approximate Delhi NCT study area,18.461,18.461,"LINESTRING (77.180000 28.710000, 77.172277 28.679966, 77.151926 28.624907, 77.138764 28.577984, 77.130000 28.550000)"
10243,20243,NR,Mock Lodhi Road - Patparganj 220 kV D/C Line 0243,220 kV,650,0.0,8.211,2,AAAC,Twin,Intra-State,Mock Delhi Transmission Utility,Under Bidding,December 2026,RTM,MOCK-NIP-00243,No,December 2026,,,,,,"Mock coordinates: Lodhi Road (28.59000N, 77.22000E) to Patparganj (28.63000N, 77.29000E)",220 kV (Under Bidding),10243,Synthetic geometry constrained to approximate Delhi NCT study area,8.211,8.211,"LINESTRING (77.220000 28.590000, 77.236136 28.599609, 77.258577 28.611908, 77.276403 28.618697, 77.290000 28.630000)"
10244,20244,NR,Mock Lodhi Road - Okhla 220 kV S/C Line 0244,220 kV,500,244.9,8.933,1,AAAC,Twin,Intra-State,Mock North Delhi Transmission Co.,Commissioned,2024,RTM,MOCK-NIP-00244,Yes,2024,1.0,Mock North Delhi Transmission Co.,18.0,2.0,12.0,"Mock coordinates: Lodhi Road (28.59000N, 77.22000E) to Okhla (28.53000N, 77.28000E)",220 kV (Commissioned),10244,Synthetic geometry constrained to approximate Delhi NCT study area,8.933,8.933,"LINESTRING (77.220000 28.590000, 77.238038 28.565568, 77.280000 28.530000)"
10245,20245,NR,Mock Mayur Vihar - Patparganj 400 kV S/C Line 0245,400 kV,750,401.7,3.228,1,AL 59 Zebra,Quad,Intra-State,Mock Delhi Transmission Utility,Commissioned,2023,RTM,MOCK-NIP-00245,No,2023,,,,,,"Mock coordinates: Mayur Vihar (28.61000N, 77.30000E) to Patparganj (28.63000N, 77.29000E)",400 kV (Commissioned),10245,Synthetic geometry constrained to approximate Delhi NCT study area,3.228,3.228,"LINESTRING (77.300000 28.610000, 77.298593 28.631333, 77.290000 28.630000)"
10246,20246,NR,Mock Lodhi Road - Mayur Vihar 220 kV S/C Line 0246,220 kV,450,346.1,8.493,1,ACSR Moose,Twin,Intra-State,Mock North Delhi Transmission Co.,Commissioned,2024,TBCB,MOCK-NIP-00246,No,2024,,,,,,"Mock coordinates: Lodhi Road (28.59000N, 77.22000E) to Mayur Vihar (28.61000N, 77.30000E)",220 kV (Commissioned),10246,Synthetic geometry constrained to approximate Delhi NCT study area,8.493,8.493,"LINESTRING (77.220000 28.590000, 77.250262 28.609069, 77.300000 28.610000)"
10247,20247,NR,Mock Mahipalpur - Vasant Kunj 400 kV D/C Line 0247,400 kV,2050,1657.4,3.977,2,ACSR Zebra,Quad,ISTS,Mock Delhi Transmission Utility,Commissioned,2024,TBCB,MOCK-NIP-00247,No,2024,,,,,,"Mock coordinates: Mahipalpur (28.55000N, 77.13000E) to Vasant Kunj (28.54000N, 77.16000E)",400 kV (Commissioned),10247,Synthetic geometry constrained to approximate Delhi NCT study area,3.977,3.977,"LINESTRING (77.130000 28.550000, 77.129289 28.551045, 77.127197 28.552309, 77.147019 28.540773, 77.160000 28.540000)"
10248,20248,NR,Mock Punjabi Bagh - Mahipalpur 220 kV D/C Line 0248,220 kV,600,472.4,13.836,2,AAAC,Twin,Intra-State,Mock South Delhi Transmission Co.,Commissioned,2025,TBCB,MOCK-NIP-00248,No,2025,,,,,,"Mock coordinates: Punjabi Bagh (28.67000N, 77.13000E) to Mahipalpur (28.55000N, 77.13000E)",220 kV (Commissioned),10248,Synthetic geometry constrained to approximate Delhi NCT study area,13.836,13.836,"LINESTRING (77.130000 28.670000, 77.136822 28.648614, 77.147705 28.606924, 77.132341 28.570632, 77.130000 28.550000)"
10249,20249,NR,Mock Najafgarh - Rohini 220 kV S/C Line 0249,220 kV,300,228.1,19.26,1,ACSR Moose,Twin,Intra-State,Mock South Delhi Transmission Co.,Commissioned,2024,RTM,MOCK-NIP-00249,No,2024,,,,,,"Mock coordinates: Najafgarh (28.61000N, 76.98000E) to Rohini (28.74000N, 77.11000E)",220 kV (Commissioned),10249,Synthetic geometry constrained to approximate Delhi NCT study area,19.26,19.26,"LINESTRING (76.980000 28.610000, 77.034720 28.672017, 77.110000 28.740000)"
10250,20250,NR,Mock Rohini - Wazirabad 400 kV D/C Line 0250,400 kV,1650,0.0,7.748,2,AL 59 Zebra,Twin Moose,ISTS,Mock Inter-State Grid Delhi,Under Construction,September 2028,RTM,MOCK-NIP-00250,No,September 2028,,,,,,"Mock coordinates: Rohini (28.74000N, 77.11000E) to Wazirabad (28.71000N, 77.18000E)",400 kV (Under Construction),10250,Synthetic geometry constrained to approximate Delhi NCT study area,7.748,7.748,"LINESTRING (77.110000 28.740000, 77.136471 28.721125, 77.180000 28.710000)"
10251,20251,NR,Mock Lodhi Road - Badarpur 400 kV S/C Line 0251,400 kV,1000,0.0,12.709,1,ACSR Moose,Twin Moose,ISTS,Mock Inter-State Grid Delhi,Under Construction,September 2027,RTM,MOCK-NIP-00251,No,September 2027,,,,,,"Mock coordinates: Lodhi Road (28.59000N, 77.22000E) to Badarpur (28.50000N, 77.30000E)",400 kV (Under Construction),10251,Synthetic geometry constrained to approximate Delhi NCT study area,12.709,12.709,"LINESTRING (77.220000 28.590000, 77.249011 28.553519, 77.300000 28.500000)"
10252,20252,NR,Mock Sarita Vihar - Shahdara 220 kV S/C Line 0252,220 kV,250,114.7,15.61,1,ACSR Zebra,Single,Intra-State,Mock South Delhi Transmission Co.,Commissioned,2021,TBCB,MOCK-NIP-00252,Yes,2021,1.0,Mock South Delhi Transmission Co.,36.0,8.0,24.0,"Mock coordinates: Sarita Vihar (28.53000N, 77.30000E) to Shahdara (28.67000N, 77.29000E)",220 kV (Commissioned),10252,Synthetic geometry constrained to approximate Delhi NCT study area,15.61,15.61,"LINESTRING (77.300000 28.530000, 77.298099 28.600532, 77.290000 28.670000)"
10253,20253,NR,Mock Narela - Shahdara 220 kV D/C Line 0253,220 kV,750,0.0,27.988,2,AAAC,Single,Intra-State,Mock South Delhi Transmission Co.,Planned,September 2028,TBCB,MOCK-NIP-00253,No,September 2028,,,,,,"Mock coordinates: Narela (28.85000N, 77.09000E) to Shahdara (28.67000N, 77.29000E)",220 kV (Planned),10253,Synthetic geometry constrained to approximate Delhi NCT study area,27.988,27.988,"LINESTRING (77.090000 28.850000, 77.178301 28.760187, 77.290000 28.670000)"
10254,20254,NR,Mock Ridge - Mayur Vihar 220 kV D/C Line 0254,220 kV,800,0.0,15.085,2,ACSR Moose,Twin,Intra-State,Mock Delhi Transmission Utility,Under Bidding,March 2026,TBCB,MOCK-NIP-00254,Yes,March 2026,2.0,Mock Delhi Transmission Utility,24.0,8.0,18.0,"Mock coordinates: Ridge (28.68000N, 77.17000E) to Mayur Vihar (28.61000N, 77.30000E)",220 kV (Under Bidding),10254,Synthetic geometry constrained to approximate Delhi NCT study area,15.085,15.085,"LINESTRING (77.170000 28.680000, 77.244719 28.652724, 77.300000 28.610000)"
10255,20255,NR,Mock Lodhi Road - Rohini 220 kV D/C Line 0255,220 kV,1000,760.2,19.84,2,ACSR Moose,Twin,Intra-State,Mock South Delhi Transmission Co.,Commissioned,2021,TBCB,MOCK-NIP-00255,Yes,2021,2.0,Mock South Delhi Transmission Co.,18.0,6.0,12.0,"Mock coordinates: Lodhi Road (28.59000N, 77.22000E) to Rohini (28.74000N, 77.11000E)",220 kV (Commissioned),10255,Synthetic geometry constrained to approximate Delhi NCT study area,19.84,19.84,"LINESTRING (77.220000 28.590000, 77.202067 28.616751, 77.172229 28.657900, 77.129884 28.711920, 77.110000 28.740000)"
10256,20256,NR,Mock Bamnoli - Najafgarh 400 kV S/C Line 0256,400 kV,850,0.0,9.536,1,ACSR Zebra,Twin Moose,ISTS,Mock Inter-State Grid Delhi,Planned,December 2027,RTM,MOCK-NIP-00256,No,December 2027,,,,,,"Mock coordinates: Bamnoli (28.53000N, 77.00000E) to Najafgarh (28.61000N, 76.98000E)",400 kV (Planned),10256,Synthetic geometry constrained to approximate Delhi NCT study area,9.536,9.536,"LINESTRING (77.000000 28.530000, 77.002058 28.580090, 76.980000 28.610000)"
10257,20257,NR,Mock Ridge - Mahipalpur 220 kV S/C Line 0257,220 kV,350,0.0,15.002,1,ACSR Moose,Single,Intra-State,Mock Delhi Transmission Utility,Under Construction,January 2029,RTM,MOCK-NIP-00257,No,January 2029,,,,,,"Mock coordinates: Ridge (28.68000N, 77.17000E) to Mahipalpur (28.55000N, 77.13000E)",220 kV (Under Construction),10257,Synthetic geometry constrained to approximate Delhi NCT study area,15.002,15.002,"LINESTRING (77.170000 28.680000, 77.149669 28.629532, 77.130000 28.550000)"
10258,20258,NR,Mock Lodhi Road - Shahdara 220 kV S/C Line 0258,220 kV,300,217.9,11.356,1,ACSR Zebra,Single,Intra-State,Mock Delhi Transmission Utility,Commissioned,2022,TBCB,MOCK-NIP-00258,Yes,2022,1.0,Mock Delhi Transmission Utility,18.0,6.0,18.0,"Mock coordinates: Lodhi Road (28.59000N, 77.22000E) to Shahdara (28.67000N, 77.29000E)",220 kV (Commissioned),10258,Synthetic geometry constrained to approximate Delhi NCT study area,11.356,11.356,"LINESTRING (77.220000 28.590000, 77.236629 28.608335, 77.251174 28.635590, 77.275932 28.660227, 77.290000 28.670000)"
10259,20259,NR,Mock Punjabi Bagh - Okhla 220 kV S/C Line 0259,220 kV,250,0.0,21.387,1,ACSR Zebra,Single,Intra-State,Mock South Delhi Transmission Co.,Planned,September 2029,RTM,MOCK-NIP-00259,No,September 2029,,,,,,"Mock coordinates: Punjabi Bagh (28.67000N, 77.13000E) to Okhla (28.53000N, 77.28000E)",220 kV (Planned),10259,Synthetic geometry constrained to approximate Delhi NCT study area,21.387,21.387,"LINESTRING (77.130000 28.670000, 77.156969 28.643955, 77.200173 28.599963, 77.256313 28.551843, 77.280000 28.530000)"
10260,20260,NR,Mock Sarita Vihar - Vasant Kunj 400 kV D/C Line 0260,400 kV,2000,0.0,14.214,2,ACSR Zebra,Twin Moose,ISTS,Mock Inter-State Grid Delhi,Under Bidding,March 2025,TBCB,MOCK-NIP-00260,No,March 2025,,,,,,"Mock coordinates: Sarita Vihar (28.53000N, 77.30000E) to Vasant Kunj (28.54000N, 77.16000E)",400 kV (Under Bidding),10260,Synthetic geometry constrained to approximate Delhi NCT study area,14.214,14.214,"LINESTRING (77.300000 28.530000, 77.274706 28.532690, 77.217250 28.548774, 77.180033 28.549018, 77.160000 28.540000)"
10261,20261,NR,Mock Mahipalpur - Ridge 220 kV D/C Line 0261,220 kV,500,378.9,15.277,2,ACSR Moose,Twin,Intra-State,Mock North Delhi Transmission Co.,Commissioned,2021,TBCB,MOCK-NIP-00261,Yes,2021,2.0,Mock North Delhi Transmission Co.,18.0,6.0,18.0,"Mock coordinates: Mahipalpur (28.55000N, 77.13000E) to Ridge (28.68000N, 77.17000E)",220 kV (Commissioned),10261,Synthetic geometry constrained to approximate Delhi NCT study area,15.277,15.277,"LINESTRING (77.130000 28.550000, 77.162203 28.602889, 77.170000 28.680000)"
10262,20262,NR,Mock Okhla - Lodhi Road 220 kV D/C Line 0262,220 kV,650,304.1,8.971,2,ACSR Moose,Single,Intra-State,Mock Delhi Transmission Utility,Commissioned,2024,RTM,MOCK-NIP-00262,No,2024,,,,,,"Mock coordinates: Okhla (28.53000N, 77.28000E) to Lodhi Road (28.59000N, 77.22000E)",220 kV (Commissioned),10262,Synthetic geometry constrained to approximate Delhi NCT study area,8.971,8.971,"LINESTRING (77.280000 28.530000, 77.250376 28.568242, 77.220000 28.590000)"
10263,20263,NR,Mock Rohini - Wazirabad 220 kV D/C Line 0263,220 kV,850,0.0,8.066,2,AAAC,Single,Intra-State,Mock North Delhi Transmission Co.,Under Construction,December 2029,TBCB,MOCK-NIP-00263,No,December 2029,,,,,,"Mock coordinates: Rohini (28.74000N, 77.11000E) to Wazirabad (28.71000N, 77.18000E)",220 kV (Under Construction),10263,Synthetic geometry constrained to approximate Delhi NCT study area,8.066,8.066,"LINESTRING (77.110000 28.740000, 77.132832 28.716847, 77.180000 28.710000)"
10264,20264,NR,Mock Patparganj - Badarpur 220 kV D/C Line 0264,220 kV,750,385.7,14.71,2,ACSR Moose,Twin,Intra-State,Mock Delhi Transmission Utility,Commissioned,2019,TBCB,MOCK-NIP-00264,No,2019,,,,,,"Mock coordinates: Patparganj (28.63000N, 77.29000E) to Badarpur (28.50000N, 77.30000E)",220 kV (Commissioned),10264,Synthetic geometry constrained to approximate Delhi NCT study area,14.71,14.71,"LINESTRING (77.290000 28.630000, 77.284374 28.607989, 77.283023 28.575626, 77.296985 28.529466, 77.300000 28.500000)"
10265,20265,NR,Mock Wazirabad - Vasant Kunj 220 kV S/C Line 0265,220 kV,300,143.4,19.037,1,AAAC,Twin,Intra-State,Mock North Delhi Transmission Co.,Commissioned,2018,TBCB,MOCK-NIP-00265,No,2018,,,,,,"Mock coordinates: Wazirabad (28.71000N, 77.18000E) to Vasant Kunj (28.54000N, 77.16000E)",220 kV (Commissioned),10265,Synthetic geometry constrained to approximate Delhi NCT study area,19.037,19.037,"LINESTRING (77.180000 28.710000, 77.174252 28.612529, 77.160000 28.540000)"
10266,20266,NR,Mock Bawana - Dwarka 765 kV D/C Line 0266,765 kV,4100,2276.8,23.579,2,ACSR / AAAC / AL59,Hexa,Intra-State,Mock Inter-State Grid Delhi,Commissioned,2022,RTM,MOCK-NIP-00266,No,2022,,,,,,"Mock coordinates: Bawana (28.80000N, 77.05000E) to Dwarka (28.59000N, 77.03000E)",765 kV (Commissioned),10266,Synthetic geometry constrained to approximate Delhi NCT study area,23.579,23.579,"LINESTRING (77.050000 28.800000, 77.052973 28.689756, 77.030000 28.590000)"
10267,20267,NR,Mock Mayur Vihar - Shahdara 220 kV S/C Line 0267,220 kV,350,266.1,7.17,1,AAAC,Single,Intra-State,Mock Delhi Transmission Utility,Commissioned,2025,RTM,MOCK-NIP-00267,Yes,2025,1.0,Mock Delhi Transmission Utility,36.0,6.0,12.0,"Mock coordinates: Mayur Vihar (28.61000N, 77.30000E) to Shahdara (28.67000N, 77.29000E)",220 kV (Commissioned),10267,Synthetic geometry constrained to approximate Delhi NCT study area,7.17,7.17,"LINESTRING (77.300000 28.610000, 77.285177 28.627687, 77.290000 28.670000)"
10268,20268,NR,Mock Shahdara - Sarita Vihar 220 kV D/C Line 0268,220 kV,700,374.2,15.619,2,ACSR Moose,Twin,Intra-State,Mock Delhi Transmission Utility,Commissioned,2024,TBCB,MOCK-NIP-00268,No,2024,,,,,,"Mock coordinates: Shahdara (28.67000N, 77.29000E) to Sarita Vihar (28.53000N, 77.30000E)",220 kV (Commissioned),10268,Synthetic geometry constrained to approximate Delhi NCT study area,15.619,15.619,"LINESTRING (77.290000 28.670000, 77.298492 28.608903, 77.300000 28.530000)"
10269,20269,NR,Mock Bamnoli - Lodhi Road 400 kV D/C Line 0269,400 kV,2200,0.0,22.593,2,ACSR Moose,Twin Moose,ISTS,Mock Inter-State Grid Delhi,Under Construction,June 2026,TBCB,MOCK-NIP-00269,Yes,June 2026,2.0,Mock Inter-State Grid Delhi,36.0,8.0,18.0,"Mock coordinates: Bamnoli (28.53000N, 77.00000E) to Lodhi Road (28.59000N, 77.22000E)",400 kV (Under Construction),10269,Synthetic geometry constrained to approximate Delhi NCT study area,22.593,22.593,"LINESTRING (77.000000 28.530000, 77.119523 28.572299, 77.220000 28.590000)"
10270,20270,NR,Mock Punjabi Bagh - Mayur Vihar 400 kV S/C Line 0270,400 kV,1000,679.0,18.34,1,ACSR Zebra,Quad,Intra-State,Mock Delhi Transmission Utility,Commissioned,2025,RTM,MOCK-NIP-00270,No,2025,,,,,,"Mock coordinates: Punjabi Bagh (28.67000N, 77.13000E) to Mayur Vihar (28.61000N, 77.30000E)",400 kV (Commissioned),10270,Synthetic geometry constrained to approximate Delhi NCT study area,18.34,18.34,"LINESTRING (77.130000 28.670000, 77.156236 28.650685, 77.203760 28.625582, 77.261543 28.612684, 77.300000 28.610000)"
10271,20271,NR,Mock Patparganj - Pusa 765 kV S/C Line 0271,765 kV,2650,1393.1,11.803,1,AL 59 Zebra,Quad,Intra-State,Mock Powergrid Delhi,Commissioned,2024,RTM,MOCK-NIP-00271,No,2024,,,,,,"Mock coordinates: Patparganj (28.63000N, 77.29000E) to Pusa (28.64000N, 77.17000E)",765 kV (Commissioned),10271,Synthetic geometry constrained to approximate Delhi NCT study area,11.803,11.803,"LINESTRING (77.290000 28.630000, 77.240491 28.629907, 77.170000 28.640000)"
10272,20272,NR,Mock Wazirabad - Mahipalpur 400 kV S/C Line 0272,400 kV,700,301.5,18.679,1,AL 59 Zebra,Twin Moose,ISTS,Mock Inter-State Grid Delhi,Commissioned,2019,TBCB,MOCK-NIP-00272,Yes,2019,1.0,Mock Inter-State Grid Delhi,24.0,4.0,18.0,"Mock coordinates: Wazirabad (28.71000N, 77.18000E) to Mahipalpur (28.55000N, 77.13000E)",400 kV (Commissioned),10272,Synthetic geometry constrained to approximate Delhi NCT study area,18.679,18.679,"LINESTRING (77.180000 28.710000, 77.175733 28.683377, 77.150853 28.644249, 77.140122 28.578115, 77.130000 28.550000)"
10273,20273,NR,Mock Bawana - Mundka 220 kV D/C Line 0273,220 kV,700,0.0,15.453,2,AAAC,Twin,Intra-State,Mock North Delhi Transmission Co.,Under Construction,December 2028,RTM,MOCK-NIP-00273,Yes,December 2028,2.0,Mock North Delhi Transmission Co.,18.0,6.0,12.0,"Mock coordinates: Bawana (28.80000N, 77.05000E) to Mundka (28.68000N, 76.98000E)",220 kV (Under Construction),10273,Synthetic geometry constrained to approximate Delhi NCT study area,15.453,15.453,"LINESTRING (77.050000 28.800000, 77.032038 28.732079, 76.980000 28.680000)"
10274,20274,NR,Mock Bamnoli - Mundka 765 kV S/C Line 0274,765 kV,2050,1302.7,16.794,1,ACSR / AAAC / AL59,Quad,Intra-State,Mock Inter-State Grid Delhi,Commissioned,2023,RTM,MOCK-NIP-00274,Yes,2023,1.0,Mock Inter-State Grid Delhi,36.0,4.0,12.0,"Mock coordinates: Bamnoli (28.53000N, 77.00000E) to Mundka (28.68000N, 76.98000E)",765 kV (Commissioned),10274,Synthetic geometry constrained to approximate Delhi NCT study area,16.794,16.794,"LINESTRING (77.000000 28.530000, 76.989997 28.610578, 76.980000 28.680000)"
10275,20275,NR,Mock Sarita Vihar - Badarpur 220 kV D/C Line 0275,220 kV,700,277.8,3.829,2,ACSR Zebra,Twin,Intra-State,Mock North Delhi Transmission Co.,Commissioned,2020,TBCB,MOCK-NIP-00275,No,2020,,,,,,"Mock coordinates: Sarita Vihar (28.53000N, 77.30000E) to Badarpur (28.50000N, 77.30000E)",220 kV (Commissioned),10275,Synthetic geometry constrained to approximate Delhi NCT study area,3.829,3.829,"LINESTRING (77.300000 28.530000, 77.305307 28.522841, 77.308078 28.507521, 77.303340 28.502513, 77.300000 28.500000)"
10276,20276,NR,Mock Patparganj - Vasant Kunj 400 kV D/C Line 0276,400 kV,2350,0.0,16.207,2,ACSR Zebra,Twin Moose,Intra-State,Mock Delhi Transmission Utility,Under Construction,December 2025,TBCB,MOCK-NIP-00276,No,December 2025,,,,,,"Mock coordinates: Patparganj (28.63000N, 77.29000E) to Vasant Kunj (28.54000N, 77.16000E)",400 kV (Under Construction),10276,Synthetic geometry constrained to approximate Delhi NCT study area,16.207,16.207,"LINESTRING (77.290000 28.630000, 77.236499 28.586248, 77.160000 28.540000)"
10277,20277,NR,Mock Dwarka - Punjabi Bagh 400 kV S/C Line 0277,400 kV,1000,0.0,13.244,1,ACSR Moose,Twin Moose,ISTS,Mock Delhi Transmission Utility,Under Bidding,March 2028,RTM,MOCK-NIP-00277,No,March 2028,,,,,,"Mock coordinates: Dwarka (28.59000N, 77.03000E) to Punjabi Bagh (28.67000N, 77.13000E)",400 kV (Under Bidding),10277,Synthetic geometry constrained to approximate Delhi NCT study area,13.244,13.244,"LINESTRING (77.030000 28.590000, 77.047206 28.605708, 77.086596 28.637972, 77.112673 28.653945, 77.130000 28.670000)"
10278,20278,NR,Mock Ridge - Sarita Vihar 220 kV D/C Line 0278,220 kV,750,525.4,20.981,2,AAAC,Twin,Intra-State,Mock South Delhi Transmission Co.,Commissioned,2019,RTM,MOCK-NIP-00278,Yes,2019,2.0,Mock South Delhi Transmission Co.,36.0,2.0,18.0,"Mock coordinates: Ridge (28.68000N, 77.17000E) to Sarita Vihar (28.53000N, 77.30000E)",220 kV (Commissioned),10278,Synthetic geometry constrained to approximate Delhi NCT study area,20.981,20.981,"LINESTRING (77.170000 28.680000, 77.240685 28.605775, 77.300000 28.530000)"
10279,20279,NR,Mock Pusa - Shahdara 220 kV S/C Line 0279,220 kV,350,0.0,12.327,1,ACSR Zebra,Single,Intra-State,Mock Delhi Transmission Utility,Planned,December 2026,RTM,MOCK-NIP-00279,No,December 2026,,,,,,"Mock coordinates: Pusa (28.64000N, 77.17000E) to Shahdara (28.67000N, 77.29000E)",220 kV (Planned),10279,Synthetic geometry constrained to approximate Delhi NCT study area,12.327,12.327,"LINESTRING (77.170000 28.640000, 77.196461 28.648688, 77.241593 28.663827, 77.275869 28.671853, 77.290000 28.670000)"
10280,20280,NR,Mock Bamnoli - Pusa 220 kV S/C Line 0280,220 kV,400,0.0,20.742,1,ACSR Zebra,Single,Intra-State,Mock South Delhi Transmission Co.,Under Bidding,March 2026,TBCB,MOCK-NIP-00280,No,March 2026,,,,,,"Mock coordinates: Bamnoli (28.53000N, 77.00000E) to Pusa (28.64000N, 77.17000E)",220 kV (Under Bidding),10280,Synthetic geometry constrained to approximate Delhi NCT study area,20.742,20.742,"LINESTRING (77.000000 28.530000, 77.089512 28.575367, 77.170000 28.640000)"
10281,20281,NR,Mock Pusa - Sarita Vihar 220 kV D/C Line 0281,220 kV,950,0.0,17.644,2,AAAC,Single,Intra-State,Mock South Delhi Transmission Co.,Planned,June 2028,TBCB,MOCK-NIP-00281,No,June 2028,,,,,,"Mock coordinates: Pusa (28.64000N, 77.17000E) to Sarita Vihar (28.53000N, 77.30000E)",220 kV (Planned),10281,Synthetic geometry constrained to approximate Delhi NCT study area,17.644,17.644,"LINESTRING (77.170000 28.640000, 77.235169 28.589726, 77.300000 28.530000)"
10282,20282,NR,Mock Punjabi Bagh - Bamnoli 400 kV D/C Line 0282,400 kV,2200,947.9,20.146,2,AL 59 Zebra,Twin Moose,ISTS,Mock Inter-State Grid Delhi,Commissioned,2022,TBCB,MOCK-NIP-00282,No,2022,,,,,,"Mock coordinates: Punjabi Bagh (28.67000N, 77.13000E) to Bamnoli (28.53000N, 77.00000E)",400 kV (Commissioned),10282,Synthetic geometry constrained to approximate Delhi NCT study area,20.146,20.146,"LINESTRING (77.130000 28.670000, 77.067273 28.591418, 77.000000 28.530000)"
10283,20283,NR,Mock Lodhi Road - Dwarka 220 kV D/C Line 0283,220 kV,950,440.5,18.6,2,ACSR Zebra,Twin,Intra-State,Mock South Delhi Transmission Co.,Commissioned,2025,TBCB,MOCK-NIP-00283,No,2025,,,,,,"Mock coordinates: Lodhi Road (28.59000N, 77.22000E) to Dwarka (28.59000N, 77.03000E)",220 kV (Commissioned),10283,Synthetic geometry constrained to approximate Delhi NCT study area,18.6,18.6,"LINESTRING (77.220000 28.590000, 77.142763 28.584055, 77.030000 28.590000)"
10284,20284,NR,Mock Badarpur - Vasant Kunj 220 kV D/C Line 0284,220 kV,500,345.9,14.478,2,ACSR Moose,Single,Intra-State,Mock North Delhi Transmission Co.,Commissioned,2025,RTM,MOCK-NIP-00284,No,2025,,,,,,"Mock coordinates: Badarpur (28.50000N, 77.30000E) to Vasant Kunj (28.54000N, 77.16000E)",220 kV (Commissioned),10284,Synthetic geometry constrained to approximate Delhi NCT study area,14.478,14.478,"LINESTRING (77.300000 28.500000, 77.216983 28.516012, 77.160000 28.540000)"
10285,20285,NR,Mock Ridge - Wazirabad 220 kV S/C Line 0285,220 kV,250,0.0,3.635,1,ACSR Moose,Single,Intra-State,Mock North Delhi Transmission Co.,Under Bidding,March 2025,TBCB,MOCK-NIP-00285,No,March 2025,,,,,,"Mock coordinates: Ridge (28.68000N, 77.17000E) to Wazirabad (28.71000N, 77.18000E)",220 kV (Under Bidding),10285,Synthetic geometry constrained to approximate Delhi NCT study area,3.635,3.635,"LINESTRING (77.170000 28.680000, 77.178428 28.689012, 77.180000 28.710000)"
10286,20286,NR,Mock Punjabi Bagh - Narela 400 kV S/C Line 0286,400 kV,1100,866.0,20.42,1,ACSR Moose,Twin Moose,Intra-State,Mock Inter-State Grid Delhi,Commissioned,2022,TBCB,MOCK-NIP-00286,No,2022,,,,,,"Mock coordinates: Punjabi Bagh (28.67000N, 77.13000E) to Narela (28.85000N, 77.09000E)",400 kV (Commissioned),10286,Synthetic geometry constrained to approximate Delhi NCT study area,20.42,20.42,"LINESTRING (77.130000 28.670000, 77.124980 28.700720, 77.114820 28.763966, 77.099466 28.817810, 77.090000 28.850000)"
10287,20287,NR,Mock Mundka - Rohini 220 kV D/C Line 0287,220 kV,900,614.0,14.332,2,ACSR Zebra,Twin,Intra-State,Mock South Delhi Transmission Co.,Commissioned,2021,TBCB,MOCK-NIP-00287,No,2021,,,,,,"Mock coordinates: Mundka (28.68000N, 76.98000E) to Rohini (28.74000N, 77.11000E)",220 kV (Commissioned),10287,Synthetic geometry constrained to approximate Delhi NCT study area,14.332,14.332,"LINESTRING (76.980000 28.680000, 77.039102 28.709276, 77.110000 28.740000)"
10288,20288,NR,Mock Mayur Vihar - Badarpur 400 kV S/C Line 0288,400 kV,1200,560.0,12.28,1,ACSR Moose,Twin Moose,ISTS,Mock Inter-State Grid Delhi,Commissioned,2024,TBCB,MOCK-NIP-00288,Yes,2024,1.0,Mock Inter-State Grid Delhi,18.0,6.0,18.0,"Mock coordinates: Mayur Vihar (28.61000N, 77.30000E) to Badarpur (28.50000N, 77.30000E)",400 kV (Commissioned),10288,Synthetic geometry constrained to approximate Delhi NCT study area,12.28,12.28,"LINESTRING (77.300000 28.610000, 77.305481 28.545883, 77.300000 28.500000)"
10289,20289,NR,Mock Punjabi Bagh - Narela 400 kV D/C Line 0289,400 kV,2050,0.0,20.442,2,ACSR Moose,Twin Moose,Intra-State,Mock Inter-State Grid Delhi,Under Construction,March 2027,RTM,MOCK-NIP-00289,No,March 2027,,,,,,"Mock coordinates: Punjabi Bagh (28.67000N, 77.13000E) to Narela (28.85000N, 77.09000E)",400 kV (Under Construction),10289,Synthetic geometry constrained to approximate Delhi NCT study area,20.442,20.442,"LINESTRING (77.130000 28.670000, 77.119709 28.750078, 77.090000 28.850000)"
10290,20290,NR,Mock Rohini - Mundka 220 kV D/C Line 0290,220 kV,550,438.6,14.511,2,ACSR Zebra,Single,Intra-State,Mock South Delhi Transmission Co.,Commissioned,2021,RTM,MOCK-NIP-00290,Yes,2021,2.0,Mock South Delhi Transmission Co.,18.0,4.0,24.0,"Mock coordinates: Rohini (28.74000N, 77.11000E) to Mundka (28.68000N, 76.98000E)",220 kV (Commissioned),10290,Synthetic geometry constrained to approximate Delhi NCT study area,14.511,14.511,"LINESTRING (77.110000 28.740000, 77.053625 28.702291, 76.980000 28.680000)"
10291,20291,NR,Mock Lodhi Road - Okhla 400 kV S/C Line 0291,400 kV,950,621.5,8.916,1,ACSR Moose,Quad,ISTS,Mock Delhi Transmission Utility,Commissioned,2022,TBCB,MOCK-NIP-00291,Yes,2022,1.0,Mock Delhi Transmission Utility,12.0,2.0,18.0,"Mock coordinates: Lodhi Road (28.59000N, 77.22000E) to Okhla (28.53000N, 77.28000E)",400 kV (Commissioned),10291,Synthetic geometry constrained to approximate Delhi NCT study area,8.916,8.916,"LINESTRING (77.220000 28.590000, 77.251757 28.563691, 77.280000 28.530000)"
10292,20292,NR,Mock Mahipalpur - Patparganj 400 kV S/C Line 0292,400 kV,1200,0.0,18.431,1,ACSR Moose,Twin Moose,Intra-State,Mock Delhi Transmission Utility,Planned,December 2026,TBCB,MOCK-NIP-00292,No,December 2026,,,,,,"Mock coordinates: Mahipalpur (28.55000N, 77.13000E) to Patparganj (28.63000N, 77.29000E)",400 kV (Planned),10292,Synthetic geometry constrained to approximate Delhi NCT study area,18.431,18.431,"LINESTRING (77.130000 28.550000, 77.223114 28.575572, 77.290000 28.630000)"
10293,20293,NR,Mock Pusa - Narela 220 kV S/C Line 0293,220 kV,250,174.2,24.718,1,ACSR Zebra,Single,Intra-State,Mock South Delhi Transmission Co.,Commissioned,2022,TBCB,MOCK-NIP-00293,Yes,2022,1.0,Mock South Delhi Transmission Co.,12.0,6.0,18.0,"Mock coordinates: Pusa (28.64000N, 77.17000E) to Narela (28.85000N, 77.09000E)",220 kV (Commissioned),10293,Synthetic geometry constrained to approximate Delhi NCT study area,24.718,24.718,"LINESTRING (77.170000 28.640000, 77.113431 28.757668, 77.090000 28.850000)"
10294,20294,NR,Mock Narela - Shahdara 220 kV D/C Line 0294,220 kV,700,422.2,28.022,2,ACSR Moose,Twin,Intra-State,Mock South Delhi Transmission Co.,Commissioned,2023,RTM,MOCK-NIP-00294,Yes,2023,2.0,Mock South Delhi Transmission Co.,36.0,4.0,12.0,"Mock coordinates: Narela (28.85000N, 77.09000E) to Shahdara (28.67000N, 77.29000E)",220 kV (Commissioned),10294,Synthetic geometry constrained to approximate Delhi NCT study area,28.022,28.022,"LINESTRING (77.090000 28.850000, 77.180121 28.755254, 77.290000 28.670000)"
10295,20295,NR,Mock Mundka - Lodhi Road 220 kV S/C Line 0295,220 kV,500,279.8,25.545,1,ACSR Zebra,Twin,Intra-State,Mock Delhi Transmission Utility,Commissioned,2020,RTM,MOCK-NIP-00295,Yes,2020,1.0,Mock Delhi Transmission Utility,12.0,6.0,18.0,"Mock coordinates: Mundka (28.68000N, 76.98000E) to Lodhi Road (28.59000N, 77.22000E)",220 kV (Commissioned),10295,Synthetic geometry constrained to approximate Delhi NCT study area,25.545,25.545,"LINESTRING (76.980000 28.680000, 77.101489 28.644003, 77.220000 28.590000)"
10296,20296,NR,Mock Shahdara - Sarita Vihar 400 kV D/C Line 0296,400 kV,2000,1373.5,15.599,2,AL 59 Zebra,Twin Moose,ISTS,Mock Delhi Transmission Utility,Commissioned,2022,RTM,MOCK-NIP-00296,Yes,2022,2.0,Mock Delhi Transmission Utility,18.0,4.0,12.0,"Mock coordinates: Shahdara (28.67000N, 77.29000E) to Sarita Vihar (28.53000N, 77.30000E)",400 kV (Commissioned),10296,Synthetic geometry constrained to approximate Delhi NCT study area,15.599,15.599,"LINESTRING (77.290000 28.670000, 77.292948 28.613013, 77.300000 28.530000)"
10297,20297,NR,Mock Narela - Pusa 220 kV D/C Line 0297,220 kV,900,392.4,24.749,2,ACSR Moose,Twin,Intra-State,Mock Delhi Transmission Utility,Commissioned,2021,RTM,MOCK-NIP-00297,Yes,2021,2.0,Mock Delhi Transmission Utility,18.0,4.0,12.0,"Mock coordinates: Narela (28.85000N, 77.09000E) to Pusa (28.64000N, 77.17000E)",220 kV (Commissioned),10297,Synthetic geometry constrained to approximate Delhi NCT study area,24.749,24.749,"LINESTRING (77.090000 28.850000, 77.102855 28.815813, 77.114861 28.753395, 77.152496 28.675896, 77.170000 28.640000)"
10298,20298,NR,Mock Najafgarh - Vasant Kunj 220 kV S/C Line 0298,220 kV,400,269.0,19.249,1,AAAC,Single,Intra-State,Mock Delhi Transmission Utility,Commissioned,2018,TBCB,MOCK-NIP-00298,No,2018,,,,,,"Mock coordinates: Najafgarh (28.61000N, 76.98000E) to Vasant Kunj (28.54000N, 77.16000E)",220 kV (Commissioned),10298,Synthetic geometry constrained to approximate Delhi NCT study area,19.249,19.249,"LINESTRING (76.980000 28.610000, 77.083217 28.574698, 77.160000 28.540000)"
10299,20299,NR,Mock Lodhi Road - Najafgarh 220 kV S/C Line 0299,220 kV,400,271.2,23.654,1,ACSR Moose,Single,Intra-State,Mock North Delhi Transmission Co.,Commissioned,2024,TBCB,MOCK-NIP-00299,No,2024,,,,,,"Mock coordinates: Lodhi Road (28.59000N, 77.22000E) to Najafgarh (28.61000N, 76.98000E)",220 kV (Commissioned),10299,Synthetic geometry constrained to approximate Delhi NCT study area,23.654,23.654,"LINESTRING (77.220000 28.590000, 77.183340 28.597158, 77.098258 28.609810, 77.020138 28.612756, 76.980000 28.610000)"
10300,20300,NR,Mock Vasant Kunj - Wazirabad 400 kV S/C Line 0300,400 kV,800,0.0,19.033,1,ACSR Zebra,Twin Moose,ISTS,Mock Delhi Transmission Utility,Under Construction,June 2028,RTM,MOCK-NIP-00300,No,June 2028,,,,,,"Mock coordinates: Vasant Kunj (28.54000N, 77.16000E) to Wazirabad (28.71000N, 77.18000E)",400 kV (Under Construction),10300,Synthetic geometry constrained to approximate Delhi NCT study area,19.033,19.033,"LINESTRING (77.160000 28.540000, 77.176838 28.637110, 77.180000 28.710000)"
10301,20301,NR,Mock Najafgarh - Vasant Kunj 400 kV S/C Line 0301,400 kV,1150,725.0,19.387,1,AL 59 Zebra,Quad,ISTS,Mock Inter-State Grid Delhi,Commissioned,2020,TBCB,MOCK-NIP-00301,Yes,2020,1.0,Mock Inter-State Grid Delhi,36.0,2.0,12.0,"Mock coordinates: Najafgarh (28.61000N, 76.98000E) to Vasant Kunj (28.54000N, 77.16000E)",400 kV (Commissioned),10301,Synthetic geometry constrained to approximate Delhi NCT study area,19.387,19.387,"LINESTRING (76.980000 28.610000, 77.012094 28.596984, 77.073251 28.581379, 77.131939 28.559369, 77.160000 28.540000)"
10302,20302,NR,Mock Okhla - Mayur Vihar 400 kV D/C Line 0302,400 kV,2000,1242.2,9.634,2,ACSR Moose,Twin Moose,ISTS,Mock Delhi Transmission Utility,Commissioned,2022,RTM,MOCK-NIP-00302,No,2022,,,,,,"Mock coordinates: Okhla (28.53000N, 77.28000E) to Mayur Vihar (28.61000N, 77.30000E)",400 kV (Commissioned),10302,Synthetic geometry constrained to approximate Delhi NCT study area,9.634,9.634,"LINESTRING (77.280000 28.530000, 77.283914 28.551038, 77.303367 28.580880, 77.295794 28.597505, 77.300000 28.610000)"
10303,20303,NR,Mock Mayur Vihar - Punjabi Bagh 220 kV S/C Line 0303,220 kV,250,0.0,17.982,1,AAAC,Twin,Intra-State,Mock North Delhi Transmission Co.,Under Construction,January 2029,TBCB,MOCK-NIP-00303,Yes,January 2029,1.0,Mock North Delhi Transmission Co.,18.0,6.0,24.0,"Mock coordinates: Mayur Vihar (28.61000N, 77.30000E) to Punjabi Bagh (28.67000N, 77.13000E)",220 kV (Under Construction),10303,Synthetic geometry constrained to approximate Delhi NCT study area,17.982,17.982,"LINESTRING (77.300000 28.610000, 77.214951 28.649224, 77.130000 28.670000)"
10304,20304,NR,Mock Pusa - Dwarka 220 kV S/C Line 0304,220 kV,350,0.0,14.789,1,ACSR Zebra,Twin,Intra-State,Mock South Delhi Transmission Co.,Under Construction,September 2025,TBCB,MOCK-NIP-00304,Yes,September 2025,1.0,Mock South Delhi Transmission Co.,18.0,4.0,24.0,"Mock coordinates: Pusa (28.64000N, 77.17000E) to Dwarka (28.59000N, 77.03000E)",220 kV (Under Construction),10304,Synthetic geometry constrained to approximate Delhi NCT study area,14.789,14.789,"LINESTRING (77.170000 28.640000, 77.083761 28.604448, 77.030000 28.590000)"
10305,20305,NR,Mock Vasant Kunj - Bamnoli 220 kV D/C Line 0305,220 kV,700,330.7,15.737,2,ACSR Moose,Twin,Intra-State,Mock North Delhi Transmission Co.,Commissioned,2020,RTM,MOCK-NIP-00305,No,2020,,,,,,"Mock coordinates: Vasant Kunj (28.54000N, 77.16000E) to Bamnoli (28.53000N, 77.00000E)",220 kV (Commissioned),10305,Synthetic geometry constrained to approximate Delhi NCT study area,15.737,15.737,"LINESTRING (77.160000 28.540000, 77.096787 28.542480, 77.000000 28.530000)"
10306,20306,NR,Mock Wazirabad - Vasant Kunj 220 kV S/C Line 0306,220 kV,450,291.1,19.05,1,ACSR Moose,Single,Intra-State,Mock South Delhi Transmission Co.,Commissioned,2023,TBCB,MOCK-NIP-00306,No,2023,,,,,,"Mock coordinates: Wazirabad (28.71000N, 77.18000E) to Vasant Kunj (28.54000N, 77.16000E)",220 kV (Commissioned),10306,Synthetic geometry constrained to approximate Delhi NCT study area,19.05,19.05,"LINESTRING (77.180000 28.710000, 77.170857 28.674043, 77.163852 28.622413, 77.162204 28.574597, 77.160000 28.540000)"
10307,20307,NR,Mock Mundka - Lodhi Road 220 kV S/C Line 0307,220 kV,350,0.0,25.473,1,ACSR Zebra,Twin,Intra-State,Mock Delhi Transmission Utility,Under Bidding,September 2025,TBCB,MOCK-NIP-00307,No,September 2025,,,,,,"Mock coordinates: Mundka (28.68000N, 76.98000E) to Lodhi Road (28.59000N, 77.22000E)",220 kV (Under Bidding),10307,Synthetic geometry constrained to approximate Delhi NCT study area,25.473,25.473,"LINESTRING (76.980000 28.680000, 77.102255 28.635591, 77.220000 28.590000)"
10308,20308,NR,Mock Wazirabad - Bamnoli 220 kV S/C Line 0308,220 kV,400,229.8,26.639,1,ACSR Moose,Twin,Intra-State,Mock Delhi Transmission Utility,Commissioned,2023,TBCB,MOCK-NIP-00308,Yes,2023,1.0,Mock Delhi Transmission Utility,12.0,2.0,24.0,"Mock coordinates: Wazirabad (28.71000N, 77.18000E) to Bamnoli (28.53000N, 77.00000E)",220 kV (Commissioned),10308,Synthetic geometry constrained to approximate Delhi NCT study area,26.639,26.639,"LINESTRING (77.180000 28.710000, 77.100784 28.634970, 77.000000 28.530000)"
10309,20309,NR,Mock Okhla - Badarpur 400 kV S/C Line 0309,400 kV,1200,568.8,3.887,1,AL 59 Zebra,Twin Moose,ISTS,Mock Inter-State Grid Delhi,Commissioned,2025,TBCB,MOCK-NIP-00309,No,2025,,,,,,"Mock coordinates: Okhla (28.53000N, 77.28000E) to Badarpur (28.50000N, 77.30000E)",400 kV (Commissioned),10309,Synthetic geometry constrained to approximate Delhi NCT study area,3.887,3.887,"LINESTRING (77.280000 28.530000, 77.286258 28.517068, 77.300000 28.500000)"
10310,20310,NR,Mock Patparganj - Punjabi Bagh 220 kV S/C Line 0310,220 kV,400,0.0,16.264,1,ACSR Zebra,Twin,Intra-State,Mock North Delhi Transmission Co.,Under Bidding,June 2029,TBCB,MOCK-NIP-00310,No,June 2029,,,,,,"Mock coordinates: Patparganj (28.63000N, 77.29000E) to Punjabi Bagh (28.67000N, 77.13000E)",220 kV (Under Bidding),10310,Synthetic geometry constrained to approximate Delhi NCT study area,16.264,16.264,"LINESTRING (77.290000 28.630000, 77.211331 28.645053, 77.130000 28.670000)"
10311,20311,NR,Mock Badarpur - Mahipalpur 220 kV S/C Line 0311,220 kV,500,0.0,17.566,1,ACSR Moose,Single,Intra-State,Mock North Delhi Transmission Co.,Under Bidding,September 2025,TBCB,MOCK-NIP-00311,No,September 2025,,,,,,"Mock coordinates: Badarpur (28.50000N, 77.30000E) to Mahipalpur (28.55000N, 77.13000E)",220 kV (Under Bidding),10311,Synthetic geometry constrained to approximate Delhi NCT study area,17.566,17.566,"LINESTRING (77.300000 28.500000, 77.281971 28.507963, 77.231906 28.518414, 77.169776 28.539797, 77.130000 28.550000)"
10312,20312,NR,Mock Bamnoli - Mahipalpur 400 kV D/C Line 0312,400 kV,1650,1105.3,13.349,2,AL 59 Zebra,Quad,Intra-State,Mock Inter-State Grid Delhi,Commissioned,2022,RTM,MOCK-NIP-00312,Yes,2022,2.0,Mock Inter-State Grid Delhi,18.0,2.0,24.0,"Mock coordinates: Bamnoli (28.53000N, 77.00000E) to Mahipalpur (28.55000N, 77.13000E)",400 kV (Commissioned),10312,Synthetic geometry constrained to approximate Delhi NCT study area,13.349,13.349,"LINESTRING (77.000000 28.530000, 77.019772 28.533579, 77.063269 28.553522, 77.110063 28.554566, 77.130000 28.550000)"
10313,20313,NR,Mock Mundka - Wazirabad 220 kV S/C Line 0313,220 kV,350,212.4,19.798,1,ACSR Zebra,Twin,Intra-State,Mock Delhi Transmission Utility,Commissioned,2022,RTM,MOCK-NIP-00313,Yes,2022,1.0,Mock Delhi Transmission Utility,12.0,6.0,24.0,"Mock coordinates: Mundka (28.68000N, 76.98000E) to Wazirabad (28.71000N, 77.18000E)",220 kV (Commissioned),10313,Synthetic geometry constrained to approximate Delhi NCT study area,19.798,19.798,"LINESTRING (76.980000 28.680000, 77.088085 28.693781, 77.180000 28.710000)"
10314,20314,NR,Mock Dwarka - Shahdara 400 kV S/C Line 0314,400 kV,1200,783.0,26.898,1,ACSR Moose,Twin Moose,ISTS,Mock Delhi Transmission Utility,Commissioned,2023,TBCB,MOCK-NIP-00314,Yes,2023,1.0,Mock Delhi Transmission Utility,24.0,4.0,24.0,"Mock coordinates: Dwarka (28.59000N, 77.03000E) to Shahdara (28.67000N, 77.29000E)",400 kV (Commissioned),10314,Synthetic geometry constrained to approximate Delhi NCT study area,26.898,26.898,"LINESTRING (77.030000 28.590000, 77.149220 28.623597, 77.290000 28.670000)"
10315,20315,NR,Mock Vasant Kunj - Okhla 220 kV S/C Line 0315,220 kV,250,185.0,11.87,1,ACSR Zebra,Twin,Intra-State,Mock North Delhi Transmission Co.,Commissioned,2024,RTM,MOCK-NIP-00315,Yes,2024,1.0,Mock North Delhi Transmission Co.,18.0,8.0,24.0,"Mock coordinates: Vasant Kunj (28.54000N, 77.16000E) to Okhla (28.53000N, 77.28000E)",220 kV (Commissioned),10315,Synthetic geometry constrained to approximate Delhi NCT study area,11.87,11.87,"LINESTRING (77.160000 28.540000, 77.208166 28.529341, 77.280000 28.530000)"
10316,20316,NR,Mock Badarpur - Sarita Vihar 400 kV S/C Line 0316,400 kV,850,0.0,3.625,1,ACSR Moose,Quad,ISTS,Mock Inter-State Grid Delhi,Planned,June 2028,RTM,MOCK-NIP-00316,Yes,June 2028,1.0,Mock Inter-State Grid Delhi,36.0,8.0,12.0,"Mock coordinates: Badarpur (28.50000N, 77.30000E) to Sarita Vihar (28.53000N, 77.30000E)",400 kV (Planned),10316,Synthetic geometry constrained to approximate Delhi NCT study area,3.625,3.625,"LINESTRING (77.300000 28.500000, 77.293964 28.505944, 77.300000 28.530000)"
10317,20317,NR,Mock Bamnoli - Mundka 220 kV D/C Line 0317,220 kV,1000,0.0,16.995,2,ACSR Moose,Twin,Intra-State,Mock North Delhi Transmission Co.,Under Bidding,June 2025,TBCB,MOCK-NIP-00317,No,June 2025,,,,,,"Mock coordinates: Bamnoli (28.53000N, 77.00000E) to Mundka (28.68000N, 76.98000E)",220 kV (Under Bidding),10317,Synthetic geometry constrained to approximate Delhi NCT study area,16.995,16.995,"LINESTRING (77.000000 28.530000, 77.002999 28.608508, 76.980000 28.680000)"
10318,20318,NR,Mock Mayur Vihar - Sarita Vihar 220 kV S/C Line 0318,220 kV,350,167.6,9.23,1,ACSR Moose,Twin,Intra-State,Mock South Delhi Transmission Co.,Commissioned,2025,RTM,MOCK-NIP-00318,Yes,2025,1.0,Mock South Delhi Transmission Co.,36.0,8.0,12.0,"Mock coordinates: Mayur Vihar (28.61000N, 77.30000E) to Sarita Vihar (28.53000N, 77.30000E)",220 kV (Commissioned),10318,Synthetic geometry constrained to approximate Delhi NCT study area,9.23,9.23,"LINESTRING (77.300000 28.610000, 77.312448 28.563468, 77.300000 28.530000)"
10319,20319,NR,Mock Punjabi Bagh - Bamnoli 220 kV D/C Line 0319,220 kV,650,0.0,20.161,2,ACSR Zebra,Twin,Intra-State,Mock North Delhi Transmission Co.,Under Bidding,December 2025,TBCB,MOCK-NIP-00319,No,December 2025,,,,,,"Mock coordinates: Punjabi Bagh (28.67000N, 77.13000E) to Bamnoli (28.53000N, 77.00000E)",220 kV (Under Bidding),10319,Synthetic geometry constrained to approximate Delhi NCT study area,20.161,20.161,"LINESTRING (77.130000 28.670000, 77.066726 28.614217, 77.000000 28.530000)"
10320,20320,NR,Mock Mayur Vihar - Wazirabad 400 kV S/C Line 0320,400 kV,800,312.6,16.149,1,ACSR Zebra,Quad,ISTS,Mock Inter-State Grid Delhi,Commissioned,2018,RTM,MOCK-NIP-00320,No,2018,,,,,,"Mock coordinates: Mayur Vihar (28.61000N, 77.30000E) to Wazirabad (28.71000N, 77.18000E)",400 kV (Commissioned),10320,Synthetic geometry constrained to approximate Delhi NCT study area,16.149,16.149,"LINESTRING (77.300000 28.610000, 77.243318 28.658887, 77.180000 28.710000)"
10321,20321,NR,Mock Mundka - Lodhi Road 220 kV S/C Line 0321,220 kV,300,243.9,25.602,1,ACSR Moose,Single,Intra-State,Mock North Delhi Transmission Co.,Commissioned,2019,TBCB,MOCK-NIP-00321,No,2019,,,,,,"Mock coordinates: Mundka (28.68000N, 76.98000E) to Lodhi Road (28.59000N, 77.22000E)",220 kV (Commissioned),10321,Synthetic geometry constrained to approximate Delhi NCT study area,25.602,25.602,"LINESTRING (76.980000 28.680000, 77.022842 28.661470, 77.114517 28.639084, 77.183456 28.605859, 77.220000 28.590000)"
10322,20322,NR,Mock Ridge - Narela 400 kV S/C Line 0322,400 kV,1150,867.0,20.462,1,ACSR Moose,Quad,ISTS,Mock Delhi Transmission Utility,Commissioned,2018,RTM,MOCK-NIP-00322,No,2018,,,,,,"Mock coordinates: Ridge (28.68000N, 77.17000E) to Narela (28.85000N, 77.09000E)",400 kV (Commissioned),10322,Synthetic geometry constrained to approximate Delhi NCT study area,20.462,20.462,"LINESTRING (77.170000 28.680000, 77.134014 28.765313, 77.090000 28.850000)"
10323,20323,NR,Mock Ridge - Sarita Vihar 220 kV S/C Line 0323,220 kV,250,0.0,21.016,1,ACSR Moose,Single,Intra-State,Mock North Delhi Transmission Co.,Under Construction,March 2028,RTM,MOCK-NIP-00323,Yes,March 2028,1.0,Mock North Delhi Transmission Co.,24.0,4.0,12.0,"Mock coordinates: Ridge (28.68000N, 77.17000E) to Sarita Vihar (28.53000N, 77.30000E)",220 kV (Under Construction),10323,Synthetic geometry constrained to approximate Delhi NCT study area,21.016,21.016,"LINESTRING (77.170000 28.680000, 77.239508 28.611353, 77.300000 28.530000)"
10324,20324,NR,Mock Narela - Rohini 400 kV S/C Line 0324,400 kV,1050,590.5,12.404,1,AL 59 Zebra,Quad,ISTS,Mock Inter-State Grid Delhi,Commissioned,2025,TBCB,MOCK-NIP-00324,No,2025,,,,,,"Mock coordinates: Narela (28.85000N, 77.09000E) to Rohini (28.74000N, 77.11000E)",400 kV (Commissioned),10324,Synthetic geometry constrained to approximate Delhi NCT study area,12.404,12.404,"LINESTRING (77.090000 28.850000, 77.105342 28.784320, 77.110000 28.740000)"
10325,20325,NR,Mock Pusa - Patparganj 220 kV D/C Line 0325,220 kV,1000,0.0,11.917,2,ACSR Zebra,Single,Intra-State,Mock Delhi Transmission Utility,Under Bidding,December 2025,TBCB,MOCK-NIP-00325,Yes,December 2025,2.0,Mock Delhi Transmission Utility,36.0,6.0,12.0,"Mock coordinates: Pusa (28.64000N, 77.17000E) to Patparganj (28.63000N, 77.29000E)",220 kV (Under Bidding),10325,Synthetic geometry constrained to approximate Delhi NCT study area,11.917,11.917,"LINESTRING (77.170000 28.640000, 77.225850 28.626772, 77.290000 28.630000)"
10326,20326,NR,Mock Ridge - Mayur Vihar 220 kV D/C Line 0326,220 kV,950,442.3,14.901,2,AAAC,Twin,Intra-State,Mock Delhi Transmission Utility,Commissioned,2022,RTM,MOCK-NIP-00326,Yes,2022,2.0,Mock Delhi Transmission Utility,12.0,6.0,24.0,"Mock coordinates: Ridge (28.68000N, 77.17000E) to Mayur Vihar (28.61000N, 77.30000E)",220 kV (Commissioned),10326,Synthetic geometry constrained to approximate Delhi NCT study area,14.901,14.901,"LINESTRING (77.170000 28.680000, 77.251623 28.632402, 77.300000 28.610000)"
10327,20327,NR,Mock Narela - Punjabi Bagh 220 kV D/C Line 0327,220 kV,800,0.0,20.392,2,AAAC,Single,Intra-State,Mock North Delhi Transmission Co.,Planned,June 2029,TBCB,MOCK-NIP-00327,Yes,June 2029,2.0,Mock North Delhi Transmission Co.,12.0,8.0,24.0,"Mock coordinates: Narela (28.85000N, 77.09000E) to Punjabi Bagh (28.67000N, 77.13000E)",220 kV (Planned),10327,Synthetic geometry constrained to approximate Delhi NCT study area,20.392,20.392,"LINESTRING (77.090000 28.850000, 77.108345 28.772182, 77.130000 28.670000)"
10328,20328,NR,Mock Najafgarh - Pusa 400 kV D/C Line 0328,400 kV,2150,1195.1,19.222,2,ACSR Zebra,Quad,ISTS,Mock Delhi Transmission Utility,Commissioned,2022,RTM,MOCK-NIP-00328,No,2022,,,,,,"Mock coordinates: Najafgarh (28.61000N, 76.98000E) to Pusa (28.64000N, 77.17000E)",400 kV (Commissioned),10328,Synthetic geometry constrained to approximate Delhi NCT study area,19.222,19.222,"LINESTRING (76.980000 28.610000, 77.058858 28.639711, 77.170000 28.640000)"
10329,20329,NR,Mock Mahipalpur - Rohini 400 kV D/C Line 0329,400 kV,1600,1069.9,21.289,2,ACSR Zebra,Twin Moose,ISTS,Mock Delhi Transmission Utility,Commissioned,2018,TBCB,MOCK-NIP-00329,No,2018,,,,,,"Mock coordinates: Mahipalpur (28.55000N, 77.13000E) to Rohini (28.74000N, 77.11000E)",400 kV (Commissioned),10329,Synthetic geometry constrained to approximate Delhi NCT study area,21.289,21.289,"LINESTRING (77.130000 28.550000, 77.128691 28.648115, 77.110000 28.740000)"
10330,20330,NR,Mock Rohini - Najafgarh 400 kV D/C Line 0330,400 kV,1400,0.0,19.252,2,ACSR Moose,Twin Moose,ISTS,Mock Delhi Transmission Utility,Under Bidding,June 2029,TBCB,MOCK-NIP-00330,No,June 2029,,,,,,"Mock coordinates: Rohini (28.74000N, 77.11000E) to Najafgarh (28.61000N, 76.98000E)",400 kV (Under Bidding),10330,Synthetic geometry constrained to approximate Delhi NCT study area,19.252,19.252,"LINESTRING (77.110000 28.740000, 77.048440 28.684652, 76.980000 28.610000)"
10331,20331,NR,Mock Mahipalpur - Najafgarh 220 kV S/C Line 0331,220 kV,250,180.6,16.169,1,AAAC,Twin,Intra-State,Mock South Delhi Transmission Co.,Commissioned,2018,TBCB,MOCK-NIP-00331,No,2018,,,,,,"Mock coordinates: Mahipalpur (28.55000N, 77.13000E) to Najafgarh (28.61000N, 76.98000E)",220 kV (Commissioned),10331,Synthetic geometry constrained to approximate Delhi NCT study area,16.169,16.169,"LINESTRING (77.130000 28.550000, 77.038891 28.578920, 76.980000 28.610000)"
10332,20332,NR,Mock Vasant Kunj - Pusa 765 kV S/C Line 0332,765 kV,2150,0.0,11.186,1,ACSR / AAAC / AL59,Hexa,Intra-State,Mock Powergrid Delhi,Planned,June 2027,TBCB,MOCK-NIP-00332,No,June 2027,,,,,,"Mock coordinates: Vasant Kunj (28.54000N, 77.16000E) to Pusa (28.64000N, 77.17000E)",765 kV (Planned),10332,Synthetic geometry constrained to approximate Delhi NCT study area,11.186,11.186,"LINESTRING (77.160000 28.540000, 77.160752 28.584471, 77.170000 28.640000)"
10333,20333,NR,Mock Mahipalpur - Mayur Vihar 765 kV D/C Line 0333,765 kV,4050,2971.9,17.954,2,AL 59 Zebra,Quad,ISTS,Mock Inter-State Grid Delhi,Commissioned,2023,RTM,MOCK-NIP-00333,Yes,2023,2.0,Mock Inter-State Grid Delhi,24.0,6.0,12.0,"Mock coordinates: Mahipalpur (28.55000N, 77.13000E) to Mayur Vihar (28.61000N, 77.30000E)",765 kV (Commissioned),10333,Synthetic geometry constrained to approximate Delhi NCT study area,17.954,17.954,"LINESTRING (77.130000 28.550000, 77.161323 28.565587, 77.213600 28.585259, 77.269999 28.603473, 77.300000 28.610000)"
10334,20334,NR,Mock Bawana - Narela 400 kV S/C Line 0334,400 kV,1100,0.0,7.226,1,ACSR Zebra,Twin Moose,Intra-State,Mock Delhi Transmission Utility,Planned,March 2029,RTM,MOCK-NIP-00334,Yes,March 2029,1.0,Mock Delhi Transmission Utility,18.0,6.0,18.0,"Mock coordinates: Bawana (28.80000N, 77.05000E) to Narela (28.85000N, 77.09000E)",400 kV (Planned),10334,Synthetic geometry constrained to approximate Delhi NCT study area,7.226,7.226,"LINESTRING (77.050000 28.800000, 77.074298 28.811706, 77.090000 28.850000)"
10335,20335,NR,Mock Patparganj - Lodhi Road 220 kV D/C Line 0335,220 kV,850,0.0,8.211,2,ACSR Moose,Twin,Intra-State,Mock South Delhi Transmission Co.,Under Construction,September 2025,TBCB,MOCK-NIP-00335,Yes,September 2025,2.0,Mock South Delhi Transmission Co.,36.0,6.0,12.0,"Mock coordinates: Patparganj (28.63000N, 77.29000E) to Lodhi Road (28.59000N, 77.22000E)",220 kV (Under Construction),10335,Synthetic geometry constrained to approximate Delhi NCT study area,8.211,8.211,"LINESTRING (77.290000 28.630000, 77.270703 28.614163, 77.220000 28.590000)"
10336,20336,NR,Mock Mahipalpur - Badarpur 220 kV D/C Line 0336,220 kV,500,312.6,17.853,2,ACSR Zebra,Single,Intra-State,Mock North Delhi Transmission Co.,Commissioned,2019,RTM,MOCK-NIP-00336,Yes,2019,2.0,Mock North Delhi Transmission Co.,36.0,6.0,12.0,"Mock coordinates: Mahipalpur (28.55000N, 77.13000E) to Badarpur (28.50000N, 77.30000E)",220 kV (Commissioned),10336,Synthetic geometry constrained to approximate Delhi NCT study area,17.853,17.853,"LINESTRING (77.130000 28.550000, 77.203405 28.512082, 77.300000 28.500000)"
10337,20337,NR,Mock Bawana - Rohini 220 kV D/C Line 0337,220 kV,550,319.5,8.975,2,ACSR Moose,Single,Intra-State,Mock South Delhi Transmission Co.,Commissioned,2023,RTM,MOCK-NIP-00337,No,2023,,,,,,"Mock coordinates: Bawana (28.80000N, 77.05000E) to Rohini (28.74000N, 77.11000E)",220 kV (Commissioned),10337,Synthetic geometry constrained to approximate Delhi NCT study area,8.975,8.975,"LINESTRING (77.050000 28.800000, 77.064535 28.776826, 77.110000 28.740000)"
10338,20338,NR,Mock Sarita Vihar - Lodhi Road 220 kV D/C Line 0338,220 kV,850,0.0,10.355,2,ACSR Zebra,Single,Intra-State,Mock Delhi Transmission Utility,Under Bidding,December 2029,RTM,MOCK-NIP-00338,Yes,December 2029,2.0,Mock Delhi Transmission Utility,24.0,6.0,24.0,"Mock coordinates: Sarita Vihar (28.53000N, 77.30000E) to Lodhi Road (28.59000N, 77.22000E)",220 kV (Under Bidding),10338,Synthetic geometry constrained to approximate Delhi NCT study area,10.355,10.355,"LINESTRING (77.300000 28.530000, 77.242133 28.566228, 77.220000 28.590000)"
10339,20339,NR,Mock Vasant Kunj - Mayur Vihar 220 kV D/C Line 0339,220 kV,1000,613.7,16.344,2,AAAC,Twin,Intra-State,Mock North Delhi Transmission Co.,Commissioned,2024,TBCB,MOCK-NIP-00339,No,2024,,,,,,"Mock coordinates: Vasant Kunj (28.54000N, 77.16000E) to Mayur Vihar (28.61000N, 77.30000E)",220 kV (Commissioned),10339,Synthetic geometry constrained to approximate Delhi NCT study area,16.344,16.344,"LINESTRING (77.160000 28.540000, 77.213987 28.589910, 77.300000 28.610000)"
10340,20340,NR,Mock Dwarka - Sarita Vihar 220 kV S/C Line 0340,220 kV,450,0.0,27.353,1,ACSR Zebra,Twin,Intra-State,Mock North Delhi Transmission Co.,Under Bidding,March 2029,RTM,MOCK-NIP-00340,Yes,March 2029,1.0,Mock North Delhi Transmission Co.,36.0,8.0,12.0,"Mock coordinates: Dwarka (28.59000N, 77.03000E) to Sarita Vihar (28.53000N, 77.30000E)",220 kV (Under Bidding),10340,Synthetic geometry constrained to approximate Delhi NCT study area,27.353,27.353,"LINESTRING (77.030000 28.590000, 77.172052 28.571894, 77.300000 28.530000)"
10341,20341,NR,Mock Pusa - Vasant Kunj 765 kV S/C Line 0341,765 kV,2750,1428.9,11.166,1,ACSR / AAAC / AL59,Quad,Intra-State,Mock Inter-State Grid Delhi,Commissioned,2021,TBCB,MOCK-NIP-00341,No,2021,,,,,,"Mock coordinates: Pusa (28.64000N, 77.17000E) to Vasant Kunj (28.54000N, 77.16000E)",765 kV (Commissioned),10341,Synthetic geometry constrained to approximate Delhi NCT study area,11.166,11.166,"LINESTRING (77.170000 28.640000, 77.164989 28.603949, 77.160000 28.540000)"
10342,20342,NR,Mock Lodhi Road - Pusa 400 kV S/C Line 0342,400 kV,1050,0.0,8.388,1,ACSR Zebra,Twin Moose,ISTS,Mock Delhi Transmission Utility,Planned,January 2029,RTM,MOCK-NIP-00342,No,January 2029,,,,,,"Mock coordinates: Lodhi Road (28.59000N, 77.22000E) to Pusa (28.64000N, 77.17000E)",400 kV (Planned),10342,Synthetic geometry constrained to approximate Delhi NCT study area,8.388,8.388,"LINESTRING (77.220000 28.590000, 77.210843 28.626106, 77.170000 28.640000)"
10343,20343,NR,Mock Mundka - Narela 400 kV D/C Line 0343,400 kV,2350,0.0,21.738,2,ACSR Moose,Twin Moose,ISTS,Mock Delhi Transmission Utility,Under Construction,September 2026,RTM,MOCK-NIP-00343,Yes,September 2026,2.0,Mock Delhi Transmission Utility,36.0,6.0,12.0,"Mock coordinates: Mundka (28.68000N, 76.98000E) to Narela (28.85000N, 77.09000E)",400 kV (Under Construction),10343,Synthetic geometry constrained to approximate Delhi NCT study area,21.738,21.738,"LINESTRING (76.980000 28.680000, 77.023201 28.751499, 77.090000 28.850000)"
10344,20344,NR,Mock Ridge - Pusa 400 kV S/C Line 0344,400 kV,1100,624.5,5.265,1,ACSR Moose,Quad,ISTS,Mock Delhi Transmission Utility,Commissioned,2020,TBCB,MOCK-NIP-00344,Yes,2020,1.0,Mock Delhi Transmission Utility,12.0,4.0,12.0,"Mock coordinates: Ridge (28.68000N, 77.17000E) to Pusa (28.64000N, 77.17000E)",400 kV (Commissioned),10344,Synthetic geometry constrained to approximate Delhi NCT study area,5.265,5.265,"LINESTRING (77.170000 28.680000, 77.156944 28.670093, 77.170000 28.640000)"
10345,20345,NR,Mock Punjabi Bagh - Sarita Vihar 220 kV S/C Line 0345,220 kV,450,0.0,22.779,1,AAAC,Single,Intra-State,Mock South Delhi Transmission Co.,Planned,March 2026,TBCB,MOCK-NIP-00345,Yes,March 2026,1.0,Mock South Delhi Transmission Co.,18.0,6.0,24.0,"Mock coordinates: Punjabi Bagh (28.67000N, 77.13000E) to Sarita Vihar (28.53000N, 77.30000E)",220 kV (Planned),10345,Synthetic geometry constrained to approximate Delhi NCT study area,22.779,22.779,"LINESTRING (77.130000 28.670000, 77.224996 28.585469, 77.300000 28.530000)"
10346,20346,NR,Mock Patparganj - Badarpur 220 kV D/C Line 0346,220 kV,850,0.0,14.625,2,AAAC,Twin,Intra-State,Mock Delhi Transmission Utility,Under Construction,March 2026,TBCB,MOCK-NIP-00346,Yes,March 2026,2.0,Mock Delhi Transmission Utility,12.0,2.0,24.0,"Mock coordinates: Patparganj (28.63000N, 77.29000E) to Badarpur (28.50000N, 77.30000E)",220 kV (Under Construction),10346,Synthetic geometry constrained to approximate Delhi NCT study area,14.625,14.625,"LINESTRING (77.290000 28.630000, 77.285613 28.555236, 77.300000 28.500000)"
10347,20347,NR,Mock Badarpur - Lodhi Road 220 kV S/C Line 0347,220 kV,300,212.2,12.697,1,AAAC,Twin,Intra-State,Mock Delhi Transmission Utility,Commissioned,2018,TBCB,MOCK-NIP-00347,No,2018,,,,,,"Mock coordinates: Badarpur (28.50000N, 77.30000E) to Lodhi Road (28.59000N, 77.22000E)",220 kV (Commissioned),10347,Synthetic geometry constrained to approximate Delhi NCT study area,12.697,12.697,"LINESTRING (77.300000 28.500000, 77.260271 28.543926, 77.220000 28.590000)"
10348,20348,NR,Mock Badarpur - Sarita Vihar 400 kV D/C Line 0348,400 kV,2150,1242.8,4.02,2,ACSR Zebra,Twin Moose,ISTS,Mock Delhi Transmission Utility,Commissioned,2019,RTM,MOCK-NIP-00348,Yes,2019,2.0,Mock Delhi Transmission Utility,18.0,8.0,24.0,"Mock coordinates: Badarpur (28.50000N, 77.30000E) to Sarita Vihar (28.53000N, 77.30000E)",400 kV (Commissioned),10348,Synthetic geometry constrained to approximate Delhi NCT study area,4.02,4.02,"LINESTRING (77.300000 28.500000, 77.289545 28.507541, 77.300000 28.530000)"
10349,20349,NR,Mock Ridge - Okhla 220 kV S/C Line 0349,220 kV,300,224.9,19.841,1,ACSR Moose,Twin,Intra-State,Mock Delhi Transmission Utility,Commissioned,2019,RTM,MOCK-NIP-00349,No,2019,,,,,,"Mock coordinates: Ridge (28.68000N, 77.17000E) to Okhla (28.53000N, 77.28000E)",220 kV (Commissioned),10349,Synthetic geometry constrained to approximate Delhi NCT study area,19.841,19.841,"LINESTRING (77.170000 28.680000, 77.222086 28.612413, 77.280000 28.530000)"
10350,20350,NR,Mock Mayur Vihar - Patparganj 400 kV D/C Line 0350,400 kV,1800,0.0,3.839,2,ACSR Zebra,Twin Moose,Intra-State,Mock Delhi Transmission Utility,Planned,January 2026,TBCB,MOCK-NIP-00350,Yes,January 2026,2.0,Mock Delhi Transmission Utility,36.0,8.0,12.0,"Mock coordinates: Mayur Vihar (28.61000N, 77.30000E) to Patparganj (28.63000N, 77.29000E)",400 kV (Planned),10350,Synthetic geometry constrained to approximate Delhi NCT study area,3.839,3.839,"LINESTRING (77.300000 28.610000, 77.303188 28.617060, 77.294439 28.631715, 77.290202 28.626237, 77.290000 28.630000)"
10351,20351,NR,Mock Okhla - Mahipalpur 400 kV S/C Line 0351,400 kV,1100,652.5,14.861,1,ACSR Moose,Quad,Intra-State,Mock Delhi Transmission Utility,Commissioned,2025,RTM,MOCK-NIP-00351,Yes,2025,1.0,Mock Delhi Transmission Utility,24.0,2.0,24.0,"Mock coordinates: Okhla (28.53000N, 77.28000E) to Mahipalpur (28.55000N, 77.13000E)",400 kV (Commissioned),10351,Synthetic geometry constrained to approximate Delhi NCT study area,14.861,14.861,"LINESTRING (77.280000 28.530000, 77.218911 28.543109, 77.130000 28.550000)"
10352,20352,NR,Mock Shahdara - Okhla 220 kV S/C Line 0352,220 kV,300,150.2,15.814,1,ACSR Moose,Single,Intra-State,Mock North Delhi Transmission Co.,Commissioned,2025,RTM,MOCK-NIP-00352,No,2025,,,,,,"Mock coordinates: Shahdara (28.67000N, 77.29000E) to Okhla (28.53000N, 77.28000E)",220 kV (Commissioned),10352,Synthetic geometry constrained to approximate Delhi NCT study area,15.814,15.814,"LINESTRING (77.290000 28.670000, 77.290202 28.650165, 77.275922 28.598027, 77.283538 28.558589, 77.280000 28.530000)"
10353,20353,NR,Mock Mayur Vihar - Mahipalpur 220 kV S/C Line 0353,220 kV,250,173.5,18.089,1,ACSR Zebra,Twin,Intra-State,Mock North Delhi Transmission Co.,Commissioned,2022,RTM,MOCK-NIP-00353,No,2022,,,,,,"Mock coordinates: Mayur Vihar (28.61000N, 77.30000E) to Mahipalpur (28.55000N, 77.13000E)",220 kV (Commissioned),10353,Synthetic geometry constrained to approximate Delhi NCT study area,18.089,18.089,"LINESTRING (77.300000 28.610000, 77.199991 28.587592, 77.130000 28.550000)"
10354,20354,NR,Mock Najafgarh - Punjabi Bagh 765 kV D/C Line 0354,765 kV,4250,0.0,16.096,2,ACSR / AAAC / AL59,Hexa,ISTS,Mock Powergrid Delhi,Under Bidding,January 2025,RTM,MOCK-NIP-00354,No,January 2025,,,,,,"Mock coordinates: Najafgarh (28.61000N, 76.98000E) to Punjabi Bagh (28.67000N, 77.13000E)",765 kV (Under Bidding),10354,Synthetic geometry constrained to approximate Delhi NCT study area,16.096,16.096,"LINESTRING (76.980000 28.610000, 77.053534 28.642111, 77.130000 28.670000)"
10355,20355,NR,Mock Okhla - Patparganj 220 kV D/C Line 0355,220 kV,700,0.0,11.747,2,ACSR Moose,Twin,Intra-State,Mock Delhi Transmission Utility,Under Construction,September 2027,TBCB,MOCK-NIP-00355,No,September 2027,,,,,,"Mock coordinates: Okhla (28.53000N, 77.28000E) to Patparganj (28.63000N, 77.29000E)",220 kV (Under Construction),10355,Synthetic geometry constrained to approximate Delhi NCT study area,11.747,11.747,"LINESTRING (77.280000 28.530000, 77.281215 28.547231, 77.268178 28.577777, 77.285896 28.615174, 77.290000 28.630000)"
10356,20356,NR,Mock Punjabi Bagh - Bawana 220 kV S/C Line 0356,220 kV,350,182.2,16.532,1,AAAC,Single,Intra-State,Mock North Delhi Transmission Co.,Commissioned,2021,RTM,MOCK-NIP-00356,No,2021,,,,,,"Mock coordinates: Punjabi Bagh (28.67000N, 77.13000E) to Bawana (28.80000N, 77.05000E)",220 kV (Commissioned),10356,Synthetic geometry constrained to approximate Delhi NCT study area,16.532,16.532,"LINESTRING (77.130000 28.670000, 77.085161 28.725258, 77.050000 28.800000)"
10357,20357,NR,Mock Bamnoli - Mahipalpur 220 kV S/C Line 0357,220 kV,450,187.0,12.964,1,ACSR Moose,Twin,Intra-State,Mock North Delhi Transmission Co.,Commissioned,2022,TBCB,MOCK-NIP-00357,No,2022,,,,,,"Mock coordinates: Bamnoli (28.53000N, 77.00000E) to Mahipalpur (28.55000N, 77.13000E)",220 kV (Commissioned),10357,Synthetic geometry constrained to approximate Delhi NCT study area,12.964,12.964,"LINESTRING (77.000000 28.530000, 77.059698 28.533021, 77.130000 28.550000)"
10358,20358,NR,Mock Patparganj - Mayur Vihar 765 kV S/C Line 0358,765 kV,2000,963.5,2.474,1,ACSR / AAAC / AL59,Quad,ISTS,Mock Powergrid Delhi,Commissioned,2019,RTM,MOCK-NIP-00358,Yes,2019,1.0,Mock Powergrid Delhi,12.0,4.0,18.0,"Mock coordinates: Patparganj (28.63000N, 77.29000E) to Mayur Vihar (28.61000N, 77.30000E)",765 kV (Commissioned),10358,Synthetic geometry constrained to approximate Delhi NCT study area,2.474,2.474,"LINESTRING (77.290000 28.630000, 77.290253 28.625199, 77.300000 28.610000)"
10359,20359,NR,Mock Mundka - Wazirabad 220 kV S/C Line 0359,220 kV,500,223.6,19.813,1,AAAC,Twin,Intra-State,Mock Delhi Transmission Utility,Commissioned,2024,RTM,MOCK-NIP-00359,No,2024,,,,,,"Mock coordinates: Mundka (28.68000N, 76.98000E) to Wazirabad (28.71000N, 77.18000E)",220 kV (Commissioned),10359,Synthetic geometry constrained to approximate Delhi NCT study area,19.813,19.813,"LINESTRING (76.980000 28.680000, 77.020896 28.687084, 77.080745 28.698818, 77.140845 28.704247, 77.180000 28.710000)"
10360,20360,NR,Mock Ridge - Okhla 400 kV D/C Line 0360,400 kV,1700,694.0,19.933,2,ACSR Moose,Quad,Intra-State,Mock Delhi Transmission Utility,Commissioned,2023,TBCB,MOCK-NIP-00360,Yes,2023,2.0,Mock Delhi Transmission Utility,12.0,4.0,18.0,"Mock coordinates: Ridge (28.68000N, 77.17000E) to Okhla (28.53000N, 77.28000E)",400 kV (Commissioned),10360,Synthetic geometry constrained to approximate Delhi NCT study area,19.933,19.933,"LINESTRING (77.170000 28.680000, 77.230607 28.613605, 77.280000 28.530000)"
10361,20361,NR,Mock Vasant Kunj - Pusa 400 kV S/C Line 0361,400 kV,1000,525.6,11.653,1,ACSR Zebra,Twin Moose,ISTS,Mock Delhi Transmission Utility,Commissioned,2023,RTM,MOCK-NIP-00361,No,2023,,,,,,"Mock coordinates: Vasant Kunj (28.54000N, 77.16000E) to Pusa (28.64000N, 77.17000E)",400 kV (Commissioned),10361,Synthetic geometry constrained to approximate Delhi NCT study area,11.653,11.653,"LINESTRING (77.160000 28.540000, 77.167922 28.554933, 77.181424 28.593559, 77.170103 28.626243, 77.170000 28.640000)"
10362,20362,NR,Mock Pusa - Bawana 220 kV D/C Line 0362,220 kV,850,0.0,21.498,2,AAAC,Single,Intra-State,Mock North Delhi Transmission Co.,Under Bidding,September 2027,TBCB,MOCK-NIP-00362,Yes,September 2027,2.0,Mock North Delhi Transmission Co.,24.0,4.0,24.0,"Mock coordinates: Pusa (28.64000N, 77.17000E) to Bawana (28.80000N, 77.05000E)",220 kV (Under Bidding),10362,Synthetic geometry constrained to approximate Delhi NCT study area,21.498,21.498,"LINESTRING (77.170000 28.640000, 77.150467 28.678725, 77.115960 28.734341, 77.073490 28.772477, 77.050000 28.800000)"
10363,20363,NR,Mock Patparganj - Okhla 220 kV S/C Line 0363,220 kV,400,163.0,11.227,1,ACSR Moose,Twin,Intra-State,Mock North Delhi Transmission Co.,Commissioned,2021,RTM,MOCK-NIP-00363,No,2021,,,,,,"Mock coordinates: Patparganj (28.63000N, 77.29000E) to Okhla (28.53000N, 77.28000E)",220 kV (Commissioned),10363,Synthetic geometry constrained to approximate Delhi NCT study area,11.227,11.227,"LINESTRING (77.290000 28.630000, 77.291809 28.586949, 77.280000 28.530000)"
10364,20364,NR,Mock Ridge - Lodhi Road 220 kV D/C Line 0364,220 kV,800,441.1,11.299,2,ACSR Moose,Single,Intra-State,Mock North Delhi Transmission Co.,Commissioned,2024,RTM,MOCK-NIP-00364,No,2024,,,,,,"Mock coordinates: Ridge (28.68000N, 77.17000E) to Lodhi Road (28.59000N, 77.22000E)",220 kV (Commissioned),10364,Synthetic geometry constrained to approximate Delhi NCT study area,11.299,11.299,"LINESTRING (77.170000 28.680000, 77.169520 28.669285, 77.184997 28.648070, 77.207095 28.612383, 77.220000 28.590000)"
10365,20365,NR,Mock Badarpur - Patparganj 765 kV S/C Line 0365,765 kV,3000,1911.0,14.522,1,AL 59 Zebra,Hexa,ISTS,Mock Powergrid Delhi,Commissioned,2024,TBCB,MOCK-NIP-00365,No,2024,,,,,,"Mock coordinates: Badarpur (28.50000N, 77.30000E) to Patparganj (28.63000N, 77.29000E)",765 kV (Commissioned),10365,Synthetic geometry constrained to approximate Delhi NCT study area,14.522,14.522,"LINESTRING (77.300000 28.500000, 77.290422 28.558540, 77.290000 28.630000)"
10366,20366,NR,Mock Ridge - Rohini 220 kV D/C Line 0366,220 kV,500,378.5,9.292,2,AAAC,Single,Intra-State,Mock South Delhi Transmission Co.,Commissioned,2024,TBCB,MOCK-NIP-00366,Yes,2024,2.0,Mock South Delhi Transmission Co.,18.0,8.0,24.0,"Mock coordinates: Ridge (28.68000N, 77.17000E) to Rohini (28.74000N, 77.11000E)",220 kV (Commissioned),10366,Synthetic geometry constrained to approximate Delhi NCT study area,9.292,9.292,"LINESTRING (77.170000 28.680000, 77.127171 28.704097, 77.110000 28.740000)"
10367,20367,NR,Mock Ridge - Mundka 220 kV D/C Line 0367,220 kV,950,520.0,18.712,2,ACSR Zebra,Single,Intra-State,Mock Delhi Transmission Utility,Commissioned,2024,RTM,MOCK-NIP-00367,Yes,2024,2.0,Mock Delhi Transmission Utility,18.0,8.0,24.0,"Mock coordinates: Ridge (28.68000N, 77.17000E) to Mundka (28.68000N, 76.98000E)",220 kV (Commissioned),10367,Synthetic geometry constrained to approximate Delhi NCT study area,18.712,18.712,"LINESTRING (77.170000 28.680000, 77.132848 28.687363, 77.064173 28.689969, 77.007085 28.684511, 76.980000 28.680000)"
10368,20368,NR,Mock Bamnoli - Rohini 220 kV D/C Line 0368,220 kV,500,0.0,25.764,2,AAAC,Single,Intra-State,Mock South Delhi Transmission Co.,Under Construction,June 2025,TBCB,MOCK-NIP-00368,No,June 2025,,,,,,"Mock coordinates: Bamnoli (28.53000N, 77.00000E) to Rohini (28.74000N, 77.11000E)",220 kV (Under Construction),10368,Synthetic geometry constrained to approximate Delhi NCT study area,25.764,25.764,"LINESTRING (77.000000 28.530000, 77.041297 28.628317, 77.110000 28.740000)"
10369,20369,NR,Mock Lodhi Road - Rohini 220 kV D/C Line 0369,220 kV,750,0.0,19.921,2,AAAC,Twin,Intra-State,Mock North Delhi Transmission Co.,Under Construction,March 2026,RTM,MOCK-NIP-00369,Yes,March 2026,2.0,Mock North Delhi Transmission Co.,12.0,4.0,24.0,"Mock coordinates: Lodhi Road (28.59000N, 77.22000E) to Rohini (28.74000N, 77.11000E)",220 kV (Under Construction),10369,Synthetic geometry constrained to approximate Delhi NCT study area,19.921,19.921,"LINESTRING (77.220000 28.590000, 77.202937 28.617250, 77.177430 28.654885, 77.129226 28.706170, 77.110000 28.740000)"
10370,20370,NR,Mock Okhla - Punjabi Bagh 220 kV D/C Line 0370,220 kV,700,498.1,21.382,2,ACSR Zebra,Twin,Intra-State,Mock South Delhi Transmission Co.,Commissioned,2022,TBCB,MOCK-NIP-00370,No,2022,,,,,,"Mock coordinates: Okhla (28.53000N, 77.28000E) to Punjabi Bagh (28.67000N, 77.13000E)",220 kV (Commissioned),10370,Synthetic geometry constrained to approximate Delhi NCT study area,21.382,21.382,"LINESTRING (77.280000 28.530000, 77.198384 28.610350, 77.130000 28.670000)"
10371,20371,NR,Mock Badarpur - Mayur Vihar 220 kV S/C Line 0371,220 kV,400,246.7,12.35,1,ACSR Moose,Twin,Intra-State,Mock Delhi Transmission Utility,Commissioned,2022,RTM,MOCK-NIP-00371,No,2022,,,,,,"Mock coordinates: Badarpur (28.50000N, 77.30000E) to Mayur Vihar (28.61000N, 77.30000E)",220 kV (Commissioned),10371,Synthetic geometry constrained to approximate Delhi NCT study area,12.35,12.35,"LINESTRING (77.300000 28.500000, 77.295506 28.523710, 77.296832 28.567627, 77.302870 28.598711, 77.300000 28.610000)"
10372,20372,NR,Mock Badarpur - Vasant Kunj 400 kV D/C Line 0372,400 kV,2250,1646.9,14.728,2,ACSR Moose,Twin Moose,ISTS,Mock Inter-State Grid Delhi,Commissioned,2020,RTM,MOCK-NIP-00372,No,2020,,,,,,"Mock coordinates: Badarpur (28.50000N, 77.30000E) to Vasant Kunj (28.54000N, 77.16000E)",400 kV (Commissioned),10372,Synthetic geometry constrained to approximate Delhi NCT study area,14.728,14.728,"LINESTRING (77.300000 28.500000, 77.241413 28.531692, 77.160000 28.540000)"
10373,20373,NR,Mock Vasant Kunj - Dwarka 400 kV S/C Line 0373,400 kV,850,505.6,14.029,1,ACSR Moose,Twin Moose,ISTS,Mock Inter-State Grid Delhi,Commissioned,2018,TBCB,MOCK-NIP-00373,Yes,2018,1.0,Mock Inter-State Grid Delhi,24.0,2.0,12.0,"Mock coordinates: Vasant Kunj (28.54000N, 77.16000E) to Dwarka (28.59000N, 77.03000E)",400 kV (Commissioned),10373,Synthetic geometry constrained to approximate Delhi NCT study area,14.029,14.029,"LINESTRING (77.160000 28.540000, 77.084554 28.579433, 77.030000 28.590000)"
10374,20374,NR,Mock Vasant Kunj - Rohini 220 kV S/C Line 0374,220 kV,350,200.1,22.869,1,AAAC,Single,Intra-State,Mock North Delhi Transmission Co.,Commissioned,2023,RTM,MOCK-NIP-00374,Yes,2023,1.0,Mock North Delhi Transmission Co.,18.0,4.0,24.0,"Mock coordinates: Vasant Kunj (28.54000N, 77.16000E) to Rohini (28.74000N, 77.11000E)",220 kV (Commissioned),10374,Synthetic geometry constrained to approximate Delhi NCT study area,22.869,22.869,"LINESTRING (77.160000 28.540000, 77.144164 28.648471, 77.110000 28.740000)"
10375,20375,NR,Mock Ridge - Rohini 220 kV S/C Line 0375,220 kV,250,0.0,9.169,1,ACSR Moose,Twin,Intra-State,Mock South Delhi Transmission Co.,Planned,March 2025,TBCB,MOCK-NIP-00375,Yes,March 2025,1.0,Mock South Delhi Transmission Co.,24.0,8.0,18.0,"Mock coordinates: Ridge (28.68000N, 77.17000E) to Rohini (28.74000N, 77.11000E)",220 kV (Planned),10375,Synthetic geometry constrained to approximate Delhi NCT study area,9.169,9.169,"LINESTRING (77.170000 28.680000, 77.151053 28.687619, 77.125568 28.712344, 77.112831 28.735140, 77.110000 28.740000)"
10376,20376,NR,Mock Dwarka - Punjabi Bagh 220 kV S/C Line 0376,220 kV,400,211.2,13.221,1,ACSR Zebra,Twin,Intra-State,Mock North Delhi Transmission Co.,Commissioned,2025,TBCB,MOCK-NIP-00376,No,2025,,,,,,"Mock coordinates: Dwarka (28.59000N, 77.03000E) to Punjabi Bagh (28.67000N, 77.13000E)",220 kV (Commissioned),10376,Synthetic geometry constrained to approximate Delhi NCT study area,13.221,13.221,"LINESTRING (77.030000 28.590000, 77.070192 28.618385, 77.130000 28.670000)"
10377,20377,NR,Mock Wazirabad - Shahdara 765 kV D/C Line 0377,765 kV,4750,3318.5,11.615,2,AL 59 Zebra,Hexa,Intra-State,Mock Powergrid Delhi,Commissioned,2025,TBCB,MOCK-NIP-00377,No,2025,,,,,,"Mock coordinates: Wazirabad (28.71000N, 77.18000E) to Shahdara (28.67000N, 77.29000E)",765 kV (Commissioned),10377,Synthetic geometry constrained to approximate Delhi NCT study area,11.615,11.615,"LINESTRING (77.180000 28.710000, 77.227210 28.693012, 77.290000 28.670000)"
10378,20378,NR,Mock Badarpur - Vasant Kunj 220 kV S/C Line 0378,220 kV,400,313.8,14.383,1,AAAC,Twin,Intra-State,Mock North Delhi Transmission Co.,Commissioned,2019,TBCB,MOCK-NIP-00378,No,2019,,,,,,"Mock coordinates: Badarpur (28.50000N, 77.30000E) to Vasant Kunj (28.54000N, 77.16000E)",220 kV (Commissioned),10378,Synthetic geometry constrained to approximate Delhi NCT study area,14.383,14.383,"LINESTRING (77.300000 28.500000, 77.212460 28.525225, 77.160000 28.540000)"
10379,20379,NR,Mock Badarpur - Okhla 220 kV D/C Line 0379,220 kV,950,0.0,3.927,2,ACSR Moose,Single,Intra-State,Mock North Delhi Transmission Co.,Under Construction,December 2028,TBCB,MOCK-NIP-00379,No,December 2028,,,,,,"Mock coordinates: Badarpur (28.50000N, 77.30000E) to Okhla (28.53000N, 77.28000E)",220 kV (Under Construction),10379,Synthetic geometry constrained to approximate Delhi NCT study area,3.927,3.927,"LINESTRING (77.300000 28.500000, 77.284191 28.517849, 77.280000 28.530000)"
10380,20380,NR,Mock Sarita Vihar - Patparganj 220 kV D/C Line 0380,220 kV,900,352.7,11.163,2,ACSR Zebra,Twin,Intra-State,Mock South Delhi Transmission Co.,Commissioned,2018,RTM,MOCK-NIP-00380,Yes,2018,2.0,Mock South Delhi Transmission Co.,18.0,8.0,24.0,"Mock coordinates: Sarita Vihar (28.53000N, 77.30000E) to Patparganj (28.63000N, 77.29000E)",220 kV (Commissioned),10380,Synthetic geometry constrained to approximate Delhi NCT study area,11.163,11.163,"LINESTRING (77.300000 28.530000, 77.295411 28.569421, 77.290000 28.630000)"
10381,20381,NR,Mock Okhla - Bamnoli 400 kV D/C Line 0381,400 kV,2000,0.0,27.366,2,AL 59 Zebra,Quad,ISTS,Mock Delhi Transmission Utility,Under Bidding,December 2027,TBCB,MOCK-NIP-00381,No,December 2027,,,,,,"Mock coordinates: Okhla (28.53000N, 77.28000E) to Bamnoli (28.53000N, 77.00000E)",400 kV (Under Bidding),10381,Synthetic geometry constrained to approximate Delhi NCT study area,27.366,27.366,"LINESTRING (77.280000 28.530000, 77.132899 28.533697, 77.000000 28.530000)"
10382,20382,NR,Mock Pusa - Ridge 400 kV S/C Line 0382,400 kV,1150,722.6,5.699,1,ACSR Moose,Twin Moose,Intra-State,Mock Inter-State Grid Delhi,Commissioned,2022,TBCB,MOCK-NIP-00382,No,2022,,,,,,"Mock coordinates: Pusa (28.64000N, 77.17000E) to Ridge (28.68000N, 77.17000E)",400 kV (Commissioned),10382,Synthetic geometry constrained to approximate Delhi NCT study area,5.699,5.699,"LINESTRING (77.170000 28.640000, 77.152636 28.667919, 77.170000 28.680000)"
10383,20383,NR,Mock Najafgarh - Vasant Kunj 400 kV D/C Line 0383,400 kV,1400,0.0,19.271,2,AL 59 Zebra,Twin Moose,ISTS,Mock Inter-State Grid Delhi,Under Construction,September 2025,TBCB,MOCK-NIP-00383,No,September 2025,,,,,,"Mock coordinates: Najafgarh (28.61000N, 76.98000E) to Vasant Kunj (28.54000N, 77.16000E)",400 kV (Under Construction),10383,Synthetic geometry constrained to approximate Delhi NCT study area,19.271,19.271,"LINESTRING (76.980000 28.610000, 77.067505 28.569374, 77.160000 28.540000)"
10384,20384,NR,Mock Ridge - Sarita Vihar 220 kV S/C Line 0384,220 kV,250,0.0,20.959,1,AAAC,Twin,Intra-State,Mock Delhi Transmission Utility,Under Construction,September 2027,TBCB,MOCK-NIP-00384,Yes,September 2027,1.0,Mock Delhi Transmission Utility,12.0,8.0,18.0,"Mock coordinates: Ridge (28.68000N, 77.17000E) to Sarita Vihar (28.53000N, 77.30000E)",220 kV (Under Construction),10384,Synthetic geometry constrained to approximate Delhi NCT study area,20.959,20.959,"LINESTRING (77.170000 28.680000, 77.239210 28.600583, 77.300000 28.530000)"
10385,20385,NR,Mock Badarpur - Patparganj 220 kV D/C Line 0385,220 kV,1000,568.6,14.602,2,AAAC,Single,Intra-State,Mock South Delhi Transmission Co.,Commissioned,2024,TBCB,MOCK-NIP-00385,Yes,2024,2.0,Mock South Delhi Transmission Co.,24.0,2.0,24.0,"Mock coordinates: Badarpur (28.50000N, 77.30000E) to Patparganj (28.63000N, 77.29000E)",220 kV (Commissioned),10385,Synthetic geometry constrained to approximate Delhi NCT study area,14.602,14.602,"LINESTRING (77.300000 28.500000, 77.298153 28.525553, 77.289646 28.569837, 77.294801 28.603729, 77.290000 28.630000)"
10386,20386,NR,Mock Mayur Vihar - Patparganj 220 kV S/C Line 0386,220 kV,400,0.0,4.319,1,ACSR Zebra,Single,Intra-State,Mock Delhi Transmission Utility,Under Bidding,June 2029,RTM,MOCK-NIP-00386,Yes,June 2029,1.0,Mock Delhi Transmission Utility,24.0,8.0,12.0,"Mock coordinates: Mayur Vihar (28.61000N, 77.30000E) to Patparganj (28.63000N, 77.29000E)",220 kV (Under Bidding),10386,Synthetic geometry constrained to approximate Delhi NCT study area,4.319,4.319,"LINESTRING (77.300000 28.610000, 77.277801 28.614495, 77.290000 28.630000)"
10387,20387,NR,Mock Mayur Vihar - Lodhi Road 220 kV D/C Line 0387,220 kV,600,241.3,8.217,2,AAAC,Twin,Intra-State,Mock North Delhi Transmission Co.,Commissioned,2019,TBCB,MOCK-NIP-00387,No,2019,,,,,,"Mock coordinates: Mayur Vihar (28.61000N, 77.30000E) to Lodhi Road (28.59000N, 77.22000E)",220 kV (Commissioned),10387,Synthetic geometry constrained to approximate Delhi NCT study area,8.217,8.217,"LINESTRING (77.300000 28.610000, 77.272504 28.608614, 77.220000 28.590000)"
10388,20388,NR,Mock Ridge - Okhla 220 kV D/C Line 0388,220 kV,800,0.0,19.868,2,ACSR Moose,Single,Intra-State,Mock South Delhi Transmission Co.,Under Bidding,June 2029,TBCB,MOCK-NIP-00388,No,June 2029,,,,,,"Mock coordinates: Ridge (28.68000N, 77.17000E) to Okhla (28.53000N, 77.28000E)",220 kV (Under Bidding),10388,Synthetic geometry constrained to approximate Delhi NCT study area,19.868,19.868,"LINESTRING (77.170000 28.680000, 77.216841 28.606993, 77.280000 28.530000)"
10389,20389,NR,Mock Dwarka - Lodhi Road 400 kV S/C Line 0389,400 kV,950,0.0,18.569,1,ACSR Zebra,Quad,Intra-State,Mock Delhi Transmission Utility,Under Bidding,December 2029,TBCB,MOCK-NIP-00389,Yes,December 2029,1.0,Mock Delhi Transmission Utility,36.0,2.0,24.0,"Mock coordinates: Dwarka (28.59000N, 77.03000E) to Lodhi Road (28.59000N, 77.22000E)",400 kV (Under Bidding),10389,Synthetic geometry constrained to approximate Delhi NCT study area,18.569,18.569,"LINESTRING (77.030000 28.590000, 77.121483 28.593749, 77.220000 28.590000)"
10390,20390,NR,Mock Dwarka - Patparganj 400 kV D/C Line 0390,400 kV,1700,986.1,25.822,2,ACSR Zebra,Quad,ISTS,Mock Delhi Transmission Utility,Commissioned,2022,RTM,MOCK-NIP-00390,No,2022,,,,,,"Mock coordinates: Dwarka (28.59000N, 77.03000E) to Patparganj (28.63000N, 77.29000E)",400 kV (Commissioned),10390,Synthetic geometry constrained to approximate Delhi NCT study area,25.822,25.822,"LINESTRING (77.030000 28.590000, 77.158650 28.602211, 77.290000 28.630000)"
10391,20391,NR,Mock Bamnoli - Vasant Kunj 220 kV S/C Line 0391,220 kV,350,250.2,15.945,1,AAAC,Single,Intra-State,Mock North Delhi Transmission Co.,Commissioned,2020,RTM,MOCK-NIP-00391,Yes,2020,1.0,Mock North Delhi Transmission Co.,12.0,8.0,12.0,"Mock coordinates: Bamnoli (28.53000N, 77.00000E) to Vasant Kunj (28.54000N, 77.16000E)",220 kV (Commissioned),10391,Synthetic geometry constrained to approximate Delhi NCT study area,15.945,15.945,"LINESTRING (77.000000 28.530000, 77.028269 28.525801, 77.070585 28.524499, 77.128529 28.540470, 77.160000 28.540000)"
10392,20392,NR,Mock Bawana - Rohini 220 kV S/C Line 0392,220 kV,400,201.0,9.455,1,ACSR Moose,Single,Intra-State,Mock South Delhi Transmission Co.,Commissioned,2021,RTM,MOCK-NIP-00392,No,2021,,,,,,"Mock coordinates: Bawana (28.80000N, 77.05000E) to Rohini (28.74000N, 77.11000E)",220 kV (Commissioned),10392,Synthetic geometry constrained to approximate Delhi NCT study area,9.455,9.455,"LINESTRING (77.050000 28.800000, 77.063616 28.792140, 77.073301 28.763939, 77.099215 28.753007, 77.110000 28.740000)"
10393,20393,NR,Mock Punjabi Bagh - Wazirabad 400 kV S/C Line 0393,400 kV,1000,0.0,6.965,1,ACSR Zebra,Twin Moose,ISTS,Mock Delhi Transmission Utility,Planned,September 2028,RTM,MOCK-NIP-00393,Yes,September 2028,1.0,Mock Delhi Transmission Utility,12.0,8.0,24.0,"Mock coordinates: Punjabi Bagh (28.67000N, 77.13000E) to Wazirabad (28.71000N, 77.18000E)",400 kV (Planned),10393,Synthetic geometry constrained to approximate Delhi NCT study area,6.965,6.965,"LINESTRING (77.130000 28.670000, 77.164835 28.684402, 77.180000 28.710000)"
10394,20394,NR,Mock Badarpur - Punjabi Bagh 400 kV D/C Line 0394,400 kV,1800,0.0,25.205,2,ACSR Zebra,Quad,ISTS,Mock Delhi Transmission Utility,Under Bidding,December 2025,TBCB,MOCK-NIP-00394,No,December 2025,,,,,,"Mock coordinates: Badarpur (28.50000N, 77.30000E) to Punjabi Bagh (28.67000N, 77.13000E)",400 kV (Under Bidding),10394,Synthetic geometry constrained to approximate Delhi NCT study area,25.205,25.205,"LINESTRING (77.300000 28.500000, 77.231154 28.579495, 77.130000 28.670000)"
10395,20395,NR,Mock Bawana - Mundka 400 kV S/C Line 0395,400 kV,750,440.2,15.035,1,ACSR Zebra,Quad,Intra-State,Mock Delhi Transmission Utility,Commissioned,2019,TBCB,MOCK-NIP-00395,Yes,2019,1.0,Mock Delhi Transmission Utility,18.0,6.0,12.0,"Mock coordinates: Bawana (28.80000N, 77.05000E) to Mundka (28.68000N, 76.98000E)",400 kV (Commissioned),10395,Synthetic geometry constrained to approximate Delhi NCT study area,15.035,15.035,"LINESTRING (77.050000 28.800000, 77.006107 28.736541, 76.980000 28.680000)"
10396,20396,NR,Mock Najafgarh - Vasant Kunj 220 kV S/C Line 0396,220 kV,500,308.7,19.409,1,ACSR Moose,Single,Intra-State,Mock Delhi Transmission Utility,Commissioned,2019,TBCB,MOCK-NIP-00396,No,2019,,,,,,"Mock coordinates: Najafgarh (28.61000N, 76.98000E) to Vasant Kunj (28.54000N, 77.16000E)",220 kV (Commissioned),10396,Synthetic geometry constrained to approximate Delhi NCT study area,19.409,19.409,"LINESTRING (76.980000 28.610000, 77.074729 28.586384, 77.160000 28.540000)"
10397,20397,NR,Mock Najafgarh - Punjabi Bagh 400 kV D/C Line 0397,400 kV,1950,933.4,16.207,2,AL 59 Zebra,Twin Moose,ISTS,Mock Delhi Transmission Utility,Commissioned,2020,RTM,MOCK-NIP-00397,No,2020,,,,,,"Mock coordinates: Najafgarh (28.61000N, 76.98000E) to Punjabi Bagh (28.67000N, 77.13000E)",400 kV (Commissioned),10397,Synthetic geometry constrained to approximate Delhi NCT study area,16.207,16.207,"LINESTRING (76.980000 28.610000, 77.046395 28.626991, 77.130000 28.670000)"
10398,20398,NR,Mock Dwarka - Sarita Vihar 400 kV D/C Line 0398,400 kV,1500,0.0,27.454,2,ACSR Zebra,Twin Moose,Intra-State,Mock Inter-State Grid Delhi,Under Bidding,December 2026,TBCB,MOCK-NIP-00398,No,December 2026,,,,,,"Mock coordinates: Dwarka (28.59000N, 77.03000E) to Sarita Vihar (28.53000N, 77.30000E)",400 kV (Under Bidding),10398,Synthetic geometry constrained to approximate Delhi NCT study area,27.454,27.454,"LINESTRING (77.030000 28.590000, 77.075099 28.580749, 77.158294 28.547467, 77.254370 28.539271, 77.300000 28.530000)"
10399,20399,NR,Mock Vasant Kunj - Mahipalpur 220 kV S/C Line 0399,220 kV,500,198.9,3.927,1,ACSR Zebra,Single,Intra-State,Mock Delhi Transmission Utility,Commissioned,2020,RTM,MOCK-NIP-00399,No,2020,,,,,,"Mock coordinates: Vasant Kunj (28.54000N, 77.16000E) to Mahipalpur (28.55000N, 77.13000E)",220 kV (Commissioned),10399,Synthetic geometry constrained to approximate Delhi NCT study area,3.927,3.927,"LINESTRING (77.160000 28.540000, 77.130038 28.541028, 77.130000 28.550000)"
10400,20400,NR,Mock Bawana - Shahdara 220 kV D/C Line 0400,220 kV,500,0.0,27.567,2,ACSR Zebra,Twin,Intra-State,Mock North Delhi Transmission Co.,Under Bidding,June 2027,RTM,MOCK-NIP-00400,Yes,June 2027,2.0,Mock North Delhi Transmission Co.,36.0,8.0,12.0,"Mock coordinates: Bawana (28.80000N, 77.05000E) to Shahdara (28.67000N, 77.29000E)",220 kV (Under Bidding),10400,Synthetic geometry constrained to approximate Delhi NCT study area,27.567,27.567,"LINESTRING (77.050000 28.800000, 77.098983 28.774346, 77.174248 28.738012, 77.250294 28.687974, 77.290000 28.670000)"
10401,20401,NR,Mock Shahdara - Vasant Kunj 220 kV D/C Line 0401,220 kV,650,304.0,19.329,2,ACSR Zebra,Single,Intra-State,Mock North Delhi Transmission Co.,Commissioned,2025,RTM,MOCK-NIP-00401,Yes,2025,2.0,Mock North Delhi Transmission Co.,18.0,6.0,24.0,"Mock coordinates: Shahdara (28.67000N, 77.29000E) to Vasant Kunj (28.54000N, 77.16000E)",220 kV (Commissioned),10401,Synthetic geometry constrained to approximate Delhi NCT study area,19.329,19.329,"LINESTRING (77.290000 28.670000, 77.270637 28.651470, 77.228603 28.619856, 77.182913 28.563701, 77.160000 28.540000)"
10402,20402,NR,Mock Sarita Vihar - Pusa 220 kV S/C Line 0402,220 kV,250,163.3,17.738,1,ACSR Moose,Twin,Intra-State,Mock Delhi Transmission Utility,Commissioned,2018,RTM,MOCK-NIP-00402,Yes,2018,1.0,Mock Delhi Transmission Utility,12.0,6.0,24.0,"Mock coordinates: Sarita Vihar (28.53000N, 77.30000E) to Pusa (28.64000N, 77.17000E)",220 kV (Commissioned),10402,Synthetic geometry constrained to approximate Delhi NCT study area,17.738,17.738,"LINESTRING (77.300000 28.530000, 77.224640 28.581505, 77.170000 28.640000)"
10403,20403,NR,Mock Punjabi Bagh - Sarita Vihar 765 kV S/C Line 0403,765 kV,2150,0.0,22.803,1,ACSR / AAAC / AL59,Hexa,ISTS,Mock Powergrid Delhi,Under Construction,January 2026,RTM,MOCK-NIP-00403,No,January 2026,,,,,,"Mock coordinates: Punjabi Bagh (28.67000N, 77.13000E) to Sarita Vihar (28.53000N, 77.30000E)",765 kV (Under Construction),10403,Synthetic geometry constrained to approximate Delhi NCT study area,22.803,22.803,"LINESTRING (77.130000 28.670000, 77.207890 28.596841, 77.300000 28.530000)"
10404,20404,NR,Mock Lodhi Road - Mayur Vihar 400 kV D/C Line 0404,400 kV,1600,0.0,8.595,2,ACSR Moose,Quad,Intra-State,Mock Inter-State Grid Delhi,Planned,September 2027,TBCB,MOCK-NIP-00404,No,September 2027,,,,,,"Mock coordinates: Lodhi Road (28.59000N, 77.22000E) to Mayur Vihar (28.61000N, 77.30000E)",400 kV (Planned),10404,Synthetic geometry constrained to approximate Delhi NCT study area,8.595,8.595,"LINESTRING (77.220000 28.590000, 77.225021 28.593937, 77.247105 28.588505, 77.285504 28.605451, 77.300000 28.610000)"
10405,20405,NR,Mock Mundka - Vasant Kunj 220 kV S/C Line 0405,220 kV,400,269.8,23.6,1,AAAC,Twin,Intra-State,Mock Delhi Transmission Utility,Commissioned,2024,RTM,MOCK-NIP-00405,No,2024,,,,,,"Mock coordinates: Mundka (28.68000N, 76.98000E) to Vasant Kunj (28.54000N, 77.16000E)",220 kV (Commissioned),10405,Synthetic geometry constrained to approximate Delhi NCT study area,23.6,23.6,"LINESTRING (76.980000 28.680000, 77.082709 28.614723, 77.160000 28.540000)"
10406,20406,NR,Mock Wazirabad - Lodhi Road 220 kV D/C Line 0406,220 kV,950,757.2,14.305,2,ACSR Zebra,Twin,Intra-State,Mock South Delhi Transmission Co.,Commissioned,2020,RTM,MOCK-NIP-00406,Yes,2020,2.0,Mock South Delhi Transmission Co.,18.0,6.0,24.0,"Mock coordinates: Wazirabad (28.71000N, 77.18000E) to Lodhi Road (28.59000N, 77.22000E)",220 kV (Commissioned),10406,Synthetic geometry constrained to approximate Delhi NCT study area,14.305,14.305,"LINESTRING (77.180000 28.710000, 77.183469 28.645696, 77.220000 28.590000)"
10407,20407,NR,Mock Ridge - Dwarka 220 kV D/C Line 0407,220 kV,850,0.0,17.079,2,ACSR Zebra,Single,Intra-State,Mock Delhi Transmission Utility,Planned,January 2027,TBCB,MOCK-NIP-00407,No,January 2027,,,,,,"Mock coordinates: Ridge (28.68000N, 77.17000E) to Dwarka (28.59000N, 77.03000E)",220 kV (Planned),10407,Synthetic geometry constrained to approximate Delhi NCT study area,17.079,17.079,"LINESTRING (77.170000 28.680000, 77.103008 28.649149, 77.030000 28.590000)"
10408,20408,NR,Mock Sarita Vihar - Badarpur 220 kV S/C Line 0408,220 kV,500,246.4,3.546,1,AAAC,Single,Intra-State,Mock South Delhi Transmission Co.,Commissioned,2023,TBCB,MOCK-NIP-00408,No,2023,,,,,,"Mock coordinates: Sarita Vihar (28.53000N, 77.30000E) to Badarpur (28.50000N, 77.30000E)",220 kV (Commissioned),10408,Synthetic geometry constrained to approximate Delhi NCT study area,3.546,3.546,"LINESTRING (77.300000 28.530000, 77.303252 28.528537, 77.300000 28.500000)"
10409,20409,NR,Mock Bawana - Punjabi Bagh 400 kV S/C Line 0409,400 kV,950,431.1,16.579,1,AL 59 Zebra,Twin Moose,ISTS,Mock Delhi Transmission Utility,Commissioned,2024,TBCB,MOCK-NIP-00409,Yes,2024,1.0,Mock Delhi Transmission Utility,24.0,4.0,12.0,"Mock coordinates: Bawana (28.80000N, 77.05000E) to Punjabi Bagh (28.67000N, 77.13000E)",400 kV (Commissioned),10409,Synthetic geometry constrained to approximate Delhi NCT study area,16.579,16.579,"LINESTRING (77.050000 28.800000, 77.106232 28.729747, 77.130000 28.670000)"
10410,20410,NR,Mock Sarita Vihar - Dwarka 220 kV S/C Line 0410,220 kV,450,361.8,27.338,1,AAAC,Single,Intra-State,Mock North Delhi Transmission Co.,Commissioned,2020,TBCB,MOCK-NIP-00410,No,2020,,,,,,"Mock coordinates: Sarita Vihar (28.53000N, 77.30000E) to Dwarka (28.59000N, 77.03000E)",220 kV (Commissioned),10410,Synthetic geometry constrained to approximate Delhi NCT study area,27.338,27.338,"LINESTRING (77.300000 28.530000, 77.147738 28.551247, 77.030000 28.590000)"
10411,20411,NR,Mock Badarpur - Ridge 220 kV D/C Line 0411,220 kV,550,0.0,23.886,2,ACSR Zebra,Single,Intra-State,Mock South Delhi Transmission Co.,Under Bidding,December 2025,RTM,MOCK-NIP-00411,No,December 2025,,,,,,"Mock coordinates: Badarpur (28.50000N, 77.30000E) to Ridge (28.68000N, 77.17000E)",220 kV (Under Bidding),10411,Synthetic geometry constrained to approximate Delhi NCT study area,23.886,23.886,"LINESTRING (77.300000 28.500000, 77.271506 28.528765, 77.220460 28.586024, 77.184883 28.648312, 77.170000 28.680000)"
10412,20412,NR,Mock Okhla - Shahdara 400 kV S/C Line 0412,400 kV,800,643.6,15.642,1,ACSR Zebra,Quad,ISTS,Mock Inter-State Grid Delhi,Commissioned,2020,RTM,MOCK-NIP-00412,No,2020,,,,,,"Mock coordinates: Okhla (28.53000N, 77.28000E) to Shahdara (28.67000N, 77.29000E)",400 kV (Commissioned),10412,Synthetic geometry constrained to approximate Delhi NCT study area,15.642,15.642,"LINESTRING (77.280000 28.530000, 77.291352 28.604428, 77.290000 28.670000)"
10413,20413,NR,Mock Vasant Kunj - Okhla 220 kV D/C Line 0413,220 kV,550,349.0,12.043,2,ACSR Zebra,Twin,Intra-State,Mock South Delhi Transmission Co.,Commissioned,2020,RTM,MOCK-NIP-00413,No,2020,,,,,,"Mock coordinates: Vasant Kunj (28.54000N, 77.16000E) to Okhla (28.53000N, 77.28000E)",220 kV (Commissioned),10413,Synthetic geometry constrained to approximate Delhi NCT study area,12.043,12.043,"LINESTRING (77.160000 28.540000, 77.176209 28.530644, 77.220831 28.528864, 77.254583 28.528702, 77.280000 28.530000)"
10414,20414,NR,Mock Najafgarh - Mahipalpur 220 kV D/C Line 0414,220 kV,700,0.0,16.203,2,ACSR Zebra,Twin,Intra-State,Mock North Delhi Transmission Co.,Under Construction,January 2026,TBCB,MOCK-NIP-00414,Yes,January 2026,2.0,Mock North Delhi Transmission Co.,24.0,2.0,18.0,"Mock coordinates: Najafgarh (28.61000N, 76.98000E) to Mahipalpur (28.55000N, 77.13000E)",220 kV (Under Construction),10414,Synthetic geometry constrained to approximate Delhi NCT study area,16.203,16.203,"LINESTRING (76.980000 28.610000, 77.038629 28.577488, 77.130000 28.550000)"
10415,20415,NR,Mock Pusa - Narela 220 kV D/C Line 0415,220 kV,950,644.1,25.012,2,ACSR Moose,Single,Intra-State,Mock South Delhi Transmission Co.,Commissioned,2020,TBCB,MOCK-NIP-00415,No,2020,,,,,,"Mock coordinates: Pusa (28.64000N, 77.17000E) to Narela (28.85000N, 77.09000E)",220 kV (Commissioned),10415,Synthetic geometry constrained to approximate Delhi NCT study area,25.012,25.012,"LINESTRING (77.170000 28.640000, 77.149499 28.675027, 77.112210 28.733500, 77.102199 28.814815, 77.090000 28.850000)"
10416,20416,NR,Mock Mundka - Narela 220 kV S/C Line 0416,220 kV,400,221.8,21.928,1,AAAC,Single,Intra-State,Mock South Delhi Transmission Co.,Commissioned,2021,RTM,MOCK-NIP-00416,No,2021,,,,,,"Mock coordinates: Mundka (28.68000N, 76.98000E) to Narela (28.85000N, 77.09000E)",220 kV (Commissioned),10416,Synthetic geometry constrained to approximate Delhi NCT study area,21.928,21.928,"LINESTRING (76.980000 28.680000, 77.023869 28.774479, 77.090000 28.850000)"
10417,20417,NR,Mock Rohini - Shahdara 220 kV S/C Line 0417,220 kV,500,0.0,19.254,1,AAAC,Single,Intra-State,Mock North Delhi Transmission Co.,Under Construction,March 2026,TBCB,MOCK-NIP-00417,No,March 2026,,,,,,"Mock coordinates: Rohini (28.74000N, 77.11000E) to Shahdara (28.67000N, 77.29000E)",220 kV (Under Construction),10417,Synthetic geometry constrained to approximate Delhi NCT study area,19.254,19.254,"LINESTRING (77.110000 28.740000, 77.209710 28.694445, 77.290000 28.670000)"
10418,20418,NR,Mock Vasant Kunj - Mayur Vihar 400 kV D/C Line 0418,400 kV,1700,0.0,15.789,2,AL 59 Zebra,Quad,Intra-State,Mock Inter-State Grid Delhi,Under Bidding,December 2029,RTM,MOCK-NIP-00418,No,December 2029,,,,,,"Mock coordinates: Vasant Kunj (28.54000N, 77.16000E) to Mayur Vihar (28.61000N, 77.30000E)",400 kV (Under Bidding),10418,Synthetic geometry constrained to approximate Delhi NCT study area,15.789,15.789,"LINESTRING (77.160000 28.540000, 77.213833 28.560236, 77.300000 28.610000)"
10419,20419,NR,Mock Mayur Vihar - Mahipalpur 220 kV S/C Line 0419,220 kV,250,160.1,17.895,1,ACSR Moose,Twin,Intra-State,Mock South Delhi Transmission Co.,Commissioned,2023,TBCB,MOCK-NIP-00419,No,2023,,,,,,"Mock coordinates: Mayur Vihar (28.61000N, 77.30000E) to Mahipalpur (28.55000N, 77.13000E)",220 kV (Commissioned),10419,Synthetic geometry constrained to approximate Delhi NCT study area,17.895,17.895,"LINESTRING (77.300000 28.610000, 77.222714 28.580849, 77.130000 28.550000)"
10420,20420,NR,Mock Patparganj - Pusa 220 kV D/C Line 0420,220 kV,1000,486.9,11.986,2,ACSR Zebra,Single,Intra-State,Mock Delhi Transmission Utility,Commissioned,2024,TBCB,MOCK-NIP-00420,No,2024,,,,,,"Mock coordinates: Patparganj (28.63000N, 77.29000E) to Pusa (28.64000N, 77.17000E)",220 kV (Commissioned),10420,Synthetic geometry constrained to approximate Delhi NCT study area,11.986,11.986,"LINESTRING (77.290000 28.630000, 77.227704 28.624840, 77.170000 28.640000)"
10421,20421,NR,Mock Shahdara - Mayur Vihar 400 kV D/C Line 0421,400 kV,1850,0.0,7.162,2,ACSR Moose,Twin Moose,ISTS,Mock Delhi Transmission Utility,Under Construction,September 2029,TBCB,MOCK-NIP-00421,Yes,September 2029,2.0,Mock Delhi Transmission Utility,36.0,8.0,18.0,"Mock coordinates: Shahdara (28.67000N, 77.29000E) to Mayur Vihar (28.61000N, 77.30000E)",400 kV (Under Construction),10421,Synthetic geometry constrained to approximate Delhi NCT study area,7.162,7.162,"LINESTRING (77.290000 28.670000, 77.305655 28.648993, 77.300000 28.610000)"
10422,20422,NR,Mock Bamnoli - Najafgarh 220 kV S/C Line 0422,220 kV,500,322.1,9.183,1,ACSR Moose,Single,Intra-State,Mock South Delhi Transmission Co.,Commissioned,2021,RTM,MOCK-NIP-00422,No,2021,,,,,,"Mock coordinates: Bamnoli (28.53000N, 77.00000E) to Najafgarh (28.61000N, 76.98000E)",220 kV (Commissioned),10422,Synthetic geometry constrained to approximate Delhi NCT study area,9.183,9.183,"LINESTRING (77.000000 28.530000, 76.992046 28.584978, 76.980000 28.610000)"
10423,20423,NR,Mock Wazirabad - Ridge 220 kV S/C Line 0423,220 kV,250,0.0,3.858,1,AAAC,Twin,Intra-State,Mock South Delhi Transmission Co.,Under Bidding,September 2025,TBCB,MOCK-NIP-00423,No,September 2025,,,,,,"Mock coordinates: Wazirabad (28.71000N, 77.18000E) to Ridge (28.68000N, 77.17000E)",220 kV (Under Bidding),10423,Synthetic geometry constrained to approximate Delhi NCT study area,3.858,3.858,"LINESTRING (77.180000 28.710000, 77.165067 28.687735, 77.170000 28.680000)"
10424,20424,NR,Mock Patparganj - Punjabi Bagh 220 kV S/C Line 0424,220 kV,450,0.0,16.615,1,ACSR Zebra,Twin,Intra-State,Mock Delhi Transmission Utility,Under Bidding,March 2027,RTM,MOCK-NIP-00424,Yes,March 2027,1.0,Mock Delhi Transmission Utility,24.0,8.0,24.0,"Mock coordinates: Patparganj (28.63000N, 77.29000E) to Punjabi Bagh (28.67000N, 77.13000E)",220 kV (Under Bidding),10424,Synthetic geometry constrained to approximate Delhi NCT study area,16.615,16.615,"LINESTRING (77.290000 28.630000, 77.219208 28.664240, 77.130000 28.670000)"
10425,20425,NR,Mock Mayur Vihar - Pusa 400 kV S/C Line 0425,400 kV,700,0.0,13.219,1,ACSR Moose,Twin Moose,ISTS,Mock Inter-State Grid Delhi,Under Bidding,June 2028,TBCB,MOCK-NIP-00425,No,June 2028,,,,,,"Mock coordinates: Mayur Vihar (28.61000N, 77.30000E) to Pusa (28.64000N, 77.17000E)",400 kV (Under Bidding),10425,Synthetic geometry constrained to approximate Delhi NCT study area,13.219,13.219,"LINESTRING (77.300000 28.610000, 77.248338 28.614629, 77.170000 28.640000)"
10426,20426,NR,Mock Najafgarh - Rohini 400 kV S/C Line 0426,400 kV,950,583.7,19.353,1,ACSR Zebra,Quad,Intra-State,Mock Inter-State Grid Delhi,Commissioned,2025,RTM,MOCK-NIP-00426,Yes,2025,1.0,Mock Inter-State Grid Delhi,24.0,2.0,18.0,"Mock coordinates: Najafgarh (28.61000N, 76.98000E) to Rohini (28.74000N, 77.11000E)",400 kV (Commissioned),10426,Synthetic geometry constrained to approximate Delhi NCT study area,19.353,19.353,"LINESTRING (76.980000 28.610000, 77.036577 28.681456, 77.110000 28.740000)"
10427,20427,NR,Mock Mundka - Punjabi Bagh 220 kV D/C Line 0427,220 kV,1000,543.1,14.789,2,AAAC,Twin,Intra-State,Mock Delhi Transmission Utility,Commissioned,2018,TBCB,MOCK-NIP-00427,Yes,2018,2.0,Mock Delhi Transmission Utility,24.0,8.0,18.0,"Mock coordinates: Mundka (28.68000N, 76.98000E) to Punjabi Bagh (28.67000N, 77.13000E)",220 kV (Commissioned),10427,Synthetic geometry constrained to approximate Delhi NCT study area,14.789,14.789,"LINESTRING (76.980000 28.680000, 77.037358 28.684187, 77.130000 28.670000)"
10428,20428,NR,Mock Pusa - Vasant Kunj 400 kV S/C Line 0428,400 kV,1100,0.0,11.286,1,AL 59 Zebra,Quad,Intra-State,Mock Inter-State Grid Delhi,Under Construction,September 2027,RTM,MOCK-NIP-00428,No,September 2027,,,,,,"Mock coordinates: Pusa (28.64000N, 77.17000E) to Vasant Kunj (28.54000N, 77.16000E)",400 kV (Under Construction),10428,Synthetic geometry constrained to approximate Delhi NCT study area,11.286,11.286,"LINESTRING (77.170000 28.640000, 77.172976 28.584411, 77.160000 28.540000)"
10429,20429,NR,Mock Vasant Kunj - Mundka 400 kV S/C Line 0429,400 kV,1200,636.2,23.667,1,AL 59 Zebra,Quad,ISTS,Mock Inter-State Grid Delhi,Commissioned,2020,RTM,MOCK-NIP-00429,Yes,2020,1.0,Mock Inter-State Grid Delhi,24.0,4.0,18.0,"Mock coordinates: Vasant Kunj (28.54000N, 77.16000E) to Mundka (28.68000N, 76.98000E)",400 kV (Commissioned),10429,Synthetic geometry constrained to approximate Delhi NCT study area,23.667,23.667,"LINESTRING (77.160000 28.540000, 77.053331 28.605035, 76.980000 28.680000)"
10430,20430,NR,Mock Shahdara - Wazirabad 220 kV S/C Line 0430,220 kV,400,296.7,12.131,1,AAAC,Single,Intra-State,Mock Delhi Transmission Utility,Commissioned,2020,RTM,MOCK-NIP-00430,Yes,2020,1.0,Mock Delhi Transmission Utility,36.0,4.0,12.0,"Mock coordinates: Shahdara (28.67000N, 77.29000E) to Wazirabad (28.71000N, 77.18000E)",220 kV (Commissioned),10430,Synthetic geometry constrained to approximate Delhi NCT study area,12.131,12.131,"LINESTRING (77.290000 28.670000, 77.273763 28.676072, 77.243352 28.700248, 77.205252 28.711883, 77.180000 28.710000)"
10431,20431,NR,Mock Okhla - Patparganj 220 kV D/C Line 0431,220 kV,550,0.0,11.169,2,ACSR Moose,Twin,Intra-State,Mock Delhi Transmission Utility,Under Bidding,September 2026,RTM,MOCK-NIP-00431,Yes,September 2026,2.0,Mock Delhi Transmission Utility,12.0,6.0,24.0,"Mock coordinates: Okhla (28.53000N, 77.28000E) to Patparganj (28.63000N, 77.29000E)",220 kV (Under Bidding),10431,Synthetic geometry constrained to approximate Delhi NCT study area,11.169,11.169,"LINESTRING (77.280000 28.530000, 77.287965 28.589685, 77.290000 28.630000)"
10432,20432,NR,Mock Lodhi Road - Patparganj 220 kV D/C Line 0432,220 kV,800,0.0,8.157,2,ACSR Zebra,Single,Intra-State,Mock North Delhi Transmission Co.,Under Construction,December 2026,TBCB,MOCK-NIP-00432,No,December 2026,,,,,,"Mock coordinates: Lodhi Road (28.59000N, 77.22000E) to Patparganj (28.63000N, 77.29000E)",220 kV (Under Construction),10432,Synthetic geometry constrained to approximate Delhi NCT study area,8.157,8.157,"LINESTRING (77.220000 28.590000, 77.258177 28.610568, 77.290000 28.630000)"
10433,20433,NR,Mock Mundka - Mahipalpur 400 kV S/C Line 0433,400 kV,950,0.0,20.588,1,AL 59 Zebra,Twin Moose,ISTS,Mock Inter-State Grid Delhi,Under Construction,January 2027,TBCB,MOCK-NIP-00433,Yes,January 2027,1.0,Mock Inter-State Grid Delhi,36.0,2.0,12.0,"Mock coordinates: Mundka (28.68000N, 76.98000E) to Mahipalpur (28.55000N, 77.13000E)",400 kV (Under Construction),10433,Synthetic geometry constrained to approximate Delhi NCT study area,20.588,20.588,"LINESTRING (76.980000 28.680000, 77.062601 28.603882, 77.130000 28.550000)"
10434,20434,NR,Mock Badarpur - Pusa 220 kV D/C Line 0434,220 kV,1000,772.3,20.203,2,ACSR Zebra,Single,Intra-State,Mock North Delhi Transmission Co.,Commissioned,2023,TBCB,MOCK-NIP-00434,Yes,2023,2.0,Mock North Delhi Transmission Co.,12.0,2.0,18.0,"Mock coordinates: Badarpur (28.50000N, 77.30000E) to Pusa (28.64000N, 77.17000E)",220 kV (Commissioned),10434,Synthetic geometry constrained to approximate Delhi NCT study area,20.203,20.203,"LINESTRING (77.300000 28.500000, 77.272258 28.523233, 77.227425 28.570683, 77.187627 28.610075, 77.170000 28.640000)"
10435,20435,NR,Mock Mayur Vihar - Patparganj 220 kV S/C Line 0435,220 kV,400,0.0,2.782,1,ACSR Zebra,Single,Intra-State,Mock South Delhi Transmission Co.,Under Bidding,January 2027,TBCB,MOCK-NIP-00435,No,January 2027,,,,,,"Mock coordinates: Mayur Vihar (28.61000N, 77.30000E) to Patparganj (28.63000N, 77.29000E)",220 kV (Under Bidding),10435,Synthetic geometry constrained to approximate Delhi NCT study area,2.782,2.782,"LINESTRING (77.300000 28.610000, 77.288149 28.618571, 77.290000 28.630000)"
10436,20436,NR,Mock Punjabi Bagh - Shahdara 220 kV D/C Line 0436,220 kV,600,0.0,15.836,2,AAAC,Twin,Intra-State,Mock South Delhi Transmission Co.,Under Construction,December 2027,RTM,MOCK-NIP-00436,No,December 2027,,,,,,"Mock coordinates: Punjabi Bagh (28.67000N, 77.13000E) to Shahdara (28.67000N, 77.29000E)",220 kV (Under Construction),10436,Synthetic geometry constrained to approximate Delhi NCT study area,15.836,15.836,"LINESTRING (77.130000 28.670000, 77.205940 28.682007, 77.290000 28.670000)"
10437,20437,NR,Mock Wazirabad - Ridge 400 kV S/C Line 0437,400 kV,1000,0.0,5.28,1,ACSR Moose,Twin Moose,ISTS,Mock Delhi Transmission Utility,Under Construction,March 2027,RTM,MOCK-NIP-00437,No,March 2027,,,,,,"Mock coordinates: Wazirabad (28.71000N, 77.18000E) to Ridge (28.68000N, 77.17000E)",400 kV (Under Construction),10437,Synthetic geometry constrained to approximate Delhi NCT study area,5.28,5.28,"LINESTRING (77.180000 28.710000, 77.160065 28.708655, 77.170000 28.680000)"
10438,20438,NR,Mock Ridge - Patparganj 220 kV D/C Line 0438,220 kV,600,0.0,13.007,2,ACSR Zebra,Single,Intra-State,Mock Delhi Transmission Utility,Under Bidding,June 2029,TBCB,MOCK-NIP-00438,No,June 2029,,,,,,"Mock coordinates: Ridge (28.68000N, 77.17000E) to Patparganj (28.63000N, 77.29000E)",220 kV (Under Bidding),10438,Synthetic geometry constrained to approximate Delhi NCT study area,13.007,13.007,"LINESTRING (77.170000 28.680000, 77.215047 28.656006, 77.290000 28.630000)"
10439,20439,NR,Mock Sarita Vihar - Okhla 220 kV S/C Line 0439,220 kV,500,304.8,4.563,1,AAAC,Single,Intra-State,Mock Delhi Transmission Utility,Commissioned,2018,RTM,MOCK-NIP-00439,Yes,2018,1.0,Mock Delhi Transmission Utility,24.0,4.0,12.0,"Mock coordinates: Sarita Vihar (28.53000N, 77.30000E) to Okhla (28.53000N, 77.28000E)",220 kV (Commissioned),10439,Synthetic geometry constrained to approximate Delhi NCT study area,4.563,4.563,"LINESTRING (77.300000 28.530000, 77.275277 28.544394, 77.280000 28.530000)"
10440,20440,NR,Mock Bawana - Najafgarh 220 kV D/C Line 0440,220 kV,1000,0.0,22.206,2,ACSR Moose,Twin,Intra-State,Mock Delhi Transmission Utility,Planned,December 2029,RTM,MOCK-NIP-00440,Yes,December 2029,2.0,Mock Delhi Transmission Utility,36.0,2.0,18.0,"Mock coordinates: Bawana (28.80000N, 77.05000E) to Najafgarh (28.61000N, 76.98000E)",220 kV (Planned),10440,Synthetic geometry constrained to approximate Delhi NCT study area,22.206,22.206,"LINESTRING (77.050000 28.800000, 77.011038 28.699601, 76.980000 28.610000)"
10441,20441,NR,Mock Bawana - Dwarka 220 kV S/C Line 0441,220 kV,350,0.0,23.433,1,ACSR Zebra,Twin,Intra-State,Mock Delhi Transmission Utility,Planned,March 2029,TBCB,MOCK-NIP-00441,No,March 2029,,,,,,"Mock coordinates: Bawana (28.80000N, 77.05000E) to Dwarka (28.59000N, 77.03000E)",220 kV (Planned),10441,Synthetic geometry constrained to approximate Delhi NCT study area,23.433,23.433,"LINESTRING (77.050000 28.800000, 77.038734 28.692212, 77.030000 28.590000)"
10442,20442,NR,Mock Vasant Kunj - Lodhi Road 400 kV S/C Line 0442,400 kV,1150,845.9,8.312,1,AL 59 Zebra,Quad,ISTS,Mock Delhi Transmission Utility,Commissioned,2018,RTM,MOCK-NIP-00442,No,2018,,,,,,"Mock coordinates: Vasant Kunj (28.54000N, 77.16000E) to Lodhi Road (28.59000N, 77.22000E)",400 kV (Commissioned),10442,Synthetic geometry constrained to approximate Delhi NCT study area,8.312,8.312,"LINESTRING (77.160000 28.540000, 77.188055 28.575388, 77.220000 28.590000)"
10443,20443,NR,Mock Patparganj - Punjabi Bagh 400 kV D/C Line 0443,400 kV,2250,0.0,16.349,2,ACSR Zebra,Twin Moose,ISTS,Mock Delhi Transmission Utility,Under Bidding,September 2025,TBCB,MOCK-NIP-00443,Yes,September 2025,2.0,Mock Delhi Transmission Utility,18.0,6.0,18.0,"Mock coordinates: Patparganj (28.63000N, 77.29000E) to Punjabi Bagh (28.67000N, 77.13000E)",400 kV (Under Bidding),10443,Synthetic geometry constrained to approximate Delhi NCT study area,16.349,16.349,"LINESTRING (77.290000 28.630000, 77.258243 28.643669, 77.214346 28.654592, 77.156801 28.661618, 77.130000 28.670000)"
10444,20444,NR,Mock Dwarka - Punjabi Bagh 220 kV D/C Line 0444,220 kV,850,0.0,13.561,2,ACSR Moose,Single,Intra-State,Mock South Delhi Transmission Co.,Planned,September 2026,TBCB,MOCK-NIP-00444,Yes,September 2026,2.0,Mock South Delhi Transmission Co.,24.0,2.0,24.0,"Mock coordinates: Dwarka (28.59000N, 77.03000E) to Punjabi Bagh (28.67000N, 77.13000E)",220 kV (Planned),10444,Synthetic geometry constrained to approximate Delhi NCT study area,13.561,13.561,"LINESTRING (77.030000 28.590000, 77.096467 28.624549, 77.130000 28.670000)"
10445,20445,NR,Mock Mundka - Pusa 220 kV D/C Line 0445,220 kV,850,485.9,19.196,2,AAAC,Single,Intra-State,Mock South Delhi Transmission Co.,Commissioned,2023,RTM,MOCK-NIP-00445,No,2023,,,,,,"Mock coordinates: Mundka (28.68000N, 76.98000E) to Pusa (28.64000N, 77.17000E)",220 kV (Commissioned),10445,Synthetic geometry constrained to approximate Delhi NCT study area,19.196,19.196,"LINESTRING (76.980000 28.680000, 77.012685 28.670225, 77.090201 28.663264, 77.142740 28.650500, 77.170000 28.640000)"
10446,20446,NR,Mock Sarita Vihar - Lodhi Road 400 kV S/C Line 0446,400 kV,1150,572.8,10.527,1,AL 59 Zebra,Twin Moose,ISTS,Mock Inter-State Grid Delhi,Commissioned,2022,RTM,MOCK-NIP-00446,No,2022,,,,,,"Mock coordinates: Sarita Vihar (28.53000N, 77.30000E) to Lodhi Road (28.59000N, 77.22000E)",400 kV (Commissioned),10446,Synthetic geometry constrained to approximate Delhi NCT study area,10.527,10.527,"LINESTRING (77.300000 28.530000, 77.254887 28.550316, 77.220000 28.590000)"
10447,20447,NR,Mock Badarpur - Okhla 400 kV S/C Line 0447,400 kV,850,0.0,4.54,1,ACSR Moose,Twin Moose,ISTS,Mock Inter-State Grid Delhi,Planned,September 2026,RTM,MOCK-NIP-00447,Yes,September 2026,1.0,Mock Inter-State Grid Delhi,24.0,8.0,12.0,"Mock coordinates: Badarpur (28.50000N, 77.30000E) to Okhla (28.53000N, 77.28000E)",400 kV (Planned),10447,Synthetic geometry constrained to approximate Delhi NCT study area,4.54,4.54,"LINESTRING (77.300000 28.500000, 77.275239 28.518403, 77.280000 28.530000)"
10448,20448,NR,Mock Pusa - Dwarka 220 kV S/C Line 0448,220 kV,250,0.0,14.754,1,AAAC,Twin,Intra-State,Mock South Delhi Transmission Co.,Under Construction,March 2027,RTM,MOCK-NIP-00448,Yes,March 2027,1.0,Mock South Delhi Transmission Co.,12.0,6.0,24.0,"Mock coordinates: Pusa (28.64000N, 77.17000E) to Dwarka (28.59000N, 77.03000E)",220 kV (Under Construction),10448,Synthetic geometry constrained to approximate Delhi NCT study area,14.754,14.754,"LINESTRING (77.170000 28.640000, 77.105754 28.616971, 77.030000 28.590000)"
10449,20449,NR,Mock Pusa - Patparganj 400 kV D/C Line 0449,400 kV,1800,1382.3,11.795,2,ACSR Zebra,Quad,Intra-State,Mock Inter-State Grid Delhi,Commissioned,2018,TBCB,MOCK-NIP-00449,Yes,2018,2.0,Mock Inter-State Grid Delhi,18.0,2.0,18.0,"Mock coordinates: Pusa (28.64000N, 77.17000E) to Patparganj (28.63000N, 77.29000E)",400 kV (Commissioned),10449,Synthetic geometry constrained to approximate Delhi NCT study area,11.795,11.795,"LINESTRING (77.170000 28.640000, 77.212070 28.632813, 77.290000 28.630000)"
10450,20450,NR,Mock Shahdara - Ridge 400 kV S/C Line 0450,400 kV,850,0.0,11.79,1,ACSR Moose,Twin Moose,ISTS,Mock Delhi Transmission Utility,Planned,June 2026,TBCB,MOCK-NIP-00450,No,June 2026,,,,,,"Mock coordinates: Shahdara (28.67000N, 77.29000E) to Ridge (28.68000N, 77.17000E)",400 kV (Planned),10450,Synthetic geometry constrained to approximate Delhi NCT study area,11.79,11.79,"LINESTRING (77.290000 28.670000, 77.223385 28.671756, 77.170000 28.680000)"
10451,20451,NR,Mock Wazirabad - Narela 400 kV D/C Line 0451,400 kV,2100,0.0,17.89,2,ACSR Moose,Quad,Intra-State,Mock Delhi Transmission Utility,Under Bidding,December 2027,RTM,MOCK-NIP-00451,No,December 2027,,,,,,"Mock coordinates: Wazirabad (28.71000N, 77.18000E) to Narela (28.85000N, 77.09000E)",400 kV (Under Bidding),10451,Synthetic geometry constrained to approximate Delhi NCT study area,17.89,17.89,"LINESTRING (77.180000 28.710000, 77.134279 28.789242, 77.090000 28.850000)"
10452,20452,NR,Mock Rohini - Ridge 220 kV S/C Line 0452,220 kV,450,0.0,9.086,1,ACSR Zebra,Twin,Intra-State,Mock North Delhi Transmission Co.,Planned,September 2025,TBCB,MOCK-NIP-00452,No,September 2025,,,,,,"Mock coordinates: Rohini (28.74000N, 77.11000E) to Ridge (28.68000N, 77.17000E)",220 kV (Planned),10452,Synthetic geometry constrained to approximate Delhi NCT study area,9.086,9.086,"LINESTRING (77.110000 28.740000, 77.149508 28.713760, 77.170000 28.680000)"
10453,20453,NR,Mock Bawana - Najafgarh 220 kV D/C Line 0453,220 kV,950,640.3,22.278,2,ACSR Moose,Single,Intra-State,Mock South Delhi Transmission Co.,Commissioned,2019,RTM,MOCK-NIP-00453,No,2019,,,,,,"Mock coordinates: Bawana (28.80000N, 77.05000E) to Najafgarh (28.61000N, 76.98000E)",220 kV (Commissioned),10453,Synthetic geometry constrained to approximate Delhi NCT study area,22.278,22.278,"LINESTRING (77.050000 28.800000, 77.033815 28.760661, 77.018987 28.702955, 76.997844 28.641355, 76.980000 28.610000)"
10454,20454,NR,Mock Okhla - Lodhi Road 220 kV S/C Line 0454,220 kV,350,137.4,9.568,1,AAAC,Twin,Intra-State,Mock Delhi Transmission Utility,Commissioned,2022,RTM,MOCK-NIP-00454,No,2022,,,,,,"Mock coordinates: Okhla (28.53000N, 77.28000E) to Lodhi Road (28.59000N, 77.22000E)",220 kV (Commissioned),10454,Synthetic geometry constrained to approximate Delhi NCT study area,9.568,9.568,"LINESTRING (77.280000 28.530000, 77.265753 28.568488, 77.220000 28.590000)"
10455,20455,NR,Mock Badarpur - Patparganj 220 kV D/C Line 0455,220 kV,750,345.0,14.62,2,AAAC,Single,Intra-State,Mock South Delhi Transmission Co.,Commissioned,2022,RTM,MOCK-NIP-00455,Yes,2022,2.0,Mock South Delhi Transmission Co.,24.0,2.0,24.0,"Mock coordinates: Badarpur (28.50000N, 77.30000E) to Patparganj (28.63000N, 77.29000E)",220 kV (Commissioned),10455,Synthetic geometry constrained to approximate Delhi NCT study area,14.62,14.62,"LINESTRING (77.300000 28.500000, 77.293668 28.518548, 77.294330 28.568626, 77.287048 28.609533, 77.290000 28.630000)"
10456,20456,NR,Mock Ridge - Mundka 400 kV D/C Line 0456,400 kV,1700,911.4,18.535,2,ACSR Moose,Quad,ISTS,Mock Delhi Transmission Utility,Commissioned,2025,RTM,MOCK-NIP-00456,No,2025,,,,,,"Mock coordinates: Ridge (28.68000N, 77.17000E) to Mundka (28.68000N, 76.98000E)",400 kV (Commissioned),10456,Synthetic geometry constrained to approximate Delhi NCT study area,18.535,18.535,"LINESTRING (77.170000 28.680000, 77.059063 28.680213, 76.980000 28.680000)"
10457,20457,NR,Mock Okhla - Punjabi Bagh 220 kV S/C Line 0457,220 kV,350,185.4,21.52,1,AAAC,Twin,Intra-State,Mock Delhi Transmission Utility,Commissioned,2021,TBCB,MOCK-NIP-00457,Yes,2021,1.0,Mock Delhi Transmission Utility,36.0,4.0,12.0,"Mock coordinates: Okhla (28.53000N, 77.28000E) to Punjabi Bagh (28.67000N, 77.13000E)",220 kV (Commissioned),10457,Synthetic geometry constrained to approximate Delhi NCT study area,21.52,21.52,"LINESTRING (77.280000 28.530000, 77.207823 28.613892, 77.130000 28.670000)"
10458,20458,NR,Mock Mayur Vihar - Pusa 220 kV D/C Line 0458,220 kV,950,654.1,13.359,2,ACSR Zebra,Single,Intra-State,Mock Delhi Transmission Utility,Commissioned,2019,TBCB,MOCK-NIP-00458,Yes,2019,2.0,Mock Delhi Transmission Utility,18.0,6.0,18.0,"Mock coordinates: Mayur Vihar (28.61000N, 77.30000E) to Pusa (28.64000N, 77.17000E)",220 kV (Commissioned),10458,Synthetic geometry constrained to approximate Delhi NCT study area,13.359,13.359,"LINESTRING (77.300000 28.610000, 77.244661 28.634440, 77.170000 28.640000)"
10459,20459,NR,Mock Dwarka - Patparganj 220 kV S/C Line 0459,220 kV,350,218.6,25.967,1,AAAC,Twin,Intra-State,Mock Delhi Transmission Utility,Commissioned,2024,TBCB,MOCK-NIP-00459,No,2024,,,,,,"Mock coordinates: Dwarka (28.59000N, 77.03000E) to Patparganj (28.63000N, 77.29000E)",220 kV (Commissioned),10459,Synthetic geometry constrained to approximate Delhi NCT study area,25.967,25.967,"LINESTRING (77.030000 28.590000, 77.065843 28.596686, 77.143581 28.595891, 77.241379 28.616140, 77.290000 28.630000)"
10460,20460,NR,Mock Wazirabad - Badarpur 765 kV D/C Line 0460,765 kV,5150,0.0,26.331,2,AL 59 Zebra,Quad,ISTS,Mock Inter-State Grid Delhi,Under Bidding,December 2026,RTM,MOCK-NIP-00460,Yes,December 2026,2.0,Mock Inter-State Grid Delhi,24.0,6.0,24.0,"Mock coordinates: Wazirabad (28.71000N, 77.18000E) to Badarpur (28.50000N, 77.30000E)",765 kV (Under Bidding),10460,Synthetic geometry constrained to approximate Delhi NCT study area,26.331,26.331,"LINESTRING (77.180000 28.710000, 77.210209 28.673134, 77.255700 28.599152, 77.289789 28.540428, 77.300000 28.500000)"
10461,20461,NR,Mock Shahdara - Okhla 400 kV D/C Line 0461,400 kV,1700,0.0,15.859,2,ACSR Moose,Quad,Intra-State,Mock Inter-State Grid Delhi,Under Bidding,December 2029,RTM,MOCK-NIP-00461,Yes,December 2029,2.0,Mock Inter-State Grid Delhi,18.0,2.0,18.0,"Mock coordinates: Shahdara (28.67000N, 77.29000E) to Okhla (28.53000N, 77.28000E)",400 kV (Under Bidding),10461,Synthetic geometry constrained to approximate Delhi NCT study area,15.859,15.859,"LINESTRING (77.290000 28.670000, 77.300156 28.607892, 77.280000 28.530000)"
10462,20462,NR,Mock Punjabi Bagh - Rohini 400 kV D/C Line 0462,400 kV,1500,729.3,8.389,2,AL 59 Zebra,Quad,ISTS,Mock Inter-State Grid Delhi,Commissioned,2025,RTM,MOCK-NIP-00462,Yes,2025,2.0,Mock Inter-State Grid Delhi,36.0,2.0,12.0,"Mock coordinates: Punjabi Bagh (28.67000N, 77.13000E) to Rohini (28.74000N, 77.11000E)",400 kV (Commissioned),10462,Synthetic geometry constrained to approximate Delhi NCT study area,8.389,8.389,"LINESTRING (77.130000 28.670000, 77.108028 28.701643, 77.110000 28.740000)"
10463,20463,NR,Mock Bamnoli - Najafgarh 220 kV S/C Line 0463,220 kV,400,238.0,9.199,1,ACSR Zebra,Single,Intra-State,Mock Delhi Transmission Utility,Commissioned,2018,TBCB,MOCK-NIP-00463,No,2018,,,,,,"Mock coordinates: Bamnoli (28.53000N, 77.00000E) to Najafgarh (28.61000N, 76.98000E)",220 kV (Commissioned),10463,Synthetic geometry constrained to approximate Delhi NCT study area,9.199,9.199,"LINESTRING (77.000000 28.530000, 76.994996 28.539736, 76.988275 28.562032, 76.978783 28.597320, 76.980000 28.610000)"
10464,20464,NR,Mock Patparganj - Shahdara 220 kV D/C Line 0464,220 kV,650,444.5,4.529,2,ACSR Moose,Twin,Intra-State,Mock North Delhi Transmission Co.,Commissioned,2023,RTM,MOCK-NIP-00464,Yes,2023,2.0,Mock North Delhi Transmission Co.,12.0,6.0,24.0,"Mock coordinates: Patparganj (28.63000N, 77.29000E) to Shahdara (28.67000N, 77.29000E)",220 kV (Commissioned),10464,Synthetic geometry constrained to approximate Delhi NCT study area,4.529,4.529,"LINESTRING (77.290000 28.630000, 77.294361 28.647783, 77.290000 28.670000)"
10465,20465,NR,Mock Lodhi Road - Mundka 220 kV D/C Line 0465,220 kV,1000,0.0,25.844,2,AAAC,Twin,Intra-State,Mock South Delhi Transmission Co.,Under Construction,June 2029,TBCB,MOCK-NIP-00465,Yes,June 2029,2.0,Mock South Delhi Transmission Co.,12.0,6.0,18.0,"Mock coordinates: Lodhi Road (28.59000N, 77.22000E) to Mundka (28.68000N, 76.98000E)",220 kV (Under Construction),10465,Synthetic geometry constrained to approximate Delhi NCT study area,25.844,25.844,"LINESTRING (77.220000 28.590000, 77.176458 28.604689, 77.110291 28.647798, 77.022006 28.665089, 76.980000 28.680000)"
10466,20466,NR,Mock Badarpur - Patparganj 220 kV S/C Line 0466,220 kV,500,0.0,14.859,1,ACSR Moose,Twin,Intra-State,Mock Delhi Transmission Utility,Under Bidding,December 2026,RTM,MOCK-NIP-00466,No,December 2026,,,,,,"Mock coordinates: Badarpur (28.50000N, 77.30000E) to Patparganj (28.63000N, 77.29000E)",220 kV (Under Bidding),10466,Synthetic geometry constrained to approximate Delhi NCT study area,14.859,14.859,"LINESTRING (77.300000 28.500000, 77.311049 28.574656, 77.290000 28.630000)"
10467,20467,NR,Mock Ridge - Pusa 400 kV D/C Line 0467,400 kV,2150,0.0,4.837,2,AL 59 Zebra,Quad,ISTS,Mock Inter-State Grid Delhi,Under Bidding,June 2025,TBCB,MOCK-NIP-00467,Yes,June 2025,2.0,Mock Inter-State Grid Delhi,18.0,6.0,24.0,"Mock coordinates: Ridge (28.68000N, 77.17000E) to Pusa (28.64000N, 77.17000E)",400 kV (Under Bidding),10467,Synthetic geometry constrained to approximate Delhi NCT study area,4.837,4.837,"LINESTRING (77.170000 28.680000, 77.179274 28.666675, 77.170000 28.640000)"
10468,20468,NR,Mock Narela - Punjabi Bagh 220 kV D/C Line 0468,220 kV,850,0.0,20.553,2,AAAC,Twin,Intra-State,Mock South Delhi Transmission Co.,Under Bidding,March 2025,TBCB,MOCK-NIP-00468,Yes,March 2025,2.0,Mock South Delhi Transmission Co.,18.0,6.0,24.0,"Mock coordinates: Narela (28.85000N, 77.09000E) to Punjabi Bagh (28.67000N, 77.13000E)",220 kV (Under Bidding),10468,Synthetic geometry constrained to approximate Delhi NCT study area,20.553,20.553,"LINESTRING (77.090000 28.850000, 77.121174 28.770029, 77.130000 28.670000)"
10469,20469,NR,Mock Punjabi Bagh - Ridge 220 kV D/C Line 0469,220 kV,500,0.0,5.72,2,ACSR Zebra,Twin,Intra-State,Mock North Delhi Transmission Co.,Under Construction,September 2029,RTM,MOCK-NIP-00469,Yes,September 2029,2.0,Mock North Delhi Transmission Co.,12.0,4.0,12.0,"Mock coordinates: Punjabi Bagh (28.67000N, 77.13000E) to Ridge (28.68000N, 77.17000E)",220 kV (Under Construction),10469,Synthetic geometry constrained to approximate Delhi NCT study area,5.72,5.72,"LINESTRING (77.130000 28.670000, 77.140311 28.677206, 77.163210 28.689405, 77.163884 28.678595, 77.170000 28.680000)"
10470,20470,NR,Mock Rohini - Lodhi Road 220 kV S/C Line 0470,220 kV,250,127.4,19.961,1,ACSR Moose,Single,Intra-State,Mock Delhi Transmission Utility,Commissioned,2019,RTM,MOCK-NIP-00470,Yes,2019,1.0,Mock Delhi Transmission Utility,18.0,8.0,18.0,"Mock coordinates: Rohini (28.74000N, 77.11000E) to Lodhi Road (28.59000N, 77.22000E)",220 kV (Commissioned),10470,Synthetic geometry constrained to approximate Delhi NCT study area,19.961,19.961,"LINESTRING (77.110000 28.740000, 77.157217 28.656991, 77.220000 28.590000)"
10471,20471,NR,Mock Rohini - Lodhi Road 220 kV D/C Line 0471,220 kV,800,0.0,20.265,2,ACSR Zebra,Twin,Intra-State,Mock South Delhi Transmission Co.,Under Construction,January 2028,TBCB,MOCK-NIP-00471,Yes,January 2028,2.0,Mock South Delhi Transmission Co.,36.0,4.0,24.0,"Mock coordinates: Rohini (28.74000N, 77.11000E) to Lodhi Road (28.59000N, 77.22000E)",220 kV (Under Construction),10471,Synthetic geometry constrained to approximate Delhi NCT study area,20.265,20.265,"LINESTRING (77.110000 28.740000, 77.131452 28.716776, 77.181383 28.675971, 77.209000 28.619787, 77.220000 28.590000)"
10472,20472,NR,Mock Okhla - Mayur Vihar 400 kV D/C Line 0472,400 kV,1750,0.0,9.489,2,ACSR Zebra,Quad,ISTS,Mock Inter-State Grid Delhi,Under Construction,March 2029,TBCB,MOCK-NIP-00472,No,March 2029,,,,,,"Mock coordinates: Okhla (28.53000N, 77.28000E) to Mayur Vihar (28.61000N, 77.30000E)",400 kV (Under Construction),10472,Synthetic geometry constrained to approximate Delhi NCT study area,9.489,9.489,"LINESTRING (77.280000 28.530000, 77.303653 28.568806, 77.300000 28.610000)"
10473,20473,NR,Mock Najafgarh - Pusa 220 kV S/C Line 0473,220 kV,350,235.2,18.851,1,ACSR Moose,Twin,Intra-State,Mock Delhi Transmission Utility,Commissioned,2022,RTM,MOCK-NIP-00473,No,2022,,,,,,"Mock coordinates: Najafgarh (28.61000N, 76.98000E) to Pusa (28.64000N, 77.17000E)",220 kV (Commissioned),10473,Synthetic geometry constrained to approximate Delhi NCT study area,18.851,18.851,"LINESTRING (76.980000 28.610000, 77.083397 28.623735, 77.170000 28.640000)"
10474,20474,NR,Mock Rohini - Bamnoli 220 kV D/C Line 0474,220 kV,750,441.2,25.86,2,ACSR Moose,Twin,Intra-State,Mock Delhi Transmission Utility,Commissioned,2018,TBCB,MOCK-NIP-00474,Yes,2018,2.0,Mock Delhi Transmission Utility,36.0,2.0,12.0,"Mock coordinates: Rohini (28.74000N, 77.11000E) to Bamnoli (28.53000N, 77.00000E)",220 kV (Commissioned),10474,Synthetic geometry constrained to approximate Delhi NCT study area,25.86,25.86,"LINESTRING (77.110000 28.740000, 77.069715 28.632338, 77.000000 28.530000)"
10475,20475,NR,Mock Patparganj - Badarpur 400 kV D/C Line 0475,400 kV,2200,1168.8,14.624,2,AL 59 Zebra,Twin Moose,ISTS,Mock Delhi Transmission Utility,Commissioned,2020,RTM,MOCK-NIP-00475,No,2020,,,,,,"Mock coordinates: Patparganj (28.63000N, 77.29000E) to Badarpur (28.50000N, 77.30000E)",400 kV (Commissioned),10475,Synthetic geometry constrained to approximate Delhi NCT study area,14.624,14.624,"LINESTRING (77.290000 28.630000, 77.284233 28.603200, 77.289372 28.561980, 77.298789 28.517331, 77.300000 28.500000)"
10476,20476,NR,Mock Mahipalpur - Bamnoli 400 kV D/C Line 0476,400 kV,2250,1182.5,13.343,2,AL 59 Zebra,Twin Moose,ISTS,Mock Inter-State Grid Delhi,Commissioned,2021,RTM,MOCK-NIP-00476,Yes,2021,2.0,Mock Inter-State Grid Delhi,12.0,2.0,18.0,"Mock coordinates: Mahipalpur (28.55000N, 77.13000E) to Bamnoli (28.53000N, 77.00000E)",400 kV (Commissioned),10476,Synthetic geometry constrained to approximate Delhi NCT study area,13.343,13.343,"LINESTRING (77.130000 28.550000, 77.100629 28.541856, 77.053141 28.525542, 77.017290 28.523371, 77.000000 28.530000)"
10477,20477,NR,Mock Vasant Kunj - Pusa 400 kV S/C Line 0477,400 kV,1050,524.2,11.556,1,ACSR Moose,Quad,Intra-State,Mock Delhi Transmission Utility,Commissioned,2023,RTM,MOCK-NIP-00477,Yes,2023,1.0,Mock Delhi Transmission Utility,12.0,4.0,12.0,"Mock coordinates: Vasant Kunj (28.54000N, 77.16000E) to Pusa (28.64000N, 77.17000E)",400 kV (Commissioned),10477,Synthetic geometry constrained to approximate Delhi NCT study area,11.556,11.556,"LINESTRING (77.160000 28.540000, 77.148887 28.575140, 77.170000 28.640000)"
10478,20478,NR,Mock Najafgarh - Punjabi Bagh 220 kV D/C Line 0478,220 kV,700,337.0,16.113,2,ACSR Zebra,Twin,Intra-State,Mock Delhi Transmission Utility,Commissioned,2023,RTM,MOCK-NIP-00478,Yes,2023,2.0,Mock Delhi Transmission Utility,12.0,8.0,12.0,"Mock coordinates: Najafgarh (28.61000N, 76.98000E) to Punjabi Bagh (28.67000N, 77.13000E)",220 kV (Commissioned),10478,Synthetic geometry constrained to approximate Delhi NCT study area,16.113,16.113,"LINESTRING (76.980000 28.610000, 76.999980 28.620359, 77.043014 28.637470, 77.095829 28.655100, 77.130000 28.670000)"
10479,20479,NR,Mock Patparganj - Mahipalpur 220 kV S/C Line 0479,220 kV,500,0.0,18.285,1,ACSR Zebra,Single,Intra-State,Mock North Delhi Transmission Co.,Under Bidding,December 2029,TBCB,MOCK-NIP-00479,No,December 2029,,,,,,"Mock coordinates: Patparganj (28.63000N, 77.29000E) to Mahipalpur (28.55000N, 77.13000E)",220 kV (Under Bidding),10479,Synthetic geometry constrained to approximate Delhi NCT study area,18.285,18.285,"LINESTRING (77.290000 28.630000, 77.194377 28.599453, 77.130000 28.550000)"
10480,20480,NR,Mock Najafgarh - Dwarka 400 kV S/C Line 0480,400 kV,850,441.0,5.793,1,AL 59 Zebra,Twin Moose,ISTS,Mock Inter-State Grid Delhi,Commissioned,2025,TBCB,MOCK-NIP-00480,Yes,2025,1.0,Mock Inter-State Grid Delhi,18.0,2.0,12.0,"Mock coordinates: Najafgarh (28.61000N, 76.98000E) to Dwarka (28.59000N, 77.03000E)",400 kV (Commissioned),10480,Synthetic geometry constrained to approximate Delhi NCT study area,5.793,5.793,"LINESTRING (76.980000 28.610000, 77.021525 28.602996, 77.030000 28.590000)"
10481,20481,NR,Mock Narela - Rohini 220 kV S/C Line 0481,220 kV,500,307.9,12.433,1,ACSR Zebra,Single,Intra-State,Mock North Delhi Transmission Co.,Commissioned,2021,TBCB,MOCK-NIP-00481,Yes,2021,1.0,Mock North Delhi Transmission Co.,36.0,6.0,12.0,"Mock coordinates: Narela (28.85000N, 77.09000E) to Rohini (28.74000N, 77.11000E)",220 kV (Commissioned),10481,Synthetic geometry constrained to approximate Delhi NCT study area,12.433,12.433,"LINESTRING (77.090000 28.850000, 77.093119 28.802137, 77.110000 28.740000)"
10482,20482,NR,Mock Mahipalpur - Shahdara 765 kV D/C Line 0482,765 kV,4050,0.0,20.553,2,AL 59 Zebra,Quad,ISTS,Mock Inter-State Grid Delhi,Under Construction,March 2026,TBCB,MOCK-NIP-00482,Yes,March 2026,2.0,Mock Inter-State Grid Delhi,36.0,6.0,12.0,"Mock coordinates: Mahipalpur (28.55000N, 77.13000E) to Shahdara (28.67000N, 77.29000E)",765 kV (Under Construction),10482,Synthetic geometry constrained to approximate Delhi NCT study area,20.553,20.553,"LINESTRING (77.130000 28.550000, 77.215170 28.617815, 77.290000 28.670000)"
10483,20483,NR,Mock Patparganj - Lodhi Road 220 kV S/C Line 0483,220 kV,300,142.6,9.147,1,ACSR Zebra,Single,Intra-State,Mock Delhi Transmission Utility,Commissioned,2021,TBCB,MOCK-NIP-00483,No,2021,,,,,,"Mock coordinates: Patparganj (28.63000N, 77.29000E) to Lodhi Road (28.59000N, 77.22000E)",220 kV (Commissioned),10483,Synthetic geometry constrained to approximate Delhi NCT study area,9.147,9.147,"LINESTRING (77.290000 28.630000, 77.267836 28.628496, 77.237218 28.621096, 77.221725 28.597334, 77.220000 28.590000)"
10484,20484,NR,Mock Shahdara - Mahipalpur 765 kV S/C Line 0484,765 kV,2550,1279.2,20.597,1,ACSR / AAAC / AL59,Hexa,ISTS,Mock Powergrid Delhi,Commissioned,2020,RTM,MOCK-NIP-00484,No,2020,,,,,,"Mock coordinates: Shahdara (28.67000N, 77.29000E) to Mahipalpur (28.55000N, 77.13000E)",765 kV (Commissioned),10484,Synthetic geometry constrained to approximate Delhi NCT study area,20.597,20.597,"LINESTRING (77.290000 28.670000, 77.213811 28.604093, 77.130000 28.550000)"
10485,20485,NR,Mock Shahdara - Pusa 220 kV D/C Line 0485,220 kV,950,769.2,12.277,2,AAAC,Twin,Intra-State,Mock Delhi Transmission Utility,Commissioned,2022,TBCB,MOCK-NIP-00485,No,2022,,,,,,"Mock coordinates: Shahdara (28.67000N, 77.29000E) to Pusa (28.64000N, 77.17000E)",220 kV (Commissioned),10485,Synthetic geometry constrained to approximate Delhi NCT study area,12.277,12.277,"LINESTRING (77.290000 28.670000, 77.239372 28.664588, 77.170000 28.640000)"
10486,20486,NR,Mock Sarita Vihar - Patparganj 220 kV D/C Line 0486,220 kV,900,578.3,11.262,2,ACSR Zebra,Twin,Intra-State,Mock North Delhi Transmission Co.,Commissioned,2023,RTM,MOCK-NIP-00486,Yes,2023,2.0,Mock North Delhi Transmission Co.,36.0,8.0,18.0,"Mock coordinates: Sarita Vihar (28.53000N, 77.30000E) to Patparganj (28.63000N, 77.29000E)",220 kV (Commissioned),10486,Synthetic geometry constrained to approximate Delhi NCT study area,11.262,11.262,"LINESTRING (77.300000 28.530000, 77.288011 28.573497, 77.290000 28.630000)"
10487,20487,NR,Mock Sarita Vihar - Ridge 220 kV D/C Line 0487,220 kV,550,0.0,20.972,2,ACSR Zebra,Twin,Intra-State,Mock Delhi Transmission Utility,Under Bidding,June 2028,TBCB,MOCK-NIP-00487,No,June 2028,,,,,,"Mock coordinates: Sarita Vihar (28.53000N, 77.30000E) to Ridge (28.68000N, 77.17000E)",220 kV (Under Bidding),10487,Synthetic geometry constrained to approximate Delhi NCT study area,20.972,20.972,"LINESTRING (77.300000 28.530000, 77.230433 28.604687, 77.170000 28.680000)"
10488,20488,NR,Mock Badarpur - Lodhi Road 220 kV D/C Line 0488,220 kV,650,0.0,12.812,2,ACSR Moose,Twin,Intra-State,Mock South Delhi Transmission Co.,Planned,March 2025,RTM,MOCK-NIP-00488,Yes,March 2025,2.0,Mock South Delhi Transmission Co.,24.0,8.0,24.0,"Mock coordinates: Badarpur (28.50000N, 77.30000E) to Lodhi Road (28.59000N, 77.22000E)",220 kV (Planned),10488,Synthetic geometry constrained to approximate Delhi NCT study area,12.812,12.812,"LINESTRING (77.300000 28.500000, 77.267529 28.549049, 77.220000 28.590000)"
10489,20489,NR,Mock Mundka - Najafgarh 220 kV S/C Line 0489,220 kV,350,0.0,7.984,1,AAAC,Twin,Intra-State,Mock South Delhi Transmission Co.,Under Bidding,September 2026,TBCB,MOCK-NIP-00489,Yes,September 2026,1.0,Mock South Delhi Transmission Co.,18.0,8.0,18.0,"Mock coordinates: Mundka (28.68000N, 76.98000E) to Najafgarh (28.61000N, 76.98000E)",220 kV (Under Bidding),10489,Synthetic geometry constrained to approximate Delhi NCT study area,7.984,7.984,"LINESTRING (76.980000 28.680000, 76.970907 28.647350, 76.980000 28.610000)"
10490,20490,NR,Mock Vasant Kunj - Punjabi Bagh 220 kV D/C Line 0490,220 kV,650,0.0,15.143,2,ACSR Zebra,Single,Intra-State,Mock South Delhi Transmission Co.,Under Construction,March 2027,RTM,MOCK-NIP-00490,Yes,March 2027,2.0,Mock South Delhi Transmission Co.,36.0,6.0,12.0,"Mock coordinates: Vasant Kunj (28.54000N, 77.16000E) to Punjabi Bagh (28.67000N, 77.13000E)",220 kV (Under Construction),10490,Synthetic geometry constrained to approximate Delhi NCT study area,15.143,15.143,"LINESTRING (77.160000 28.540000, 77.161837 28.609755, 77.130000 28.670000)"
10491,20491,NR,Mock Najafgarh - Vasant Kunj 220 kV D/C Line 0491,220 kV,750,0.0,19.65,2,ACSR Zebra,Twin,Intra-State,Mock Delhi Transmission Utility,Under Construction,March 2028,RTM,MOCK-NIP-00491,Yes,March 2028,2.0,Mock Delhi Transmission Utility,12.0,8.0,24.0,"Mock coordinates: Najafgarh (28.61000N, 76.98000E) to Vasant Kunj (28.54000N, 77.16000E)",220 kV (Under Construction),10491,Synthetic geometry constrained to approximate Delhi NCT study area,19.65,19.65,"LINESTRING (76.980000 28.610000, 77.052057 28.562095, 77.160000 28.540000)"
10492,20492,NR,Mock Dwarka - Bamnoli 220 kV D/C Line 0492,220 kV,600,307.8,7.738,2,ACSR Zebra,Twin,Intra-State,Mock South Delhi Transmission Co.,Commissioned,2019,RTM,MOCK-NIP-00492,No,2019,,,,,,"Mock coordinates: Dwarka (28.59000N, 77.03000E) to Bamnoli (28.53000N, 77.00000E)",220 kV (Commissioned),10492,Synthetic geometry constrained to approximate Delhi NCT study area,7.738,7.738,"LINESTRING (77.030000 28.590000, 77.004234 28.567497, 77.000000 28.530000)"
10493,20493,NR,Mock Sarita Vihar - Dwarka 220 kV S/C Line 0493,220 kV,500,307.5,27.238,1,ACSR Zebra,Twin,Intra-State,Mock North Delhi Transmission Co.,Commissioned,2018,RTM,MOCK-NIP-00493,No,2018,,,,,,"Mock coordinates: Sarita Vihar (28.53000N, 77.30000E) to Dwarka (28.59000N, 77.03000E)",220 kV (Commissioned),10493,Synthetic geometry constrained to approximate Delhi NCT study area,27.238,27.238,"LINESTRING (77.300000 28.530000, 77.156963 28.555265, 77.030000 28.590000)"
10494,20494,NR,Mock Sarita Vihar - Lodhi Road 400 kV D/C Line 0494,400 kV,1800,0.0,10.592,2,AL 59 Zebra,Quad,Intra-State,Mock Delhi Transmission Utility,Planned,June 2025,TBCB,MOCK-NIP-00494,No,June 2025,,,,,,"Mock coordinates: Sarita Vihar (28.53000N, 77.30000E) to Lodhi Road (28.59000N, 77.22000E)",400 kV (Planned),10494,Synthetic geometry constrained to approximate Delhi NCT study area,10.592,10.592,"LINESTRING (77.300000 28.530000, 77.286084 28.548435, 77.260723 28.573862, 77.235505 28.582390, 77.220000 28.590000)"
10495,20495,NR,Mock Wazirabad - Narela 400 kV S/C Line 0495,400 kV,700,566.1,17.872,1,ACSR Zebra,Twin Moose,ISTS,Mock Delhi Transmission Utility,Commissioned,2025,TBCB,MOCK-NIP-00495,No,2025,,,,,,"Mock coordinates: Wazirabad (28.71000N, 77.18000E) to Narela (28.85000N, 77.09000E)",400 kV (Commissioned),10495,Synthetic geometry constrained to approximate Delhi NCT study area,17.872,17.872,"LINESTRING (77.180000 28.710000, 77.133449 28.785949, 77.090000 28.850000)"
10496,20496,NR,Mock Dwarka - Bawana 220 kV D/C Line 0496,220 kV,900,0.0,23.647,2,AAAC,Twin,Intra-State,Mock South Delhi Transmission Co.,Under Bidding,September 2028,TBCB,MOCK-NIP-00496,No,September 2028,,,,,,"Mock coordinates: Dwarka (28.59000N, 77.03000E) to Bawana (28.80000N, 77.05000E)",220 kV (Under Bidding),10496,Synthetic geometry constrained to approximate Delhi NCT study area,23.647,23.647,"LINESTRING (77.030000 28.590000, 77.057503 28.708726, 77.050000 28.800000)"
10497,20497,NR,Mock Punjabi Bagh - Rohini 220 kV S/C Line 0497,220 kV,350,0.0,8.032,1,ACSR Zebra,Twin,Intra-State,Mock North Delhi Transmission Co.,Under Construction,January 2028,RTM,MOCK-NIP-00497,No,January 2028,,,,,,"Mock coordinates: Punjabi Bagh (28.67000N, 77.13000E) to Rohini (28.74000N, 77.11000E)",220 kV (Under Construction),10497,Synthetic geometry constrained to approximate Delhi NCT study area,8.032,8.032,"LINESTRING (77.130000 28.670000, 77.114540 28.718173, 77.110000 28.740000)"
10498,20498,NR,Mock Vasant Kunj - Pusa 400 kV S/C Line 0498,400 kV,800,528.5,11.473,1,ACSR Zebra,Quad,ISTS,Mock Delhi Transmission Utility,Commissioned,2021,RTM,MOCK-NIP-00498,No,2021,,,,,,"Mock coordinates: Vasant Kunj (28.54000N, 77.16000E) to Pusa (28.64000N, 77.17000E)",400 kV (Commissioned),10498,Synthetic geometry constrained to approximate Delhi NCT study area,11.473,11.473,"LINESTRING (77.160000 28.540000, 77.159519 28.553827, 77.153050 28.588389, 77.160607 28.624975, 77.170000 28.640000)"
10499,20499,NR,Mock Mayur Vihar - Lodhi Road 400 kV S/C Line 0499,400 kV,1050,0.0,8.307,1,AL 59 Zebra,Twin Moose,Intra-State,Mock Inter-State Grid Delhi,Under Bidding,September 2027,RTM,MOCK-NIP-00499,No,September 2027,,,,,,"Mock coordinates: Mayur Vihar (28.61000N, 77.30000E) to Lodhi Road (28.59000N, 77.22000E)",400 kV (Under Bidding),10499,Synthetic geometry constrained to approximate Delhi NCT study area,8.307,8.307,"LINESTRING (77.300000 28.610000, 77.246432 28.589073, 77.220000 28.590000)"
10500,20500,NR,Mock Sarita Vihar - Pusa 400 kV S/C Line 0500,400 kV,750,573.0,17.655,1,AL 59 Zebra,Quad,ISTS,Mock Inter-State Grid Delhi,Commissioned,2021,RTM,MOCK-NIP-00500,Yes,2021,1.0,Mock Inter-State Grid Delhi,12.0,6.0,12.0,"Mock coordinates: Sarita Vihar (28.53000N, 77.30000E) to Pusa (28.64000N, 77.17000E)",400 kV (Commissioned),10500,Synthetic geometry constrained to approximate Delhi NCT study area,17.655,17.655,"LINESTRING (77.300000 28.530000, 77.240116 28.586857, 77.170000 28.640000)"
10501,20501,NR,Mock Okhla - Sarita Vihar 220 kV S/C Line 0501,220 kV,450,227.3,4.421,1,AAAC,Twin,Intra-State,Mock South Delhi Transmission Co.,Commissioned,2023,RTM,MOCK-NIP-00501,Yes,2023,1.0,Mock South Delhi Transmission Co.,18.0,6.0,12.0,"Mock coordinates: Okhla (28.53000N, 77.28000E) to Sarita Vihar (28.53000N, 77.30000E)",220 kV (Commissioned),10501,Synthetic geometry constrained to approximate Delhi NCT study area,4.421,4.421,"LINESTRING (77.280000 28.530000, 77.284896 28.528933, 77.292769 28.515050, 77.303227 28.522603, 77.300000 28.530000)"
10502,20502,NR,Mock Mayur Vihar - Lodhi Road 220 kV S/C Line 0502,220 kV,400,229.5,8.229,1,ACSR Moose,Twin,Intra-State,Mock South Delhi Transmission Co.,Commissioned,2024,TBCB,MOCK-NIP-00502,No,2024,,,,,,"Mock coordinates: Mayur Vihar (28.61000N, 77.30000E) to Lodhi Road (28.59000N, 77.22000E)",220 kV (Commissioned),10502,Synthetic geometry constrained to approximate Delhi NCT study area,8.229,8.229,"LINESTRING (77.300000 28.610000, 77.287427 28.611181, 77.258408 28.603044, 77.235878 28.595752, 77.220000 28.590000)"
10503,20503,NR,Mock Bawana - Dwarka 400 kV S/C Line 0503,400 kV,800,0.0,23.571,1,ACSR Zebra,Quad,ISTS,Mock Delhi Transmission Utility,Under Construction,January 2026,RTM,MOCK-NIP-00503,No,January 2026,,,,,,"Mock coordinates: Bawana (28.80000N, 77.05000E) to Dwarka (28.59000N, 77.03000E)",400 kV (Under Construction),10503,Synthetic geometry constrained to approximate Delhi NCT study area,23.571,23.571,"LINESTRING (77.050000 28.800000, 77.027497 28.701503, 77.030000 28.590000)"
10504,20504,NR,Mock Okhla - Sarita Vihar 220 kV D/C Line 0504,220 kV,500,245.5,3.963,2,AAAC,Single,Intra-State,Mock Delhi Transmission Utility,Commissioned,2022,TBCB,MOCK-NIP-00504,Yes,2022,2.0,Mock Delhi Transmission Utility,36.0,4.0,24.0,"Mock coordinates: Okhla (28.53000N, 77.28000E) to Sarita Vihar (28.53000N, 77.30000E)",220 kV (Commissioned),10504,Synthetic geometry constrained to approximate Delhi NCT study area,3.963,3.963,"LINESTRING (77.280000 28.530000, 77.296404 28.544709, 77.300000 28.530000)"
10505,20505,NR,Mock Mundka - Mahipalpur 400 kV S/C Line 0505,400 kV,1050,0.0,20.595,1,AL 59 Zebra,Quad,ISTS,Mock Delhi Transmission Utility,Under Construction,January 2026,TBCB,MOCK-NIP-00505,No,January 2026,,,,,,"Mock coordinates: Mundka (28.68000N, 76.98000E) to Mahipalpur (28.55000N, 77.13000E)",400 kV (Under Construction),10505,Synthetic geometry constrained to approximate Delhi NCT study area,20.595,20.595,"LINESTRING (76.980000 28.680000, 77.005337 28.658037, 77.062054 28.608732, 77.109043 28.564666, 77.130000 28.550000)"
10506,20506,NR,Mock Mayur Vihar - Dwarka 220 kV D/C Line 0506,220 kV,550,0.0,26.605,2,ACSR Zebra,Twin,Intra-State,Mock South Delhi Transmission Co.,Planned,September 2028,TBCB,MOCK-NIP-00506,Yes,September 2028,2.0,Mock South Delhi Transmission Co.,24.0,4.0,24.0,"Mock coordinates: Mayur Vihar (28.61000N, 77.30000E) to Dwarka (28.59000N, 77.03000E)",220 kV (Planned),10506,Synthetic geometry constrained to approximate Delhi NCT study area,26.605,26.605,"LINESTRING (77.300000 28.610000, 77.181022 28.588520, 77.030000 28.590000)"
10507,20507,NR,Mock Sarita Vihar - Punjabi Bagh 400 kV D/C Line 0507,400 kV,1500,834.5,22.876,2,ACSR Moose,Twin Moose,ISTS,Mock Inter-State Grid Delhi,Commissioned,2025,TBCB,MOCK-NIP-00507,Yes,2025,2.0,Mock Inter-State Grid Delhi,18.0,2.0,24.0,"Mock coordinates: Sarita Vihar (28.53000N, 77.30000E) to Punjabi Bagh (28.67000N, 77.13000E)",400 kV (Commissioned),10507,Synthetic geometry constrained to approximate Delhi NCT study area,22.876,22.876,"LINESTRING (77.300000 28.530000, 77.221905 28.608860, 77.130000 28.670000)"
10508,20508,NR,Mock Ridge - Punjabi Bagh 220 kV S/C Line 0508,220 kV,250,158.5,4.29,1,ACSR Moose,Twin,Intra-State,Mock Delhi Transmission Utility,Commissioned,2025,RTM,MOCK-NIP-00508,Yes,2025,1.0,Mock Delhi Transmission Utility,12.0,2.0,12.0,"Mock coordinates: Ridge (28.68000N, 77.17000E) to Punjabi Bagh (28.67000N, 77.13000E)",220 kV (Commissioned),10508,Synthetic geometry constrained to approximate Delhi NCT study area,4.29,4.29,"LINESTRING (77.170000 28.680000, 77.163856 28.678892, 77.149262 28.680812, 77.142741 28.676217, 77.130000 28.670000)"
10509,20509,NR,Mock Wazirabad - Dwarka 400 kV S/C Line 0509,400 kV,1200,484.3,19.862,1,ACSR Zebra,Quad,ISTS,Mock Delhi Transmission Utility,Commissioned,2020,RTM,MOCK-NIP-00509,No,2020,,,,,,"Mock coordinates: Wazirabad (28.71000N, 77.18000E) to Dwarka (28.59000N, 77.03000E)",400 kV (Commissioned),10509,Synthetic geometry constrained to approximate Delhi NCT study area,19.862,19.862,"LINESTRING (77.180000 28.710000, 77.157678 28.688821, 77.118032 28.655856, 77.055281 28.613951, 77.030000 28.590000)"
10510,20510,NR,Mock Narela - Mundka 400 kV D/C Line 0510,400 kV,1600,1179.0,21.898,2,AL 59 Zebra,Quad,ISTS,Mock Inter-State Grid Delhi,Commissioned,2021,TBCB,MOCK-NIP-00510,No,2021,,,,,,"Mock coordinates: Narela (28.85000N, 77.09000E) to Mundka (28.68000N, 76.98000E)",400 kV (Commissioned),10510,Synthetic geometry constrained to approximate Delhi NCT study area,21.898,21.898,"LINESTRING (77.090000 28.850000, 77.027822 28.778386, 76.980000 28.680000)"
10511,20511,NR,Mock Bawana - Mundka 220 kV S/C Line 0511,220 kV,350,0.0,15.102,1,ACSR Zebra,Single,Intra-State,Mock Delhi Transmission Utility,Under Construction,June 2029,TBCB,MOCK-NIP-00511,Yes,June 2029,1.0,Mock Delhi Transmission Utility,24.0,8.0,24.0,"Mock coordinates: Bawana (28.80000N, 77.05000E) to Mundka (28.68000N, 76.98000E)",220 kV (Under Construction),10511,Synthetic geometry constrained to approximate Delhi NCT study area,15.102,15.102,"LINESTRING (77.050000 28.800000, 76.998322 28.729250, 76.980000 28.680000)"
10512,20512,NR,Mock Najafgarh - Mahipalpur 765 kV S/C Line 0512,765 kV,1900,1552.9,16.3,1,ACSR / AAAC / AL59,Quad,ISTS,Mock Inter-State Grid Delhi,Commissioned,2020,TBCB,MOCK-NIP-00512,No,2020,,,,,,"Mock coordinates: Najafgarh (28.61000N, 76.98000E) to Mahipalpur (28.55000N, 77.13000E)",765 kV (Commissioned),10512,Synthetic geometry constrained to approximate Delhi NCT study area,16.3,16.3,"LINESTRING (76.980000 28.610000, 77.053418 28.593342, 77.130000 28.550000)"
10513,20513,NR,Mock Mundka - Dwarka 220 kV S/C Line 0513,220 kV,250,156.4,11.677,1,ACSR Zebra,Single,Intra-State,Mock Delhi Transmission Utility,Commissioned,2022,TBCB,MOCK-NIP-00513,No,2022,,,,,,"Mock coordinates: Mundka (28.68000N, 76.98000E) to Dwarka (28.59000N, 77.03000E)",220 kV (Commissioned),10513,Synthetic geometry constrained to approximate Delhi NCT study area,11.677,11.677,"LINESTRING (76.980000 28.680000, 76.996198 28.658483, 77.022728 28.633009, 77.022950 28.600373, 77.030000 28.590000)"
10514,20514,NR,Mock Narela - Rohini 220 kV S/C Line 0514,220 kV,400,258.7,12.391,1,ACSR Zebra,Single,Intra-State,Mock South Delhi Transmission Co.,Commissioned,2023,TBCB,MOCK-NIP-00514,No,2023,,,,,,"Mock coordinates: Narela (28.85000N, 77.09000E) to Rohini (28.74000N, 77.11000E)",220 kV (Commissioned),10514,Synthetic geometry constrained to approximate Delhi NCT study area,12.391,12.391,"LINESTRING (77.090000 28.850000, 77.095578 28.809063, 77.110000 28.740000)"
10515,20515,NR,Mock Ridge - Vasant Kunj 220 kV D/C Line 0515,220 kV,950,455.3,15.601,2,ACSR Moose,Twin,Intra-State,Mock South Delhi Transmission Co.,Commissioned,2020,TBCB,MOCK-NIP-00515,No,2020,,,,,,"Mock coordinates: Ridge (28.68000N, 77.17000E) to Vasant Kunj (28.54000N, 77.16000E)",220 kV (Commissioned),10515,Synthetic geometry constrained to approximate Delhi NCT study area,15.601,15.601,"LINESTRING (77.170000 28.680000, 77.166856 28.613224, 77.160000 28.540000)"
10516,20516,NR,Mock Mundka - Rohini 220 kV D/C Line 0516,220 kV,900,492.6,14.524,2,ACSR Moose,Single,Intra-State,Mock North Delhi Transmission Co.,Commissioned,2021,TBCB,MOCK-NIP-00516,No,2021,,,,,,"Mock coordinates: Mundka (28.68000N, 76.98000E) to Rohini (28.74000N, 77.11000E)",220 kV (Commissioned),10516,Synthetic geometry constrained to approximate Delhi NCT study area,14.524,14.524,"LINESTRING (76.980000 28.680000, 77.003928 28.698666, 77.040637 28.717063, 77.088213 28.728961, 77.110000 28.740000)"
10517,20517,NR,Mock Vasant Kunj - Mundka 220 kV S/C Line 0517,220 kV,400,204.3,23.531,1,ACSR Zebra,Twin,Intra-State,Mock Delhi Transmission Utility,Commissioned,2025,RTM,MOCK-NIP-00517,Yes,2025,1.0,Mock Delhi Transmission Utility,12.0,8.0,24.0,"Mock coordinates: Vasant Kunj (28.54000N, 77.16000E) to Mundka (28.68000N, 76.98000E)",220 kV (Commissioned),10517,Synthetic geometry constrained to approximate Delhi NCT study area,23.531,23.531,"LINESTRING (77.160000 28.540000, 77.086108 28.607195, 76.980000 28.680000)"
10518,20518,NR,Mock Lodhi Road - Dwarka 400 kV S/C Line 0518,400 kV,1150,938.0,18.551,1,ACSR Moose,Quad,ISTS,Mock Delhi Transmission Utility,Commissioned,2018,RTM,MOCK-NIP-00518,No,2018,,,,,,"Mock coordinates: Lodhi Road (28.59000N, 77.22000E) to Dwarka (28.59000N, 77.03000E)",400 kV (Commissioned),10518,Synthetic geometry constrained to approximate Delhi NCT study area,18.551,18.551,"LINESTRING (77.220000 28.590000, 77.124268 28.590450, 77.030000 28.590000)"
10519,20519,NR,Mock Najafgarh - Ridge 220 kV D/C Line 0519,220 kV,700,0.0,20.114,2,ACSR Moose,Single,Intra-State,Mock South Delhi Transmission Co.,Under Bidding,March 2028,TBCB,MOCK-NIP-00519,No,March 2028,,,,,,"Mock coordinates: Najafgarh (28.61000N, 76.98000E) to Ridge (28.68000N, 77.17000E)",220 kV (Under Bidding),10519,Synthetic geometry constrained to approximate Delhi NCT study area,20.114,20.114,"LINESTRING (76.980000 28.610000, 77.090487 28.652911, 77.170000 28.680000)"
10520,20520,NR,Mock Badarpur - Mahipalpur 400 kV S/C Line 0520,400 kV,1150,751.2,17.531,1,AL 59 Zebra,Twin Moose,ISTS,Mock Inter-State Grid Delhi,Commissioned,2024,TBCB,MOCK-NIP-00520,Yes,2024,1.0,Mock Inter-State Grid Delhi,24.0,2.0,18.0,"Mock coordinates: Badarpur (28.50000N, 77.30000E) to Mahipalpur (28.55000N, 77.13000E)",400 kV (Commissioned),10520,Synthetic geometry constrained to approximate Delhi NCT study area,17.531,17.531,"LINESTRING (77.300000 28.500000, 77.209167 28.530372, 77.130000 28.550000)"
10521,20521,NR,Mock Punjabi Bagh - Mayur Vihar 220 kV S/C Line 0521,220 kV,450,361.1,18.378,1,ACSR Zebra,Twin,Intra-State,Mock South Delhi Transmission Co.,Commissioned,2025,RTM,MOCK-NIP-00521,Yes,2025,1.0,Mock South Delhi Transmission Co.,18.0,2.0,24.0,"Mock coordinates: Punjabi Bagh (28.67000N, 77.13000E) to Mayur Vihar (28.61000N, 77.30000E)",220 kV (Commissioned),10521,Synthetic geometry constrained to approximate Delhi NCT study area,18.378,18.378,"LINESTRING (77.130000 28.670000, 77.199070 28.625177, 77.300000 28.610000)"
10522,20522,NR,Mock Lodhi Road - Dwarka 220 kV S/C Line 0522,220 kV,250,199.2,18.78,1,ACSR Zebra,Single,Intra-State,Mock North Delhi Transmission Co.,Commissioned,2023,RTM,MOCK-NIP-00522,No,2023,,,,,,"Mock coordinates: Lodhi Road (28.59000N, 77.22000E) to Dwarka (28.59000N, 77.03000E)",220 kV (Commissioned),10522,Synthetic geometry constrained to approximate Delhi NCT study area,18.78,18.78,"LINESTRING (77.220000 28.590000, 77.188858 28.591339, 77.121786 28.602393, 77.061773 28.592829, 77.030000 28.590000)"
10523,20523,NR,Mock Shahdara - Narela 400 kV S/C Line 0523,400 kV,850,0.0,28.031,1,AL 59 Zebra,Quad,ISTS,Mock Inter-State Grid Delhi,Under Construction,March 2028,TBCB,MOCK-NIP-00523,Yes,March 2028,1.0,Mock Inter-State Grid Delhi,36.0,8.0,12.0,"Mock coordinates: Shahdara (28.67000N, 77.29000E) to Narela (28.85000N, 77.09000E)",400 kV (Under Construction),10523,Synthetic geometry constrained to approximate Delhi NCT study area,28.031,28.031,"LINESTRING (77.290000 28.670000, 77.249501 28.699873, 77.184933 28.771115, 77.121961 28.825317, 77.090000 28.850000)"
10524,20524,NR,Mock Wazirabad - Mundka 220 kV S/C Line 0524,220 kV,500,236.4,19.991,1,ACSR Moose,Twin,Intra-State,Mock North Delhi Transmission Co.,Commissioned,2022,TBCB,MOCK-NIP-00524,No,2022,,,,,,"Mock coordinates: Wazirabad (28.71000N, 77.18000E) to Mundka (28.68000N, 76.98000E)",220 kV (Commissioned),10524,Synthetic geometry constrained to approximate Delhi NCT study area,19.991,19.991,"LINESTRING (77.180000 28.710000, 77.090538 28.683784, 76.980000 28.680000)"
10525,20525,NR,Mock Vasant Kunj - Ridge 400 kV S/C Line 0525,400 kV,1200,498.9,15.865,1,AL 59 Zebra,Twin Moose,ISTS,Mock Delhi Transmission Utility,Commissioned,2021,TBCB,MOCK-NIP-00525,No,2021,,,,,,"Mock coordinates: Vasant Kunj (28.54000N, 77.16000E) to Ridge (28.68000N, 77.17000E)",400 kV (Commissioned),10525,Synthetic geometry constrained to approximate Delhi NCT study area,15.865,15.865,"LINESTRING (77.160000 28.540000, 77.149974 28.607869, 77.170000 28.680000)"
10526,20526,NR,Mock Wazirabad - Pusa 400 kV S/C Line 0526,400 kV,850,388.0,7.917,1,ACSR Moose,Twin Moose,ISTS,Mock Delhi Transmission Utility,Commissioned,2018,TBCB,MOCK-NIP-00526,Yes,2018,1.0,Mock Delhi Transmission Utility,12.0,2.0,18.0,"Mock coordinates: Wazirabad (28.71000N, 77.18000E) to Pusa (28.64000N, 77.17000E)",400 kV (Commissioned),10526,Synthetic geometry constrained to approximate Delhi NCT study area,7.917,7.917,"LINESTRING (77.180000 28.710000, 77.179000 28.665660, 77.170000 28.640000)"
10527,20527,NR,Mock Shahdara - Sarita Vihar 220 kV D/C Line 0527,220 kV,550,246.9,15.697,2,ACSR Zebra,Twin,Intra-State,Mock North Delhi Transmission Co.,Commissioned,2018,TBCB,MOCK-NIP-00527,Yes,2018,2.0,Mock North Delhi Transmission Co.,12.0,6.0,12.0,"Mock coordinates: Shahdara (28.67000N, 77.29000E) to Sarita Vihar (28.53000N, 77.30000E)",220 kV (Commissioned),10527,Synthetic geometry constrained to approximate Delhi NCT study area,15.697,15.697,"LINESTRING (77.290000 28.670000, 77.293385 28.645278, 77.302206 28.614404, 77.299897 28.554161, 77.300000 28.530000)"
10528,20528,NR,Mock Vasant Kunj - Ridge 220 kV D/C Line 0528,220 kV,800,462.6,15.678,2,AAAC,Twin,Intra-State,Mock North Delhi Transmission Co.,Commissioned,2020,RTM,MOCK-NIP-00528,Yes,2020,2.0,Mock North Delhi Transmission Co.,24.0,6.0,24.0,"Mock coordinates: Vasant Kunj (28.54000N, 77.16000E) to Ridge (28.68000N, 77.17000E)",220 kV (Commissioned),10528,Synthetic geometry constrained to approximate Delhi NCT study area,15.678,15.678,"LINESTRING (77.160000 28.540000, 77.157086 28.613196, 77.170000 28.680000)"
10529,20529,NR,Mock Badarpur - Punjabi Bagh 400 kV S/C Line 0529,400 kV,1150,0.0,25.207,1,ACSR Moose,Twin Moose,ISTS,Mock Delhi Transmission Utility,Under Construction,March 2029,RTM,MOCK-NIP-00529,Yes,March 2029,1.0,Mock Delhi Transmission Utility,36.0,2.0,12.0,"Mock coordinates: Badarpur (28.50000N, 77.30000E) to Punjabi Bagh (28.67000N, 77.13000E)",400 kV (Under Construction),10529,Synthetic geometry constrained to approximate Delhi NCT study area,25.207,25.207,"LINESTRING (77.300000 28.500000, 77.225037 28.585866, 77.130000 28.670000)"
10530,20530,NR,Mock Pusa - Okhla 220 kV S/C Line 0530,220 kV,400,203.3,16.32,1,AAAC,Single,Intra-State,Mock Delhi Transmission Utility,Commissioned,2023,TBCB,MOCK-NIP-00530,No,2023,,,,,,"Mock coordinates: Pusa (28.64000N, 77.17000E) to Okhla (28.53000N, 77.28000E)",220 kV (Commissioned),10530,Synthetic geometry constrained to approximate Delhi NCT study area,16.32,16.32,"LINESTRING (77.170000 28.640000, 77.217853 28.584226, 77.280000 28.530000)"
10531,20531,NR,Mock Patparganj - Lodhi Road 220 kV S/C Line 0531,220 kV,300,152.0,8.662,1,AAAC,Twin,Intra-State,Mock South Delhi Transmission Co.,Commissioned,2025,RTM,MOCK-NIP-00531,No,2025,,,,,,"Mock coordinates: Patparganj (28.63000N, 77.29000E) to Lodhi Road (28.59000N, 77.22000E)",220 kV (Commissioned),10531,Synthetic geometry constrained to approximate Delhi NCT study area,8.662,8.662,"LINESTRING (77.290000 28.630000, 77.279516 28.632490, 77.262824 28.622325, 77.235035 28.595576, 77.220000 28.590000)"
10532,20532,NR,Mock Pusa - Lodhi Road 220 kV D/C Line 0532,220 kV,700,482.5,7.493,2,AAAC,Twin,Intra-State,Mock North Delhi Transmission Co.,Commissioned,2018,RTM,MOCK-NIP-00532,Yes,2018,2.0,Mock North Delhi Transmission Co.,36.0,6.0,18.0,"Mock coordinates: Pusa (28.64000N, 77.17000E) to Lodhi Road (28.59000N, 77.22000E)",220 kV (Commissioned),10532,Synthetic geometry constrained to approximate Delhi NCT study area,7.493,7.493,"LINESTRING (77.170000 28.640000, 77.211975 28.604966, 77.220000 28.590000)"
10533,20533,NR,Mock Bamnoli - Dwarka 400 kV S/C Line 0533,400 kV,1050,431.9,7.544,1,AL 59 Zebra,Twin Moose,ISTS,Mock Delhi Transmission Utility,Commissioned,2018,RTM,MOCK-NIP-00533,No,2018,,,,,,"Mock coordinates: Bamnoli (28.53000N, 77.00000E) to Dwarka (28.59000N, 77.03000E)",400 kV (Commissioned),10533,Synthetic geometry constrained to approximate Delhi NCT study area,7.544,7.544,"LINESTRING (77.000000 28.530000, 77.002421 28.537906, 77.022497 28.561565, 77.021843 28.575825, 77.030000 28.590000)"
10534,20534,NR,Mock Punjabi Bagh - Badarpur 220 kV S/C Line 0534,220 kV,300,236.0,25.178,1,AAAC,Twin,Intra-State,Mock South Delhi Transmission Co.,Commissioned,2023,TBCB,MOCK-NIP-00534,Yes,2023,1.0,Mock South Delhi Transmission Co.,18.0,6.0,12.0,"Mock coordinates: Punjabi Bagh (28.67000N, 77.13000E) to Badarpur (28.50000N, 77.30000E)",220 kV (Commissioned),10534,Synthetic geometry constrained to approximate Delhi NCT study area,25.178,25.178,"LINESTRING (77.130000 28.670000, 77.208684 28.598393, 77.300000 28.500000)"
10535,20535,NR,Mock Mahipalpur - Rohini 400 kV S/C Line 0535,400 kV,1200,0.0,21.224,1,ACSR Zebra,Twin Moose,ISTS,Mock Inter-State Grid Delhi,Under Construction,June 2026,TBCB,MOCK-NIP-00535,No,June 2026,,,,,,"Mock coordinates: Mahipalpur (28.55000N, 77.13000E) to Rohini (28.74000N, 77.11000E)",400 kV (Under Construction),10535,Synthetic geometry constrained to approximate Delhi NCT study area,21.224,21.224,"LINESTRING (77.130000 28.550000, 77.121346 28.659363, 77.110000 28.740000)"
10536,20536,NR,Mock Ridge - Sarita Vihar 220 kV D/C Line 0536,220 kV,950,637.4,21.175,2,ACSR Zebra,Twin,Intra-State,Mock Delhi Transmission Utility,Commissioned,2025,TBCB,MOCK-NIP-00536,Yes,2025,2.0,Mock Delhi Transmission Utility,18.0,6.0,12.0,"Mock coordinates: Ridge (28.68000N, 77.17000E) to Sarita Vihar (28.53000N, 77.30000E)",220 kV (Commissioned),10536,Synthetic geometry constrained to approximate Delhi NCT study area,21.175,21.175,"LINESTRING (77.170000 28.680000, 77.222603 28.596952, 77.300000 28.530000)"
10537,20537,NR,Mock Vasant Kunj - Bamnoli 220 kV S/C Line 0537,220 kV,300,170.1,15.79,1,ACSR Zebra,Single,Intra-State,Mock Delhi Transmission Utility,Commissioned,2020,TBCB,MOCK-NIP-00537,No,2020,,,,,,"Mock coordinates: Vasant Kunj (28.54000N, 77.16000E) to Bamnoli (28.53000N, 77.00000E)",220 kV (Commissioned),10537,Synthetic geometry constrained to approximate Delhi NCT study area,15.79,15.79,"LINESTRING (77.160000 28.540000, 77.093869 28.544525, 77.000000 28.530000)"
10538,20538,NR,Mock Narela - Rohini 400 kV S/C Line 0538,400 kV,1100,526.8,12.464,1,ACSR Moose,Twin Moose,Intra-State,Mock Delhi Transmission Utility,Commissioned,2023,TBCB,MOCK-NIP-00538,Yes,2023,1.0,Mock Delhi Transmission Utility,12.0,4.0,12.0,"Mock coordinates: Narela (28.85000N, 77.09000E) to Rohini (28.74000N, 77.11000E)",400 kV (Commissioned),10538,Synthetic geometry constrained to approximate Delhi NCT study area,12.464,12.464,"LINESTRING (77.090000 28.850000, 77.095604 28.780621, 77.110000 28.740000)"
10539,20539,NR,Mock Mayur Vihar - Ridge 400 kV S/C Line 0539,400 kV,800,623.8,14.961,1,AL 59 Zebra,Twin Moose,ISTS,Mock Delhi Transmission Utility,Commissioned,2020,RTM,MOCK-NIP-00539,No,2020,,,,,,"Mock coordinates: Mayur Vihar (28.61000N, 77.30000E) to Ridge (28.68000N, 77.17000E)",400 kV (Commissioned),10539,Synthetic geometry constrained to approximate Delhi NCT study area,14.961,14.961,"LINESTRING (77.300000 28.610000, 77.276023 28.617520, 77.237263 28.643330, 77.188212 28.669470, 77.170000 28.680000)"
10540,20540,NR,Mock Bamnoli - Rohini 220 kV D/C Line 0540,220 kV,600,0.0,25.74,2,ACSR Zebra,Twin,Intra-State,Mock South Delhi Transmission Co.,Under Construction,June 2025,RTM,MOCK-NIP-00540,No,June 2025,,,,,,"Mock coordinates: Bamnoli (28.53000N, 77.00000E) to Rohini (28.74000N, 77.11000E)",220 kV (Under Construction),10540,Synthetic geometry constrained to approximate Delhi NCT study area,25.74,25.74,"LINESTRING (77.000000 28.530000, 77.045160 28.631561, 77.110000 28.740000)"
10541,20541,NR,Mock Badarpur - Mahipalpur 400 kV S/C Line 0541,400 kV,750,0.0,17.648,1,AL 59 Zebra,Twin Moose,Intra-State,Mock Delhi Transmission Utility,Under Construction,March 2028,TBCB,MOCK-NIP-00541,No,March 2028,,,,,,"Mock coordinates: Badarpur (28.50000N, 77.30000E) to Mahipalpur (28.55000N, 77.13000E)",400 kV (Under Construction),10541,Synthetic geometry constrained to approximate Delhi NCT study area,17.648,17.648,"LINESTRING (77.300000 28.500000, 77.219165 28.513551, 77.130000 28.550000)"
10542,20542,NR,Mock Vasant Kunj - Sarita Vihar 400 kV D/C Line 0542,400 kV,1450,0.0,13.99,2,AL 59 Zebra,Twin Moose,ISTS,Mock Delhi Transmission Utility,Under Bidding,June 2026,RTM,MOCK-NIP-00542,No,June 2026,,,,,,"Mock coordinates: Vasant Kunj (28.54000N, 77.16000E) to Sarita Vihar (28.53000N, 77.30000E)",400 kV (Under Bidding),10542,Synthetic geometry constrained to approximate Delhi NCT study area,13.99,13.99,"LINESTRING (77.160000 28.540000, 77.224542 28.523118, 77.300000 28.530000)"
10543,20543,NR,Mock Patparganj - Pusa 220 kV D/C Line 0543,220 kV,600,0.0,12.244,2,ACSR Zebra,Twin,Intra-State,Mock North Delhi Transmission Co.,Planned,June 2028,RTM,MOCK-NIP-00543,Yes,June 2028,2.0,Mock North Delhi Transmission Co.,24.0,8.0,18.0,"Mock coordinates: Patparganj (28.63000N, 77.29000E) to Pusa (28.64000N, 77.17000E)",220 kV (Planned),10543,Synthetic geometry constrained to approximate Delhi NCT study area,12.244,12.244,"LINESTRING (77.290000 28.630000, 77.240687 28.649290, 77.170000 28.640000)"
10544,20544,NR,Mock Mayur Vihar - Pusa 220 kV S/C Line 0544,220 kV,350,224.6,13.21,1,AAAC,Single,Intra-State,Mock South Delhi Transmission Co.,Commissioned,2021,TBCB,MOCK-NIP-00544,No,2021,,,,,,"Mock coordinates: Mayur Vihar (28.61000N, 77.30000E) to Pusa (28.64000N, 77.17000E)",220 kV (Commissioned),10544,Synthetic geometry constrained to approximate Delhi NCT study area,13.21,13.21,"LINESTRING (77.300000 28.610000, 77.252023 28.628052, 77.170000 28.640000)"
10545,20545,NR,Mock Sarita Vihar - Dwarka 400 kV S/C Line 0545,400 kV,1150,0.0,27.203,1,ACSR Zebra,Twin Moose,Intra-State,Mock Delhi Transmission Utility,Under Construction,September 2029,TBCB,MOCK-NIP-00545,Yes,September 2029,1.0,Mock Delhi Transmission Utility,12.0,2.0,18.0,"Mock coordinates: Sarita Vihar (28.53000N, 77.30000E) to Dwarka (28.59000N, 77.03000E)",400 kV (Under Construction),10545,Synthetic geometry constrained to approximate Delhi NCT study area,27.203,27.203,"LINESTRING (77.300000 28.530000, 77.167915 28.557655, 77.030000 28.590000)"
10546,20546,NR,Mock Badarpur - Vasant Kunj 765 kV D/C Line 0546,765 kV,4400,2522.2,14.637,2,AL 59 Zebra,Quad,ISTS,Mock Inter-State Grid Delhi,Commissioned,2018,RTM,MOCK-NIP-00546,No,2018,,,,,,"Mock coordinates: Badarpur (28.50000N, 77.30000E) to Vasant Kunj (28.54000N, 77.16000E)",765 kV (Commissioned),10546,Synthetic geometry constrained to approximate Delhi NCT study area,14.637,14.637,"LINESTRING (77.300000 28.500000, 77.222609 28.509324, 77.160000 28.540000)"
10547,20547,NR,Mock Shahdara - Mayur Vihar 220 kV S/C Line 0547,220 kV,400,273.2,7.656,1,ACSR Zebra,Twin,Intra-State,Mock North Delhi Transmission Co.,Commissioned,2024,RTM,MOCK-NIP-00547,Yes,2024,1.0,Mock North Delhi Transmission Co.,18.0,4.0,18.0,"Mock coordinates: Shahdara (28.67000N, 77.29000E) to Mayur Vihar (28.61000N, 77.30000E)",220 kV (Commissioned),10547,Synthetic geometry constrained to approximate Delhi NCT study area,7.656,7.656,"LINESTRING (77.290000 28.670000, 77.278947 28.628180, 77.300000 28.610000)"
10548,20548,NR,Mock Mundka - Ridge 400 kV D/C Line 0548,400 kV,2000,0.0,18.774,2,AL 59 Zebra,Twin Moose,Intra-State,Mock Delhi Transmission Utility,Under Bidding,December 2025,TBCB,MOCK-NIP-00548,Yes,December 2025,2.0,Mock Delhi Transmission Utility,18.0,2.0,18.0,"Mock coordinates: Mundka (28.68000N, 76.98000E) to Ridge (28.68000N, 77.17000E)",400 kV (Under Bidding),10548,Synthetic geometry constrained to approximate Delhi NCT study area,18.774,18.774,"LINESTRING (76.980000 28.680000, 77.075988 28.693463, 77.170000 28.680000)"
10549,20549,NR,Mock Shahdara - Ridge 220 kV S/C Line 0549,220 kV,350,210.1,11.968,1,ACSR Zebra,Single,Intra-State,Mock Delhi Transmission Utility,Commissioned,2024,TBCB,MOCK-NIP-00549,No,2024,,,,,,"Mock coordinates: Shahdara (28.67000N, 77.29000E) to Ridge (28.68000N, 77.17000E)",220 kV (Commissioned),10549,Synthetic geometry constrained to approximate Delhi NCT study area,11.968,11.968,"LINESTRING (77.290000 28.670000, 77.231950 28.684886, 77.170000 28.680000)"
10550,20550,NR,Mock Punjabi Bagh - Bawana 220 kV S/C Line 0550,220 kV,400,0.0,16.654,1,ACSR Moose,Single,Intra-State,Mock North Delhi Transmission Co.,Under Bidding,January 2026,TBCB,MOCK-NIP-00550,Yes,January 2026,1.0,Mock North Delhi Transmission Co.,24.0,8.0,12.0,"Mock coordinates: Punjabi Bagh (28.67000N, 77.13000E) to Bawana (28.80000N, 77.05000E)",220 kV (Under Bidding),10550,Synthetic geometry constrained to approximate Delhi NCT study area,16.654,16.654,"LINESTRING (77.130000 28.670000, 77.079881 28.725511, 77.050000 28.800000)"
10551,20551,NR,Mock Mahipalpur - Najafgarh 220 kV S/C Line 0551,220 kV,400,166.2,16.22,1,ACSR Moose,Twin,Intra-State,Mock South Delhi Transmission Co.,Commissioned,2021,RTM,MOCK-NIP-00551,Yes,2021,1.0,Mock South Delhi Transmission Co.,12.0,4.0,18.0,"Mock coordinates: Mahipalpur (28.55000N, 77.13000E) to Najafgarh (28.61000N, 76.98000E)",220 kV (Commissioned),10551,Synthetic geometry constrained to approximate Delhi NCT study area,16.22,16.22,"LINESTRING (77.130000 28.550000, 77.040758 28.575881, 76.980000 28.610000)"
10552,20552,NR,Mock Rohini - Bawana 220 kV D/C Line 0552,220 kV,500,385.7,9.183,2,AAAC,Twin,Intra-State,Mock North Delhi Transmission Co.,Commissioned,2023,TBCB,MOCK-NIP-00552,No,2023,,,,,,"Mock coordinates: Rohini (28.74000N, 77.11000E) to Bawana (28.80000N, 77.05000E)",220 kV (Commissioned),10552,Synthetic geometry constrained to approximate Delhi NCT study area,9.183,9.183,"LINESTRING (77.110000 28.740000, 77.098078 28.758869, 77.082295 28.778707, 77.055405 28.790827, 77.050000 28.800000)"
10553,20553,NR,Mock Shahdara - Wazirabad 220 kV D/C Line 0553,220 kV,750,484.2,11.837,2,ACSR Zebra,Twin,Intra-State,Mock South Delhi Transmission Co.,Commissioned,2020,RTM,MOCK-NIP-00553,No,2020,,,,,,"Mock coordinates: Shahdara (28.67000N, 77.29000E) to Wazirabad (28.71000N, 77.18000E)",220 kV (Commissioned),10553,Synthetic geometry constrained to approximate Delhi NCT study area,11.837,11.837,"LINESTRING (77.290000 28.670000, 77.274330 28.679612, 77.235078 28.698252, 77.203703 28.700337, 77.180000 28.710000)"
10554,20554,NR,Mock Lodhi Road - Punjabi Bagh 400 kV D/C Line 0554,400 kV,1400,0.0,12.857,2,ACSR Moose,Quad,ISTS,Mock Inter-State Grid Delhi,Under Bidding,March 2028,TBCB,MOCK-NIP-00554,Yes,March 2028,2.0,Mock Inter-State Grid Delhi,12.0,4.0,24.0,"Mock coordinates: Lodhi Road (28.59000N, 77.22000E) to Punjabi Bagh (28.67000N, 77.13000E)",400 kV (Under Bidding),10554,Synthetic geometry constrained to approximate Delhi NCT study area,12.857,12.857,"LINESTRING (77.220000 28.590000, 77.192722 28.633262, 77.130000 28.670000)"
10555,20555,NR,Mock Mayur Vihar - Wazirabad 220 kV S/C Line 0555,220 kV,250,120.2,16.149,1,ACSR Zebra,Single,Intra-State,Mock North Delhi Transmission Co.,Commissioned,2022,TBCB,MOCK-NIP-00555,Yes,2022,1.0,Mock North Delhi Transmission Co.,24.0,6.0,12.0,"Mock coordinates: Mayur Vihar (28.61000N, 77.30000E) to Wazirabad (28.71000N, 77.18000E)",220 kV (Commissioned),10555,Synthetic geometry constrained to approximate Delhi NCT study area,16.149,16.149,"LINESTRING (77.300000 28.610000, 77.250970 28.649279, 77.180000 28.710000)"
10556,20556,NR,Mock Rohini - Dwarka 765 kV D/C Line 0556,765 kV,5300,0.0,18.473,2,AL 59 Zebra,Hexa,ISTS,Mock Inter-State Grid Delhi,Under Construction,June 2027,RTM,MOCK-NIP-00556,No,June 2027,,,,,,"Mock coordinates: Rohini (28.74000N, 77.11000E) to Dwarka (28.59000N, 77.03000E)",765 kV (Under Construction),10556,Synthetic geometry constrained to approximate Delhi NCT study area,18.473,18.473,"LINESTRING (77.110000 28.740000, 77.077584 28.663822, 77.030000 28.590000)"
10557,20557,NR,Mock Punjabi Bagh - Mundka 220 kV S/C Line 0557,220 kV,450,0.0,14.676,1,AAAC,Twin,Intra-State,Mock South Delhi Transmission Co.,Under Construction,March 2025,TBCB,MOCK-NIP-00557,Yes,March 2025,1.0,Mock South Delhi Transmission Co.,12.0,4.0,12.0,"Mock coordinates: Punjabi Bagh (28.67000N, 77.13000E) to Mundka (28.68000N, 76.98000E)",220 kV (Under Construction),10557,Synthetic geometry constrained to approximate Delhi NCT study area,14.676,14.676,"LINESTRING (77.130000 28.670000, 77.052870 28.675374, 76.980000 28.680000)"
10558,20558,NR,Mock Vasant Kunj - Mayur Vihar 400 kV D/C Line 0558,400 kV,1400,1147.7,15.751,2,ACSR Zebra,Quad,ISTS,Mock Delhi Transmission Utility,Commissioned,2024,RTM,MOCK-NIP-00558,No,2024,,,,,,"Mock coordinates: Vasant Kunj (28.54000N, 77.16000E) to Mayur Vihar (28.61000N, 77.30000E)",400 kV (Commissioned),10558,Synthetic geometry constrained to approximate Delhi NCT study area,15.751,15.751,"LINESTRING (77.160000 28.540000, 77.178852 28.550740, 77.217695 28.571978, 77.266315 28.596283, 77.300000 28.610000)"
10559,20559,NR,Mock Okhla - Badarpur 220 kV D/C Line 0559,220 kV,1000,741.4,5.013,2,AAAC,Twin,Intra-State,Mock South Delhi Transmission Co.,Commissioned,2023,RTM,MOCK-NIP-00559,No,2023,,,,,,"Mock coordinates: Okhla (28.53000N, 77.28000E) to Badarpur (28.50000N, 77.30000E)",220 kV (Commissioned),10559,Synthetic geometry constrained to approximate Delhi NCT study area,5.013,5.013,"LINESTRING (77.280000 28.530000, 77.307872 28.514589, 77.300000 28.500000)"
10560,20560,NR,Mock Ridge - Bawana 220 kV S/C Line 0560,220 kV,450,0.0,18.206,1,ACSR Zebra,Twin,Intra-State,Mock South Delhi Transmission Co.,Planned,January 2026,TBCB,MOCK-NIP-00560,Yes,January 2026,1.0,Mock South Delhi Transmission Co.,24.0,8.0,12.0,"Mock coordinates: Ridge (28.68000N, 77.17000E) to Bawana (28.80000N, 77.05000E)",220 kV (Planned),10560,Synthetic geometry constrained to approximate Delhi NCT study area,18.206,18.206,"LINESTRING (77.170000 28.680000, 77.158849 28.707354, 77.127561 28.748226, 77.082889 28.778440, 77.050000 28.800000)"
10561,20561,NR,Mock Vasant Kunj - Pusa 220 kV S/C Line 0561,220 kV,250,178.9,11.458,1,ACSR Zebra,Single,Intra-State,Mock North Delhi Transmission Co.,Commissioned,2023,TBCB,MOCK-NIP-00561,No,2023,,,,,,"Mock coordinates: Vasant Kunj (28.54000N, 77.16000E) to Pusa (28.64000N, 77.17000E)",220 kV (Commissioned),10561,Synthetic geometry constrained to approximate Delhi NCT study area,11.458,11.458,"LINESTRING (77.160000 28.540000, 77.178366 28.590743, 77.170000 28.640000)"
10562,20562,NR,Mock Shahdara - Punjabi Bagh 220 kV S/C Line 0562,220 kV,300,176.1,15.677,1,ACSR Zebra,Single,Intra-State,Mock South Delhi Transmission Co.,Commissioned,2025,RTM,MOCK-NIP-00562,Yes,2025,1.0,Mock South Delhi Transmission Co.,18.0,8.0,18.0,"Mock coordinates: Shahdara (28.67000N, 77.29000E) to Punjabi Bagh (28.67000N, 77.13000E)",220 kV (Commissioned),10562,Synthetic geometry constrained to approximate Delhi NCT study area,15.677,15.677,"LINESTRING (77.290000 28.670000, 77.264052 28.670239, 77.209118 28.675665, 77.160006 28.670652, 77.130000 28.670000)"
10563,20563,NR,Mock Wazirabad - Patparganj 765 kV S/C Line 0563,765 kV,2800,0.0,13.94,1,ACSR / AAAC / AL59,Quad,ISTS,Mock Inter-State Grid Delhi,Under Construction,March 2029,RTM,MOCK-NIP-00563,Yes,March 2029,1.0,Mock Inter-State Grid Delhi,18.0,6.0,12.0,"Mock coordinates: Wazirabad (28.71000N, 77.18000E) to Patparganj (28.63000N, 77.29000E)",765 kV (Under Construction),10563,Synthetic geometry constrained to approximate Delhi NCT study area,13.94,13.94,"LINESTRING (77.180000 28.710000, 77.226461 28.676669, 77.290000 28.630000)"
10564,20564,NR,Mock Dwarka - Bawana 220 kV S/C Line 0564,220 kV,400,0.0,23.447,1,ACSR Moose,Single,Intra-State,Mock South Delhi Transmission Co.,Under Construction,September 2029,TBCB,MOCK-NIP-00564,Yes,September 2029,1.0,Mock South Delhi Transmission Co.,24.0,2.0,12.0,"Mock coordinates: Dwarka (28.59000N, 77.03000E) to Bawana (28.80000N, 77.05000E)",220 kV (Under Construction),10564,Synthetic geometry constrained to approximate Delhi NCT study area,23.447,23.447,"LINESTRING (77.030000 28.590000, 77.035329 28.690914, 77.050000 28.800000)"
10565,20565,NR,Mock Patparganj - Badarpur 400 kV S/C Line 0565,400 kV,900,0.0,14.529,1,ACSR Moose,Quad,Intra-State,Mock Delhi Transmission Utility,Planned,December 2028,RTM,MOCK-NIP-00565,No,December 2028,,,,,,"Mock coordinates: Patparganj (28.63000N, 77.29000E) to Badarpur (28.50000N, 77.30000E)",400 kV (Planned),10565,Synthetic geometry constrained to approximate Delhi NCT study area,14.529,14.529,"LINESTRING (77.290000 28.630000, 77.289382 28.605224, 77.290432 28.566583, 77.298567 28.525467, 77.300000 28.500000)"
10566,20566,NR,Mock Wazirabad - Mayur Vihar 400 kV S/C Line 0566,400 kV,800,654.9,16.216,1,ACSR Moose,Quad,ISTS,Mock Inter-State Grid Delhi,Commissioned,2025,TBCB,MOCK-NIP-00566,Yes,2025,1.0,Mock Inter-State Grid Delhi,36.0,2.0,18.0,"Mock coordinates: Wazirabad (28.71000N, 77.18000E) to Mayur Vihar (28.61000N, 77.30000E)",400 kV (Commissioned),10566,Synthetic geometry constrained to approximate Delhi NCT study area,16.216,16.216,"LINESTRING (77.180000 28.710000, 77.240121 28.669176, 77.300000 28.610000)"
10567,20567,NR,Mock Bamnoli - Lodhi Road 400 kV D/C Line 0567,400 kV,2050,1351.6,22.705,2,ACSR Zebra,Quad,ISTS,Mock Delhi Transmission Utility,Commissioned,2024,RTM,MOCK-NIP-00567,No,2024,,,,,,"Mock coordinates: Bamnoli (28.53000N, 77.00000E) to Lodhi Road (28.59000N, 77.22000E)",400 kV (Commissioned),10567,Synthetic geometry constrained to approximate Delhi NCT study area,22.705,22.705,"LINESTRING (77.000000 28.530000, 77.039835 28.548028, 77.102210 28.571388, 77.177750 28.580385, 77.220000 28.590000)"
10568,20568,NR,Mock Sarita Vihar - Vasant Kunj 400 kV D/C Line 0568,400 kV,2150,0.0,13.741,2,AL 59 Zebra,Twin Moose,Intra-State,Mock Delhi Transmission Utility,Planned,December 2025,TBCB,MOCK-NIP-00568,Yes,December 2025,2.0,Mock Delhi Transmission Utility,24.0,4.0,18.0,"Mock coordinates: Sarita Vihar (28.53000N, 77.30000E) to Vasant Kunj (28.54000N, 77.16000E)",400 kV (Planned),10568,Synthetic geometry constrained to approximate Delhi NCT study area,13.741,13.741,"LINESTRING (77.300000 28.530000, 77.282148 28.529779, 77.234186 28.531800, 77.191238 28.535815, 77.160000 28.540000)"
10569,20569,NR,Mock Dwarka - Wazirabad 220 kV S/C Line 0569,220 kV,250,0.0,19.872,1,AAAC,Twin,Intra-State,Mock South Delhi Transmission Co.,Under Construction,September 2026,RTM,MOCK-NIP-00569,No,September 2026,,,,,,"Mock coordinates: Dwarka (28.59000N, 77.03000E) to Wazirabad (28.71000N, 77.18000E)",220 kV (Under Construction),10569,Synthetic geometry constrained to approximate Delhi NCT study area,19.872,19.872,"LINESTRING (77.030000 28.590000, 77.090358 28.648123, 77.180000 28.710000)"
10570,20570,NR,Mock Badarpur - Vasant Kunj 400 kV S/C Line 0570,400 kV,1050,559.8,14.605,1,ACSR Moose,Twin Moose,ISTS,Mock Delhi Transmission Utility,Commissioned,2019,RTM,MOCK-NIP-00570,No,2019,,,,,,"Mock coordinates: Badarpur (28.50000N, 77.30000E) to Vasant Kunj (28.54000N, 77.16000E)",400 kV (Commissioned),10570,Synthetic geometry constrained to approximate Delhi NCT study area,14.605,14.605,"LINESTRING (77.300000 28.500000, 77.272646 28.508121, 77.220630 28.531937, 77.184581 28.540611, 77.160000 28.540000)"
10571,20571,NR,Mock Vasant Kunj - Badarpur 220 kV S/C Line 0571,220 kV,350,182.4,14.493,1,AAAC,Single,Intra-State,Mock North Delhi Transmission Co.,Commissioned,2021,RTM,MOCK-NIP-00571,Yes,2021,1.0,Mock North Delhi Transmission Co.,36.0,8.0,18.0,"Mock coordinates: Vasant Kunj (28.54000N, 77.16000E) to Badarpur (28.50000N, 77.30000E)",220 kV (Commissioned),10571,Synthetic geometry constrained to approximate Delhi NCT study area,14.493,14.493,"LINESTRING (77.160000 28.540000, 77.244206 28.507783, 77.300000 28.500000)"
10572,20572,NR,Mock Patparganj - Ridge 400 kV S/C Line 0572,400 kV,750,568.1,13.157,1,ACSR Moose,Twin Moose,Intra-State,Mock Inter-State Grid Delhi,Commissioned,2022,TBCB,MOCK-NIP-00572,No,2022,,,,,,"Mock coordinates: Patparganj (28.63000N, 77.29000E) to Ridge (28.68000N, 77.17000E)",400 kV (Commissioned),10572,Synthetic geometry constrained to approximate Delhi NCT study area,13.157,13.157,"LINESTRING (77.290000 28.630000, 77.217800 28.648963, 77.170000 28.680000)"
10573,20573,NR,Mock Dwarka - Bawana 220 kV D/C Line 0573,220 kV,750,420.8,23.434,2,ACSR Zebra,Twin,Intra-State,Mock Delhi Transmission Utility,Commissioned,2022,RTM,MOCK-NIP-00573,Yes,2022,2.0,Mock Delhi Transmission Utility,24.0,8.0,12.0,"Mock coordinates: Dwarka (28.59000N, 77.03000E) to Bawana (28.80000N, 77.05000E)",220 kV (Commissioned),10573,Synthetic geometry constrained to approximate Delhi NCT study area,23.434,23.434,"LINESTRING (77.030000 28.590000, 77.041294 28.695540, 77.050000 28.800000)"
10574,20574,NR,Mock Rohini - Mayur Vihar 400 kV D/C Line 0574,400 kV,2150,1089.7,23.566,2,AL 59 Zebra,Twin Moose,ISTS,Mock Inter-State Grid Delhi,Commissioned,2024,RTM,MOCK-NIP-00574,Yes,2024,2.0,Mock Inter-State Grid Delhi,24.0,4.0,12.0,"Mock coordinates: Rohini (28.74000N, 77.11000E) to Mayur Vihar (28.61000N, 77.30000E)",400 kV (Commissioned),10574,Synthetic geometry constrained to approximate Delhi NCT study area,23.566,23.566,"LINESTRING (77.110000 28.740000, 77.212491 28.679558, 77.300000 28.610000)"
10575,20575,NR,Mock Mayur Vihar - Badarpur 400 kV S/C Line 0575,400 kV,1000,0.0,12.525,1,AL 59 Zebra,Quad,ISTS,Mock Inter-State Grid Delhi,Under Construction,September 2025,RTM,MOCK-NIP-00575,No,September 2025,,,,,,"Mock coordinates: Mayur Vihar (28.61000N, 77.30000E) to Badarpur (28.50000N, 77.30000E)",400 kV (Under Construction),10575,Synthetic geometry constrained to approximate Delhi NCT study area,12.525,12.525,"LINESTRING (77.300000 28.610000, 77.313783 28.552712, 77.300000 28.500000)"
10576,20576,NR,Mock Bawana - Ridge 400 kV D/C Line 0576,400 kV,2250,891.3,17.828,2,ACSR Moose,Quad,ISTS,Mock Delhi Transmission Utility,Commissioned,2021,RTM,MOCK-NIP-00576,No,2021,,,,,,"Mock coordinates: Bawana (28.80000N, 77.05000E) to Ridge (28.68000N, 77.17000E)",400 kV (Commissioned),10576,Synthetic geometry constrained to approximate Delhi NCT study area,17.828,17.828,"LINESTRING (77.050000 28.800000, 77.101110 28.737294, 77.170000 28.680000)"
10577,20577,NR,Mock Badarpur - Shahdara 220 kV S/C Line 0577,220 kV,250,129.6,19.144,1,ACSR Zebra,Twin,Intra-State,Mock North Delhi Transmission Co.,Commissioned,2022,TBCB,MOCK-NIP-00577,No,2022,,,,,,"Mock coordinates: Badarpur (28.50000N, 77.30000E) to Shahdara (28.67000N, 77.29000E)",220 kV (Commissioned),10577,Synthetic geometry constrained to approximate Delhi NCT study area,19.144,19.144,"LINESTRING (77.300000 28.500000, 77.296037 28.530403, 77.282221 28.579434, 77.283843 28.639111, 77.290000 28.670000)"
10578,20578,NR,Mock Punjabi Bagh - Rohini 220 kV D/C Line 0578,220 kV,750,323.3,8.059,2,ACSR Moose,Single,Intra-State,Mock Delhi Transmission Utility,Commissioned,2019,TBCB,MOCK-NIP-00578,No,2019,,,,,,"Mock coordinates: Punjabi Bagh (28.67000N, 77.13000E) to Rohini (28.74000N, 77.11000E)",220 kV (Commissioned),10578,Synthetic geometry constrained to approximate Delhi NCT study area,8.059,8.059,"LINESTRING (77.130000 28.670000, 77.122662 28.709388, 77.110000 28.740000)"
10579,20579,NR,Mock Patparganj - Dwarka 220 kV D/C Line 0579,220 kV,800,608.4,25.822,2,ACSR Moose,Twin,Intra-State,Mock North Delhi Transmission Co.,Commissioned,2019,RTM,MOCK-NIP-00579,No,2019,,,,,,"Mock coordinates: Patparganj (28.63000N, 77.29000E) to Dwarka (28.59000N, 77.03000E)",220 kV (Commissioned),10579,Synthetic geometry constrained to approximate Delhi NCT study area,25.822,25.822,"LINESTRING (77.290000 28.630000, 77.240033 28.618171, 77.163652 28.612735, 77.080178 28.598866, 77.030000 28.590000)"
10580,20580,NR,Mock Mayur Vihar - Wazirabad 220 kV D/C Line 0580,220 kV,500,334.7,16.191,2,ACSR Moose,Twin,Intra-State,Mock South Delhi Transmission Co.,Commissioned,2025,TBCB,MOCK-NIP-00580,No,2025,,,,,,"Mock coordinates: Mayur Vihar (28.61000N, 77.30000E) to Wazirabad (28.71000N, 77.18000E)",220 kV (Commissioned),10580,Synthetic geometry constrained to approximate Delhi NCT study area,16.191,16.191,"LINESTRING (77.300000 28.610000, 77.251875 28.657452, 77.180000 28.710000)"
10581,20581,NR,Mock Mayur Vihar - Punjabi Bagh 400 kV S/C Line 0581,400 kV,1100,641.6,18.116,1,AL 59 Zebra,Quad,ISTS,Mock Delhi Transmission Utility,Commissioned,2021,RTM,MOCK-NIP-00581,Yes,2021,1.0,Mock Delhi Transmission Utility,18.0,6.0,24.0,"Mock coordinates: Mayur Vihar (28.61000N, 77.30000E) to Punjabi Bagh (28.67000N, 77.13000E)",400 kV (Commissioned),10581,Synthetic geometry constrained to approximate Delhi NCT study area,18.116,18.116,"LINESTRING (77.300000 28.610000, 77.220079 28.652314, 77.130000 28.670000)"
10582,20582,NR,Mock Narela - Bawana 400 kV D/C Line 0582,400 kV,1450,0.0,7.629,2,ACSR Moose,Quad,ISTS,Mock Delhi Transmission Utility,Under Construction,September 2029,TBCB,MOCK-NIP-00582,Yes,September 2029,2.0,Mock Delhi Transmission Utility,12.0,4.0,24.0,"Mock coordinates: Narela (28.85000N, 77.09000E) to Bawana (28.80000N, 77.05000E)",400 kV (Under Construction),10582,Synthetic geometry constrained to approximate Delhi NCT study area,7.629,7.629,"LINESTRING (77.090000 28.850000, 77.085338 28.839142, 77.061349 28.833548, 77.051924 28.813095, 77.050000 28.800000)"
10583,20583,NR,Mock Mayur Vihar - Lodhi Road 220 kV S/C Line 0583,220 kV,300,182.4,8.239,1,AAAC,Twin,Intra-State,Mock North Delhi Transmission Co.,Commissioned,2019,RTM,MOCK-NIP-00583,Yes,2019,1.0,Mock North Delhi Transmission Co.,12.0,8.0,12.0,"Mock coordinates: Mayur Vihar (28.61000N, 77.30000E) to Lodhi Road (28.59000N, 77.22000E)",220 kV (Commissioned),10583,Synthetic geometry constrained to approximate Delhi NCT study area,8.239,8.239,"LINESTRING (77.300000 28.610000, 77.259644 28.593416, 77.220000 28.590000)"
10584,20584,NR,Mock Dwarka - Bawana 220 kV D/C Line 0584,220 kV,950,677.2,23.464,2,AAAC,Single,Intra-State,Mock South Delhi Transmission Co.,Commissioned,2020,TBCB,MOCK-NIP-00584,No,2020,,,,,,"Mock coordinates: Dwarka (28.59000N, 77.03000E) to Bawana (28.80000N, 77.05000E)",220 kV (Commissioned),10584,Synthetic geometry constrained to approximate Delhi NCT study area,23.464,23.464,"LINESTRING (77.030000 28.590000, 77.046138 28.694045, 77.050000 28.800000)"
10585,20585,NR,Mock Lodhi Road - Najafgarh 765 kV S/C Line 0585,765 kV,2800,0.0,23.591,1,ACSR / AAAC / AL59,Quad,ISTS,Mock Inter-State Grid Delhi,Under Bidding,January 2029,RTM,MOCK-NIP-00585,Yes,January 2029,1.0,Mock Inter-State Grid Delhi,12.0,2.0,12.0,"Mock coordinates: Lodhi Road (28.59000N, 77.22000E) to Najafgarh (28.61000N, 76.98000E)",765 kV (Under Bidding),10585,Synthetic geometry constrained to approximate Delhi NCT study area,23.591,23.591,"LINESTRING (77.220000 28.590000, 77.114909 28.591564, 76.980000 28.610000)"
10586,20586,NR,Mock Narela - Punjabi Bagh 220 kV D/C Line 0586,220 kV,850,607.2,20.581,2,ACSR Zebra,Twin,Intra-State,Mock South Delhi Transmission Co.,Commissioned,2024,RTM,MOCK-NIP-00586,Yes,2024,2.0,Mock South Delhi Transmission Co.,24.0,2.0,18.0,"Mock coordinates: Narela (28.85000N, 77.09000E) to Punjabi Bagh (28.67000N, 77.13000E)",220 kV (Commissioned),10586,Synthetic geometry constrained to approximate Delhi NCT study area,20.581,20.581,"LINESTRING (77.090000 28.850000, 77.098733 28.745858, 77.130000 28.670000)"
10587,20587,NR,Mock Mahipalpur - Patparganj 220 kV D/C Line 0587,220 kV,650,323.4,18.119,2,AAAC,Single,Intra-State,Mock Delhi Transmission Utility,Commissioned,2019,TBCB,MOCK-NIP-00587,No,2019,,,,,,"Mock coordinates: Mahipalpur (28.55000N, 77.13000E) to Patparganj (28.63000N, 77.29000E)",220 kV (Commissioned),10587,Synthetic geometry constrained to approximate Delhi NCT study area,18.119,18.119,"LINESTRING (77.130000 28.550000, 77.195521 28.594459, 77.290000 28.630000)"
10588,20588,NR,Mock Bawana - Mundka 220 kV D/C Line 0588,220 kV,600,472.9,15.499,2,ACSR Moose,Single,Intra-State,Mock Delhi Transmission Utility,Commissioned,2020,RTM,MOCK-NIP-00588,No,2020,,,,,,"Mock coordinates: Bawana (28.80000N, 77.05000E) to Mundka (28.68000N, 76.98000E)",220 kV (Commissioned),10588,Synthetic geometry constrained to approximate Delhi NCT study area,15.499,15.499,"LINESTRING (77.050000 28.800000, 77.037961 28.773250, 77.031523 28.731587, 76.992823 28.693268, 76.980000 28.680000)"
10589,20589,NR,Mock Dwarka - Patparganj 400 kV S/C Line 0589,400 kV,1050,806.0,25.811,1,ACSR Moose,Quad,ISTS,Mock Delhi Transmission Utility,Commissioned,2025,RTM,MOCK-NIP-00589,Yes,2025,1.0,Mock Delhi Transmission Utility,12.0,4.0,18.0,"Mock coordinates: Dwarka (28.59000N, 77.03000E) to Patparganj (28.63000N, 77.29000E)",400 kV (Commissioned),10589,Synthetic geometry constrained to approximate Delhi NCT study area,25.811,25.811,"LINESTRING (77.030000 28.590000, 77.071262 28.595382, 77.164928 28.616176, 77.251118 28.626627, 77.290000 28.630000)"
10590,20590,NR,Mock Rohini - Dwarka 765 kV S/C Line 0590,765 kV,2550,1105.2,18.416,1,ACSR / AAAC / AL59,Quad,Intra-State,Mock Inter-State Grid Delhi,Commissioned,2020,TBCB,MOCK-NIP-00590,Yes,2020,1.0,Mock Inter-State Grid Delhi,12.0,2.0,18.0,"Mock coordinates: Rohini (28.74000N, 77.11000E) to Dwarka (28.59000N, 77.03000E)",765 kV (Commissioned),10590,Synthetic geometry constrained to approximate Delhi NCT study area,18.416,18.416,"LINESTRING (77.110000 28.740000, 77.076451 28.675593, 77.030000 28.590000)"
10591,20591,NR,Mock Okhla - Shahdara 400 kV D/C Line 0591,400 kV,2400,1555.0,15.598,2,AL 59 Zebra,Quad,ISTS,Mock Delhi Transmission Utility,Commissioned,2025,TBCB,MOCK-NIP-00591,Yes,2025,2.0,Mock Delhi Transmission Utility,12.0,4.0,18.0,"Mock coordinates: Okhla (28.53000N, 77.28000E) to Shahdara (28.67000N, 77.29000E)",400 kV (Commissioned),10591,Synthetic geometry constrained to approximate Delhi NCT study area,15.598,15.598,"LINESTRING (77.280000 28.530000, 77.284664 28.595523, 77.290000 28.670000)"
10592,20592,NR,Mock Bamnoli - Ridge 220 kV D/C Line 0592,220 kV,650,0.0,23.749,2,ACSR Moose,Twin,Intra-State,Mock North Delhi Transmission Co.,Under Construction,June 2027,TBCB,MOCK-NIP-00592,No,June 2027,,,,,,"Mock coordinates: Bamnoli (28.53000N, 77.00000E) to Ridge (28.68000N, 77.17000E)",220 kV (Under Construction),10592,Synthetic geometry constrained to approximate Delhi NCT study area,23.749,23.749,"LINESTRING (77.000000 28.530000, 77.036907 28.557100, 77.102787 28.600716, 77.145644 28.648726, 77.170000 28.680000)"
10593,20593,NR,Mock Sarita Vihar - Lodhi Road 220 kV D/C Line 0593,220 kV,600,0.0,10.506,2,ACSR Moose,Single,Intra-State,Mock Delhi Transmission Utility,Under Bidding,January 2025,TBCB,MOCK-NIP-00593,No,January 2025,,,,,,"Mock coordinates: Sarita Vihar (28.53000N, 77.30000E) to Lodhi Road (28.59000N, 77.22000E)",220 kV (Under Bidding),10593,Synthetic geometry constrained to approximate Delhi NCT study area,10.506,10.506,"LINESTRING (77.300000 28.530000, 77.257023 28.574818, 77.220000 28.590000)"
10594,20594,NR,Mock Mayur Vihar - Lodhi Road 220 kV S/C Line 0594,220 kV,350,217.8,8.339,1,ACSR Moose,Twin,Intra-State,Mock North Delhi Transmission Co.,Commissioned,2021,RTM,MOCK-NIP-00594,No,2021,,,,,,"Mock coordinates: Mayur Vihar (28.61000N, 77.30000E) to Lodhi Road (28.59000N, 77.22000E)",220 kV (Commissioned),10594,Synthetic geometry constrained to approximate Delhi NCT study area,8.339,8.339,"LINESTRING (77.300000 28.610000, 77.247297 28.605428, 77.220000 28.590000)"
10595,20595,NR,Mock Vasant Kunj - Najafgarh 400 kV S/C Line 0595,400 kV,1100,615.5,19.383,1,ACSR Moose,Twin Moose,Intra-State,Mock Delhi Transmission Utility,Commissioned,2020,TBCB,MOCK-NIP-00595,No,2020,,,,,,"Mock coordinates: Vasant Kunj (28.54000N, 77.16000E) to Najafgarh (28.61000N, 76.98000E)",400 kV (Commissioned),10595,Synthetic geometry constrained to approximate Delhi NCT study area,19.383,19.383,"LINESTRING (77.160000 28.540000, 77.053915 28.569175, 76.980000 28.610000)"
10596,20596,NR,Mock Dwarka - Lodhi Road 220 kV S/C Line 0596,220 kV,300,0.0,18.775,1,AAAC,Single,Intra-State,Mock North Delhi Transmission Co.,Under Bidding,December 2027,TBCB,MOCK-NIP-00596,Yes,December 2027,1.0,Mock North Delhi Transmission Co.,18.0,4.0,18.0,"Mock coordinates: Dwarka (28.59000N, 77.03000E) to Lodhi Road (28.59000N, 77.22000E)",220 kV (Under Bidding),10596,Synthetic geometry constrained to approximate Delhi NCT study area,18.775,18.775,"LINESTRING (77.030000 28.590000, 77.064002 28.583853, 77.128068 28.577422, 77.191564 28.587242, 77.220000 28.590000)"
10597,20597,NR,Mock Mundka - Bamnoli 400 kV D/C Line 0597,400 kV,1550,903.7,16.797,2,ACSR Zebra,Quad,ISTS,Mock Inter-State Grid Delhi,Commissioned,2024,TBCB,MOCK-NIP-00597,No,2024,,,,,,"Mock coordinates: Mundka (28.68000N, 76.98000E) to Bamnoli (28.53000N, 77.00000E)",400 kV (Commissioned),10597,Synthetic geometry constrained to approximate Delhi NCT study area,16.797,16.797,"LINESTRING (76.980000 28.680000, 76.984984 28.653201, 76.991954 28.599032, 76.997734 28.552673, 77.000000 28.530000)"
10598,20598,NR,Mock Shahdara - Ridge 220 kV S/C Line 0598,220 kV,250,0.0,11.76,1,ACSR Zebra,Single,Intra-State,Mock North Delhi Transmission Co.,Under Construction,December 2029,RTM,MOCK-NIP-00598,No,December 2029,,,,,,"Mock coordinates: Shahdara (28.67000N, 77.29000E) to Ridge (28.68000N, 77.17000E)",220 kV (Under Construction),10598,Synthetic geometry constrained to approximate Delhi NCT study area,11.76,11.76,"LINESTRING (77.290000 28.670000, 77.212996 28.676767, 77.170000 28.680000)"
10599,20599,NR,Mock Ridge - Vasant Kunj 400 kV S/C Line 0599,400 kV,1200,895.4,15.981,1,AL 59 Zebra,Quad,Intra-State,Mock Delhi Transmission Utility,Commissioned,2023,TBCB,MOCK-NIP-00599,No,2023,,,,,,"Mock coordinates: Ridge (28.68000N, 77.17000E) to Vasant Kunj (28.54000N, 77.16000E)",400 kV (Commissioned),10599,Synthetic geometry constrained to approximate Delhi NCT study area,15.981,15.981,"LINESTRING (77.170000 28.680000, 77.164666 28.658677, 77.148927 28.620353, 77.159281 28.568340, 77.160000 28.540000)"
10600,20600,NR,Mock Wazirabad - Punjabi Bagh 220 kV S/C Line 0600,220 kV,400,316.1,6.654,1,ACSR Zebra,Twin,Intra-State,Mock North Delhi Transmission Co.,Commissioned,2018,RTM,MOCK-NIP-00600,No,2018,,,,,,"Mock coordinates: Wazirabad (28.71000N, 77.18000E) to Punjabi Bagh (28.67000N, 77.13000E)",220 kV (Commissioned),10600,Synthetic geometry constrained to approximate Delhi NCT study area,6.654,6.654,"LINESTRING (77.180000 28.710000, 77.169908 28.701243, 77.161279 28.697181, 77.143833 28.679457, 77.130000 28.670000)"
10601,20601,NR,Mock Mundka - Lodhi Road 400 kV D/C Line 0601,400 kV,1850,1117.2,25.593,2,AL 59 Zebra,Quad,ISTS,Mock Delhi Transmission Utility,Commissioned,2019,RTM,MOCK-NIP-00601,No,2019,,,,,,"Mock coordinates: Mundka (28.68000N, 76.98000E) to Lodhi Road (28.59000N, 77.22000E)",400 kV (Commissioned),10601,Synthetic geometry constrained to approximate Delhi NCT study area,25.593,25.593,"LINESTRING (76.980000 28.680000, 77.022030 28.658754, 77.113676 28.635595, 77.182856 28.604647, 77.220000 28.590000)"
10602,20602,NR,Mock Narela - Wazirabad 220 kV S/C Line 0602,220 kV,350,0.0,17.948,1,ACSR Moose,Single,Intra-State,Mock North Delhi Transmission Co.,Planned,September 2025,TBCB,MOCK-NIP-00602,No,September 2025,,,,,,"Mock coordinates: Narela (28.85000N, 77.09000E) to Wazirabad (28.71000N, 77.18000E)",220 kV (Planned),10602,Synthetic geometry constrained to approximate Delhi NCT study area,17.948,17.948,"LINESTRING (77.090000 28.850000, 77.101373 28.830464, 77.122101 28.787338, 77.156139 28.736834, 77.180000 28.710000)"
10603,20603,NR,Mock Shahdara - Pusa 400 kV D/C Line 0603,400 kV,2050,1531.9,12.256,2,ACSR Zebra,Quad,ISTS,Mock Inter-State Grid Delhi,Commissioned,2020,RTM,MOCK-NIP-00603,No,2020,,,,,,"Mock coordinates: Shahdara (28.67000N, 77.29000E) to Pusa (28.64000N, 77.17000E)",400 kV (Commissioned),10603,Synthetic geometry constrained to approximate Delhi NCT study area,12.256,12.256,"LINESTRING (77.290000 28.670000, 77.263240 28.663442, 77.217334 28.648503, 77.180976 28.644781, 77.170000 28.640000)"
10604,20604,NR,Mock Lodhi Road - Mahipalpur 220 kV S/C Line 0604,220 kV,400,194.9,9.997,1,ACSR Moose,Twin,Intra-State,Mock South Delhi Transmission Co.,Commissioned,2024,TBCB,MOCK-NIP-00604,No,2024,,,,,,"Mock coordinates: Lodhi Road (28.59000N, 77.22000E) to Mahipalpur (28.55000N, 77.13000E)",220 kV (Commissioned),10604,Synthetic geometry constrained to approximate Delhi NCT study area,9.997,9.997,"LINESTRING (77.220000 28.590000, 77.169558 28.576187, 77.130000 28.550000)"
10605,20605,NR,Mock Rohini - Punjabi Bagh 220 kV D/C Line 0605,220 kV,900,399.3,8.073,2,ACSR Zebra,Single,Intra-State,Mock North Delhi Transmission Co.,Commissioned,2018,TBCB,MOCK-NIP-00605,No,2018,,,,,,"Mock coordinates: Rohini (28.74000N, 77.11000E) to Punjabi Bagh (28.67000N, 77.13000E)",220 kV (Commissioned),10605,Synthetic geometry constrained to approximate Delhi NCT study area,8.073,8.073,"LINESTRING (77.110000 28.740000, 77.115555 28.704153, 77.130000 28.670000)"
10606,20606,NR,Mock Najafgarh - Mundka 220 kV S/C Line 0606,220 kV,300,0.0,8.337,1,AAAC,Twin,Intra-State,Mock South Delhi Transmission Co.,Planned,September 2028,RTM,MOCK-NIP-00606,Yes,September 2028,1.0,Mock South Delhi Transmission Co.,12.0,2.0,24.0,"Mock coordinates: Najafgarh (28.61000N, 76.98000E) to Mundka (28.68000N, 76.98000E)",220 kV (Planned),10606,Synthetic geometry constrained to approximate Delhi NCT study area,8.337,8.337,"LINESTRING (76.980000 28.610000, 76.965475 28.633187, 76.980000 28.680000)"
10607,20607,NR,Mock Mahipalpur - Najafgarh 220 kV S/C Line 0607,220 kV,450,0.0,16.096,1,ACSR Zebra,Single,Intra-State,Mock North Delhi Transmission Co.,Planned,December 2029,RTM,MOCK-NIP-00607,No,December 2029,,,,,,"Mock coordinates: Mahipalpur (28.55000N, 77.13000E) to Najafgarh (28.61000N, 76.98000E)",220 kV (Planned),10607,Synthetic geometry constrained to approximate Delhi NCT study area,16.096,16.096,"LINESTRING (77.130000 28.550000, 77.038347 28.587498, 76.980000 28.610000)"
10608,20608,NR,Mock Dwarka - Mahipalpur 220 kV S/C Line 0608,220 kV,450,0.0,11.036,1,ACSR Zebra,Twin,Intra-State,Mock South Delhi Transmission Co.,Under Construction,September 2027,RTM,MOCK-NIP-00608,Yes,September 2027,1.0,Mock South Delhi Transmission Co.,12.0,6.0,12.0,"Mock coordinates: Dwarka (28.59000N, 77.03000E) to Mahipalpur (28.55000N, 77.13000E)",220 kV (Under Construction),10608,Synthetic geometry constrained to approximate Delhi NCT study area,11.036,11.036,"LINESTRING (77.030000 28.590000, 77.040796 28.578289, 77.071090 28.568125, 77.113147 28.560048, 77.130000 28.550000)"
10609,20609,NR,Mock Lodhi Road - Ridge 220 kV D/C Line 0609,220 kV,600,0.0,11.486,2,ACSR Moose,Single,Intra-State,Mock South Delhi Transmission Co.,Under Construction,January 2028,RTM,MOCK-NIP-00609,No,January 2028,,,,,,"Mock coordinates: Lodhi Road (28.59000N, 77.22000E) to Ridge (28.68000N, 77.17000E)",220 kV (Under Construction),10609,Synthetic geometry constrained to approximate Delhi NCT study area,11.486,11.486,"LINESTRING (77.220000 28.590000, 77.183845 28.626224, 77.170000 28.680000)"
10610,20610,NR,Mock Ridge - Rohini 400 kV D/C Line 0610,400 kV,1500,0.0,9.212,2,ACSR Moose,Twin Moose,ISTS,Mock Inter-State Grid Delhi,Planned,January 2027,TBCB,MOCK-NIP-00610,No,January 2027,,,,,,"Mock coordinates: Ridge (28.68000N, 77.17000E) to Rohini (28.74000N, 77.11000E)",400 kV (Planned),10610,Synthetic geometry constrained to approximate Delhi NCT study area,9.212,9.212,"LINESTRING (77.170000 28.680000, 77.154787 28.685299, 77.126579 28.710517, 77.116289 28.723952, 77.110000 28.740000)"
10611,20611,NR,Mock Bamnoli - Lodhi Road 220 kV S/C Line 0611,220 kV,350,0.0,22.517,1,ACSR Moose,Single,Intra-State,Mock North Delhi Transmission Co.,Under Construction,June 2026,RTM,MOCK-NIP-00611,Yes,June 2026,1.0,Mock North Delhi Transmission Co.,12.0,4.0,12.0,"Mock coordinates: Bamnoli (28.53000N, 77.00000E) to Lodhi Road (28.59000N, 77.22000E)",220 kV (Under Construction),10611,Synthetic geometry constrained to approximate Delhi NCT study area,22.517,22.517,"LINESTRING (77.000000 28.530000, 77.125545 28.560001, 77.220000 28.590000)"
10612,20612,NR,Mock Pusa - Okhla 220 kV S/C Line 0612,220 kV,400,0.0,16.545,1,ACSR Moose,Twin,Intra-State,Mock South Delhi Transmission Co.,Under Bidding,December 2029,RTM,MOCK-NIP-00612,Yes,December 2029,1.0,Mock South Delhi Transmission Co.,12.0,8.0,12.0,"Mock coordinates: Pusa (28.64000N, 77.17000E) to Okhla (28.53000N, 77.28000E)",220 kV (Under Bidding),10612,Synthetic geometry constrained to approximate Delhi NCT study area,16.545,16.545,"LINESTRING (77.170000 28.640000, 77.240270 28.589900, 77.280000 28.530000)"
10613,20613,NR,Mock Mahipalpur - Wazirabad 220 kV S/C Line 0613,220 kV,350,276.9,18.651,1,AAAC,Twin,Intra-State,Mock Delhi Transmission Utility,Commissioned,2018,TBCB,MOCK-NIP-00613,No,2018,,,,,,"Mock coordinates: Mahipalpur (28.55000N, 77.13000E) to Wazirabad (28.71000N, 77.18000E)",220 kV (Commissioned),10613,Synthetic geometry constrained to approximate Delhi NCT study area,18.651,18.651,"LINESTRING (77.130000 28.550000, 77.131964 28.577695, 77.140746 28.629898, 77.169640 28.686482, 77.180000 28.710000)"
10614,20614,NR,Mock Sarita Vihar - Punjabi Bagh 220 kV S/C Line 0614,220 kV,450,223.9,22.884,1,ACSR Moose,Single,Intra-State,Mock South Delhi Transmission Co.,Commissioned,2021,TBCB,MOCK-NIP-00614,Yes,2021,1.0,Mock South Delhi Transmission Co.,18.0,2.0,24.0,"Mock coordinates: Sarita Vihar (28.53000N, 77.30000E) to Punjabi Bagh (28.67000N, 77.13000E)",220 kV (Commissioned),10614,Synthetic geometry constrained to approximate Delhi NCT study area,22.884,22.884,"LINESTRING (77.300000 28.530000, 77.210580 28.588757, 77.130000 28.670000)"
10615,20615,NR,Mock Narela - Mundka 220 kV S/C Line 0615,220 kV,250,0.0,21.775,1,ACSR Zebra,Twin,Intra-State,Mock Delhi Transmission Utility,Planned,September 2026,RTM,MOCK-NIP-00615,No,September 2026,,,,,,"Mock coordinates: Narela (28.85000N, 77.09000E) to Mundka (28.68000N, 76.98000E)",220 kV (Planned),10615,Synthetic geometry constrained to approximate Delhi NCT study area,21.775,21.775,"LINESTRING (77.090000 28.850000, 77.031870 28.772577, 76.980000 28.680000)"
10616,20616,NR,Mock Najafgarh - Dwarka 220 kV D/C Line 0616,220 kV,700,489.6,5.908,2,ACSR Zebra,Twin,Intra-State,Mock North Delhi Transmission Co.,Commissioned,2021,TBCB,MOCK-NIP-00616,No,2021,,,,,,"Mock coordinates: Najafgarh (28.61000N, 76.98000E) to Dwarka (28.59000N, 77.03000E)",220 kV (Commissioned),10616,Synthetic geometry constrained to approximate Delhi NCT study area,5.908,5.908,"LINESTRING (76.980000 28.610000, 76.988574 28.595490, 77.030000 28.590000)"
10617,20617,NR,Mock Mayur Vihar - Pusa 220 kV D/C Line 0617,220 kV,950,0.0,13.13,2,AAAC,Twin,Intra-State,Mock South Delhi Transmission Co.,Planned,June 2027,TBCB,MOCK-NIP-00617,No,June 2027,,,,,,"Mock coordinates: Mayur Vihar (28.61000N, 77.30000E) to Pusa (28.64000N, 77.17000E)",220 kV (Planned),10617,Synthetic geometry constrained to approximate Delhi NCT study area,13.13,13.13,"LINESTRING (77.300000 28.610000, 77.243468 28.620709, 77.170000 28.640000)"
10618,20618,NR,Mock Pusa - Lodhi Road 765 kV D/C Line 0618,765 kV,5350,4384.4,7.907,2,ACSR / AAAC / AL59,Quad,ISTS,Mock Inter-State Grid Delhi,Commissioned,2021,RTM,MOCK-NIP-00618,No,2021,,,,,,"Mock coordinates: Pusa (28.64000N, 77.17000E) to Lodhi Road (28.59000N, 77.22000E)",765 kV (Commissioned),10618,Synthetic geometry constrained to approximate Delhi NCT study area,7.907,7.907,"LINESTRING (77.170000 28.640000, 77.180758 28.610399, 77.220000 28.590000)"
10619,20619,NR,Mock Mundka - Narela 220 kV S/C Line 0619,220 kV,400,304.3,21.853,1,ACSR Moose,Single,Intra-State,Mock Delhi Transmission Utility,Commissioned,2018,TBCB,MOCK-NIP-00619,Yes,2018,1.0,Mock Delhi Transmission Utility,24.0,8.0,18.0,"Mock coordinates: Mundka (28.68000N, 76.98000E) to Narela (28.85000N, 77.09000E)",220 kV (Commissioned),10619,Synthetic geometry constrained to approximate Delhi NCT study area,21.853,21.853,"LINESTRING (76.980000 28.680000, 77.052205 28.770950, 77.090000 28.850000)"
10620,20620,NR,Mock Narela - Ridge 220 kV D/C Line 0620,220 kV,850,0.0,20.649,2,AAAC,Single,Intra-State,Mock South Delhi Transmission Co.,Planned,January 2026,TBCB,MOCK-NIP-00620,No,January 2026,,,,,,"Mock coordinates: Narela (28.85000N, 77.09000E) to Ridge (28.68000N, 77.17000E)",220 kV (Planned),10620,Synthetic geometry constrained to approximate Delhi NCT study area,20.649,20.649,"LINESTRING (77.090000 28.850000, 77.098760 28.814639, 77.125848 28.751332, 77.149174 28.702628, 77.170000 28.680000)"
10621,20621,NR,Mock Okhla - Pusa 400 kV S/C Line 0621,400 kV,1100,0.0,16.343,1,ACSR Zebra,Quad,Intra-State,Mock Inter-State Grid Delhi,Under Bidding,December 2029,TBCB,MOCK-NIP-00621,No,December 2029,,,,,,"Mock coordinates: Okhla (28.53000N, 77.28000E) to Pusa (28.64000N, 77.17000E)",400 kV (Under Bidding),10621,Synthetic geometry constrained to approximate Delhi NCT study area,16.343,16.343,"LINESTRING (77.280000 28.530000, 77.236853 28.583022, 77.170000 28.640000)"
10622,20622,NR,Mock Mahipalpur - Bamnoli 220 kV S/C Line 0622,220 kV,400,212.7,12.917,1,AAAC,Twin,Intra-State,Mock South Delhi Transmission Co.,Commissioned,2023,TBCB,MOCK-NIP-00622,Yes,2023,1.0,Mock South Delhi Transmission Co.,36.0,2.0,24.0,"Mock coordinates: Mahipalpur (28.55000N, 77.13000E) to Bamnoli (28.53000N, 77.00000E)",220 kV (Commissioned),10622,Synthetic geometry constrained to approximate Delhi NCT study area,12.917,12.917,"LINESTRING (77.130000 28.550000, 77.081571 28.539020, 77.000000 28.530000)"
10623,20623,NR,Mock Mahipalpur - Patparganj 400 kV S/C Line 0623,400 kV,1100,787.2,17.989,1,ACSR Zebra,Quad,ISTS,Mock Inter-State Grid Delhi,Commissioned,2025,TBCB,MOCK-NIP-00623,No,2025,,,,,,"Mock coordinates: Mahipalpur (28.55000N, 77.13000E) to Patparganj (28.63000N, 77.29000E)",400 kV (Commissioned),10623,Synthetic geometry constrained to approximate Delhi NCT study area,17.989,17.989,"LINESTRING (77.130000 28.550000, 77.201675 28.582515, 77.290000 28.630000)"
10624,20624,NR,Mock Bawana - Dwarka 220 kV S/C Line 0624,220 kV,400,232.1,23.52,1,ACSR Zebra,Single,Intra-State,Mock North Delhi Transmission Co.,Commissioned,2020,TBCB,MOCK-NIP-00624,Yes,2020,1.0,Mock North Delhi Transmission Co.,18.0,2.0,12.0,"Mock coordinates: Bawana (28.80000N, 77.05000E) to Dwarka (28.59000N, 77.03000E)",220 kV (Commissioned),10624,Synthetic geometry constrained to approximate Delhi NCT study area,23.52,23.52,"LINESTRING (77.050000 28.800000, 77.040954 28.772131, 77.039287 28.705330, 77.030568 28.631689, 77.030000 28.590000)"
10625,20625,NR,Mock Wazirabad - Bawana 220 kV S/C Line 0625,220 kV,350,266.9,16.204,1,AAAC,Twin,Intra-State,Mock South Delhi Transmission Co.,Commissioned,2018,TBCB,MOCK-NIP-00625,No,2018,,,,,,"Mock coordinates: Wazirabad (28.71000N, 77.18000E) to Bawana (28.80000N, 77.05000E)",220 kV (Commissioned),10625,Synthetic geometry constrained to approximate Delhi NCT study area,16.204,16.204,"LINESTRING (77.180000 28.710000, 77.103633 28.755202, 77.050000 28.800000)"
10626,20626,NR,Mock Punjabi Bagh - Bamnoli 220 kV S/C Line 0626,220 kV,500,242.5,20.109,1,ACSR Zebra,Single,Intra-State,Mock South Delhi Transmission Co.,Commissioned,2022,TBCB,MOCK-NIP-00626,No,2022,,,,,,"Mock coordinates: Punjabi Bagh (28.67000N, 77.13000E) to Bamnoli (28.53000N, 77.00000E)",220 kV (Commissioned),10626,Synthetic geometry constrained to approximate Delhi NCT study area,20.109,20.109,"LINESTRING (77.130000 28.670000, 77.059590 28.587324, 77.000000 28.530000)"
10627,20627,NR,Mock Mundka - Narela 220 kV D/C Line 0627,220 kV,800,386.2,21.824,2,ACSR Moose,Twin,Intra-State,Mock North Delhi Transmission Co.,Commissioned,2018,RTM,MOCK-NIP-00627,Yes,2018,2.0,Mock North Delhi Transmission Co.,12.0,4.0,18.0,"Mock coordinates: Mundka (28.68000N, 76.98000E) to Narela (28.85000N, 77.09000E)",220 kV (Commissioned),10627,Synthetic geometry constrained to approximate Delhi NCT study area,21.824,21.824,"LINESTRING (76.980000 28.680000, 77.028755 28.773645, 77.090000 28.850000)"
10628,20628,NR,Mock Lodhi Road - Punjabi Bagh 220 kV S/C Line 0628,220 kV,400,0.0,12.732,1,ACSR Zebra,Twin,Intra-State,Mock Delhi Transmission Utility,Under Construction,December 2026,TBCB,MOCK-NIP-00628,No,December 2026,,,,,,"Mock coordinates: Lodhi Road (28.59000N, 77.22000E) to Punjabi Bagh (28.67000N, 77.13000E)",220 kV (Under Construction),10628,Synthetic geometry constrained to approximate Delhi NCT study area,12.732,12.732,"LINESTRING (77.220000 28.590000, 77.185205 28.636385, 77.130000 28.670000)"
10629,20629,NR,Mock Lodhi Road - Mayur Vihar 400 kV D/C Line 0629,400 kV,1450,0.0,8.5,2,ACSR Moose,Quad,Intra-State,Mock Inter-State Grid Delhi,Under Construction,March 2027,TBCB,MOCK-NIP-00629,Yes,March 2027,2.0,Mock Inter-State Grid Delhi,24.0,4.0,18.0,"Mock coordinates: Lodhi Road (28.59000N, 77.22000E) to Mayur Vihar (28.61000N, 77.30000E)",400 kV (Under Construction),10629,Synthetic geometry constrained to approximate Delhi NCT study area,8.5,8.5,"LINESTRING (77.220000 28.590000, 77.261403 28.588637, 77.300000 28.610000)"
10630,20630,NR,Mock Okhla - Pusa 765 kV D/C Line 0630,765 kV,4500,3184.5,16.619,2,AL 59 Zebra,Hexa,ISTS,Mock Powergrid Delhi,Commissioned,2024,RTM,MOCK-NIP-00630,No,2024,,,,,,"Mock coordinates: Okhla (28.53000N, 77.28000E) to Pusa (28.64000N, 77.17000E)",765 kV (Commissioned),10630,Synthetic geometry constrained to approximate Delhi NCT study area,16.619,16.619,"LINESTRING (77.280000 28.530000, 77.242006 28.590792, 77.170000 28.640000)"
10631,20631,NR,Mock Mundka - Vasant Kunj 400 kV D/C Line 0631,400 kV,2000,0.0,23.491,2,ACSR Zebra,Quad,ISTS,Mock Inter-State Grid Delhi,Under Bidding,March 2029,TBCB,MOCK-NIP-00631,Yes,March 2029,2.0,Mock Inter-State Grid Delhi,18.0,4.0,18.0,"Mock coordinates: Mundka (28.68000N, 76.98000E) to Vasant Kunj (28.54000N, 77.16000E)",400 kV (Under Bidding),10631,Synthetic geometry constrained to approximate Delhi NCT study area,23.491,23.491,"LINESTRING (76.980000 28.680000, 77.060818 28.622278, 77.160000 28.540000)"
10632,20632,NR,Mock Narela - Wazirabad 400 kV S/C Line 0632,400 kV,1000,814.9,18.135,1,ACSR Moose,Twin Moose,Intra-State,Mock Delhi Transmission Utility,Commissioned,2024,TBCB,MOCK-NIP-00632,Yes,2024,1.0,Mock Delhi Transmission Utility,24.0,4.0,18.0,"Mock coordinates: Narela (28.85000N, 77.09000E) to Wazirabad (28.71000N, 77.18000E)",400 kV (Commissioned),10632,Synthetic geometry constrained to approximate Delhi NCT study area,18.135,18.135,"LINESTRING (77.090000 28.850000, 77.121348 28.772901, 77.180000 28.710000)"
10633,20633,NR,Mock Pusa - Bamnoli 400 kV S/C Line 0633,400 kV,1200,0.0,20.827,1,ACSR Zebra,Quad,ISTS,Mock Delhi Transmission Utility,Planned,September 2028,RTM,MOCK-NIP-00633,No,September 2028,,,,,,"Mock coordinates: Pusa (28.64000N, 77.17000E) to Bamnoli (28.53000N, 77.00000E)",400 kV (Planned),10633,Synthetic geometry constrained to approximate Delhi NCT study area,20.827,20.827,"LINESTRING (77.170000 28.640000, 77.092631 28.573571, 77.000000 28.530000)"
10634,20634,NR,Mock Shahdara - Sarita Vihar 400 kV S/C Line 0634,400 kV,800,478.4,15.713,1,ACSR Zebra,Quad,ISTS,Mock Delhi Transmission Utility,Commissioned,2025,TBCB,MOCK-NIP-00634,No,2025,,,,,,"Mock coordinates: Shahdara (28.67000N, 77.29000E) to Sarita Vihar (28.53000N, 77.30000E)",400 kV (Commissioned),10634,Synthetic geometry constrained to approximate Delhi NCT study area,15.713,15.713,"LINESTRING (77.290000 28.670000, 77.304276 28.606003, 77.300000 28.530000)"
10635,20635,NR,Mock Ridge - Mahipalpur 400 kV D/C Line 0635,400 kV,1450,631.5,15.481,2,ACSR Moose,Twin Moose,ISTS,Mock Inter-State Grid Delhi,Commissioned,2024,TBCB,MOCK-NIP-00635,No,2024,,,,,,"Mock coordinates: Ridge (28.68000N, 77.17000E) to Mahipalpur (28.55000N, 77.13000E)",400 kV (Commissioned),10635,Synthetic geometry constrained to approximate Delhi NCT study area,15.481,15.481,"LINESTRING (77.170000 28.680000, 77.166697 28.653787, 77.166012 28.602907, 77.147372 28.569475, 77.130000 28.550000)"
10636,20636,NR,Mock Ridge - Okhla 400 kV S/C Line 0636,400 kV,1150,0.0,20.108,1,ACSR Moose,Twin Moose,Intra-State,Mock Inter-State Grid Delhi,Planned,January 2029,RTM,MOCK-NIP-00636,Yes,January 2029,1.0,Mock Inter-State Grid Delhi,18.0,2.0,18.0,"Mock coordinates: Ridge (28.68000N, 77.17000E) to Okhla (28.53000N, 77.28000E)",400 kV (Planned),10636,Synthetic geometry constrained to approximate Delhi NCT study area,20.108,20.108,"LINESTRING (77.170000 28.680000, 77.181489 28.650757, 77.210581 28.598544, 77.260327 28.551452, 77.280000 28.530000)"
10637,20637,NR,Mock Narela - Pusa 400 kV S/C Line 0637,400 kV,950,0.0,24.642,1,ACSR Zebra,Twin Moose,ISTS,Mock Inter-State Grid Delhi,Under Bidding,September 2028,RTM,MOCK-NIP-00637,No,September 2028,,,,,,"Mock coordinates: Narela (28.85000N, 77.09000E) to Pusa (28.64000N, 77.17000E)",400 kV (Under Bidding),10637,Synthetic geometry constrained to approximate Delhi NCT study area,24.642,24.642,"LINESTRING (77.090000 28.850000, 77.119313 28.758254, 77.170000 28.640000)"
10638,20638,NR,Mock Mundka - Najafgarh 220 kV S/C Line 0638,220 kV,250,0.0,7.971,1,ACSR Moose,Single,Intra-State,Mock North Delhi Transmission Co.,Under Construction,January 2029,RTM,MOCK-NIP-00638,No,January 2029,,,,,,"Mock coordinates: Mundka (28.68000N, 76.98000E) to Najafgarh (28.61000N, 76.98000E)",220 kV (Under Construction),10638,Synthetic geometry constrained to approximate Delhi NCT study area,7.971,7.971,"LINESTRING (76.980000 28.680000, 76.988339 28.633494, 76.980000 28.610000)"
10639,20639,NR,Mock Okhla - Wazirabad 220 kV S/C Line 0639,220 kV,400,0.0,22.284,1,ACSR Zebra,Single,Intra-State,Mock South Delhi Transmission Co.,Planned,June 2026,RTM,MOCK-NIP-00639,Yes,June 2026,1.0,Mock South Delhi Transmission Co.,36.0,4.0,18.0,"Mock coordinates: Okhla (28.53000N, 77.28000E) to Wazirabad (28.71000N, 77.18000E)",220 kV (Planned),10639,Synthetic geometry constrained to approximate Delhi NCT study area,22.284,22.284,"LINESTRING (77.280000 28.530000, 77.227602 28.632971, 77.180000 28.710000)"
10640,20640,NR,Mock Najafgarh - Punjabi Bagh 220 kV S/C Line 0640,220 kV,250,152.9,16.242,1,AAAC,Twin,Intra-State,Mock Delhi Transmission Utility,Commissioned,2018,TBCB,MOCK-NIP-00640,No,2018,,,,,,"Mock coordinates: Najafgarh (28.61000N, 76.98000E) to Punjabi Bagh (28.67000N, 77.13000E)",220 kV (Commissioned),10640,Synthetic geometry constrained to approximate Delhi NCT study area,16.242,16.242,"LINESTRING (76.980000 28.610000, 77.054882 28.628954, 77.130000 28.670000)"
10641,20641,NR,Mock Shahdara - Badarpur 400 kV D/C Line 0641,400 kV,2100,0.0,19.015,2,ACSR Zebra,Quad,ISTS,Mock Inter-State Grid Delhi,Under Construction,March 2025,TBCB,MOCK-NIP-00641,No,March 2025,,,,,,"Mock coordinates: Shahdara (28.67000N, 77.29000E) to Badarpur (28.50000N, 77.30000E)",400 kV (Under Construction),10641,Synthetic geometry constrained to approximate Delhi NCT study area,19.015,19.015,"LINESTRING (77.290000 28.670000, 77.291363 28.641991, 77.299082 28.588931, 77.305131 28.535660, 77.300000 28.500000)"
10642,20642,NR,Mock Vasant Kunj - Lodhi Road 220 kV D/C Line 0642,220 kV,500,0.0,8.678,2,AAAC,Single,Intra-State,Mock South Delhi Transmission Co.,Planned,September 2026,RTM,MOCK-NIP-00642,Yes,September 2026,2.0,Mock South Delhi Transmission Co.,36.0,8.0,24.0,"Mock coordinates: Vasant Kunj (28.54000N, 77.16000E) to Lodhi Road (28.59000N, 77.22000E)",220 kV (Planned),10642,Synthetic geometry constrained to approximate Delhi NCT study area,8.678,8.678,"LINESTRING (77.160000 28.540000, 77.206897 28.559762, 77.220000 28.590000)"
10643,20643,NR,Mock Bamnoli - Rohini 400 kV S/C Line 0643,400 kV,800,448.3,25.736,1,ACSR Zebra,Quad,ISTS,Mock Inter-State Grid Delhi,Commissioned,2024,TBCB,MOCK-NIP-00643,No,2024,,,,,,"Mock coordinates: Bamnoli (28.53000N, 77.00000E) to Rohini (28.74000N, 77.11000E)",400 kV (Commissioned),10643,Synthetic geometry constrained to approximate Delhi NCT study area,25.736,25.736,"LINESTRING (77.000000 28.530000, 77.047473 28.635225, 77.110000 28.740000)"
10644,20644,NR,Mock Bawana - Najafgarh 220 kV D/C Line 0644,220 kV,1000,806.8,22.208,2,AAAC,Twin,Intra-State,Mock South Delhi Transmission Co.,Commissioned,2023,RTM,MOCK-NIP-00644,No,2023,,,,,,"Mock coordinates: Bawana (28.80000N, 77.05000E) to Najafgarh (28.61000N, 76.98000E)",220 kV (Commissioned),10644,Synthetic geometry constrained to approximate Delhi NCT study area,22.208,22.208,"LINESTRING (77.050000 28.800000, 77.014478 28.696568, 76.980000 28.610000)"
10645,20645,NR,Mock Mundka - Lodhi Road 400 kV S/C Line 0645,400 kV,750,0.0,25.661,1,AL 59 Zebra,Twin Moose,ISTS,Mock Delhi Transmission Utility,Under Construction,March 2028,TBCB,MOCK-NIP-00645,No,March 2028,,,,,,"Mock coordinates: Mundka (28.68000N, 76.98000E) to Lodhi Road (28.59000N, 77.22000E)",400 kV (Under Construction),10645,Synthetic geometry constrained to approximate Delhi NCT study area,25.661,25.661,"LINESTRING (76.980000 28.680000, 77.021051 28.672343, 77.101432 28.648508, 77.176501 28.608710, 77.220000 28.590000)"
10646,20646,NR,Mock Najafgarh - Bamnoli 765 kV S/C Line 0646,765 kV,2550,0.0,9.245,1,AL 59 Zebra,Quad,ISTS,Mock Inter-State Grid Delhi,Under Bidding,June 2027,TBCB,MOCK-NIP-00646,No,June 2027,,,,,,"Mock coordinates: Najafgarh (28.61000N, 76.98000E) to Bamnoli (28.53000N, 77.00000E)",765 kV (Under Bidding),10646,Synthetic geometry constrained to approximate Delhi NCT study area,9.245,9.245,"LINESTRING (76.980000 28.610000, 76.983934 28.561468, 77.000000 28.530000)"
10647,20647,NR,Mock Bamnoli - Rohini 400 kV S/C Line 0647,400 kV,900,0.0,25.704,1,ACSR Moose,Quad,ISTS,Mock Inter-State Grid Delhi,Under Bidding,December 2025,RTM,MOCK-NIP-00647,Yes,December 2025,1.0,Mock Inter-State Grid Delhi,18.0,2.0,24.0,"Mock coordinates: Bamnoli (28.53000N, 77.00000E) to Rohini (28.74000N, 77.11000E)",400 kV (Under Bidding),10647,Synthetic geometry constrained to approximate Delhi NCT study area,25.704,25.704,"LINESTRING (77.000000 28.530000, 77.046808 28.623709, 77.110000 28.740000)"
10648,20648,NR,Mock Ridge - Sarita Vihar 220 kV S/C Line 0648,220 kV,350,229.0,20.999,1,ACSR Moose,Single,Intra-State,Mock North Delhi Transmission Co.,Commissioned,2024,RTM,MOCK-NIP-00648,Yes,2024,1.0,Mock North Delhi Transmission Co.,12.0,4.0,18.0,"Mock coordinates: Ridge (28.68000N, 77.17000E) to Sarita Vihar (28.53000N, 77.30000E)",220 kV (Commissioned),10648,Synthetic geometry constrained to approximate Delhi NCT study area,20.999,20.999,"LINESTRING (77.170000 28.680000, 77.223994 28.608171, 77.300000 28.530000)"
10649,20649,NR,Mock Pusa - Mahipalpur 220 kV S/C Line 0649,220 kV,400,0.0,10.801,1,ACSR Moose,Twin,Intra-State,Mock South Delhi Transmission Co.,Planned,December 2026,TBCB,MOCK-NIP-00649,No,December 2026,,,,,,"Mock coordinates: Pusa (28.64000N, 77.17000E) to Mahipalpur (28.55000N, 77.13000E)",220 kV (Planned),10649,Synthetic geometry constrained to approximate Delhi NCT study area,10.801,10.801,"LINESTRING (77.170000 28.640000, 77.149401 28.607230, 77.130000 28.550000)"
10650,20650,NR,Mock Narela - Ridge 220 kV D/C Line 0650,220 kV,1000,415.3,20.513,2,ACSR Zebra,Twin,Intra-State,Mock South Delhi Transmission Co.,Commissioned,2021,RTM,MOCK-NIP-00650,Yes,2021,2.0,Mock South Delhi Transmission Co.,12.0,4.0,18.0,"Mock coordinates: Narela (28.85000N, 77.09000E) to Ridge (28.68000N, 77.17000E)",220 kV (Commissioned),10650,Synthetic geometry constrained to approximate Delhi NCT study area,20.513,20.513,"LINESTRING (77.090000 28.850000, 77.139763 28.763413, 77.170000 28.680000)"
10651,20651,NR,Mock Punjabi Bagh - Mayur Vihar 220 kV D/C Line 0651,220 kV,750,566.3,18.011,2,ACSR Moose,Twin,Intra-State,Mock North Delhi Transmission Co.,Commissioned,2024,TBCB,MOCK-NIP-00651,No,2024,,,,,,"Mock coordinates: Punjabi Bagh (28.67000N, 77.13000E) to Mayur Vihar (28.61000N, 77.30000E)",220 kV (Commissioned),10651,Synthetic geometry constrained to approximate Delhi NCT study area,18.011,18.011,"LINESTRING (77.130000 28.670000, 77.215843 28.650190, 77.300000 28.610000)"
10652,20652,NR,Mock Narela - Shahdara 220 kV D/C Line 0652,220 kV,900,0.0,28.022,2,AAAC,Single,Intra-State,Mock Delhi Transmission Utility,Planned,January 2029,TBCB,MOCK-NIP-00652,No,January 2029,,,,,,"Mock coordinates: Narela (28.85000N, 77.09000E) to Shahdara (28.67000N, 77.29000E)",220 kV (Planned),10652,Synthetic geometry constrained to approximate Delhi NCT study area,28.022,28.022,"LINESTRING (77.090000 28.850000, 77.196854 28.767651, 77.290000 28.670000)"
10653,20653,NR,Mock Wazirabad - Patparganj 220 kV S/C Line 0653,220 kV,400,319.9,13.942,1,ACSR Moose,Single,Intra-State,Mock North Delhi Transmission Co.,Commissioned,2025,RTM,MOCK-NIP-00653,Yes,2025,1.0,Mock North Delhi Transmission Co.,18.0,8.0,18.0,"Mock coordinates: Wazirabad (28.71000N, 77.18000E) to Patparganj (28.63000N, 77.29000E)",220 kV (Commissioned),10653,Synthetic geometry constrained to approximate Delhi NCT study area,13.942,13.942,"LINESTRING (77.180000 28.710000, 77.242173 28.666271, 77.290000 28.630000)"
10654,20654,NR,Mock Narela - Shahdara 400 kV D/C Line 0654,400 kV,2400,1671.0,27.943,2,AL 59 Zebra,Twin Moose,ISTS,Mock Inter-State Grid Delhi,Commissioned,2022,RTM,MOCK-NIP-00654,Yes,2022,2.0,Mock Inter-State Grid Delhi,18.0,6.0,24.0,"Mock coordinates: Narela (28.85000N, 77.09000E) to Shahdara (28.67000N, 77.29000E)",400 kV (Commissioned),10654,Synthetic geometry constrained to approximate Delhi NCT study area,27.943,27.943,"LINESTRING (77.090000 28.850000, 77.176233 28.774872, 77.290000 28.670000)"
10655,20655,NR,Mock Mundka - Rohini 220 kV S/C Line 0655,220 kV,400,305.5,14.665,1,AAAC,Twin,Intra-State,Mock Delhi Transmission Utility,Commissioned,2020,TBCB,MOCK-NIP-00655,Yes,2020,1.0,Mock Delhi Transmission Utility,12.0,6.0,24.0,"Mock coordinates: Mundka (28.68000N, 76.98000E) to Rohini (28.74000N, 77.11000E)",220 kV (Commissioned),10655,Synthetic geometry constrained to approximate Delhi NCT study area,14.665,14.665,"LINESTRING (76.980000 28.680000, 77.002053 28.689763, 77.045878 28.719882, 77.082362 28.738682, 77.110000 28.740000)"
10656,20656,NR,Mock Pusa - Bamnoli 220 kV D/C Line 0656,220 kV,500,0.0,20.801,2,ACSR Zebra,Twin,Intra-State,Mock South Delhi Transmission Co.,Planned,June 2026,RTM,MOCK-NIP-00656,Yes,June 2026,2.0,Mock South Delhi Transmission Co.,18.0,6.0,24.0,"Mock coordinates: Pusa (28.64000N, 77.17000E) to Bamnoli (28.53000N, 77.00000E)",220 kV (Planned),10656,Synthetic geometry constrained to approximate Delhi NCT study area,20.801,20.801,"LINESTRING (77.170000 28.640000, 77.135707 28.620586, 77.079418 28.570424, 77.026910 28.546900, 77.000000 28.530000)"
10657,20657,NR,Mock Wazirabad - Najafgarh 220 kV D/C Line 0657,220 kV,950,0.0,22.467,2,ACSR Zebra,Twin,Intra-State,Mock South Delhi Transmission Co.,Planned,January 2026,TBCB,MOCK-NIP-00657,Yes,January 2026,2.0,Mock South Delhi Transmission Co.,18.0,4.0,12.0,"Mock coordinates: Wazirabad (28.71000N, 77.18000E) to Najafgarh (28.61000N, 76.98000E)",220 kV (Planned),10657,Synthetic geometry constrained to approximate Delhi NCT study area,22.467,22.467,"LINESTRING (77.180000 28.710000, 77.090688 28.662620, 76.980000 28.610000)"
10658,20658,NR,Mock Mayur Vihar - Punjabi Bagh 220 kV D/C Line 0658,220 kV,550,265.8,18.315,2,ACSR Zebra,Twin,Intra-State,Mock North Delhi Transmission Co.,Commissioned,2024,TBCB,MOCK-NIP-00658,Yes,2024,2.0,Mock North Delhi Transmission Co.,36.0,8.0,24.0,"Mock coordinates: Mayur Vihar (28.61000N, 77.30000E) to Punjabi Bagh (28.67000N, 77.13000E)",220 kV (Commissioned),10658,Synthetic geometry constrained to approximate Delhi NCT study area,18.315,18.315,"LINESTRING (77.300000 28.610000, 77.197009 28.627334, 77.130000 28.670000)"
10659,20659,NR,Mock Mayur Vihar - Okhla 400 kV S/C Line 0659,400 kV,1200,0.0,9.203,1,ACSR Zebra,Quad,ISTS,Mock Inter-State Grid Delhi,Planned,January 2027,RTM,MOCK-NIP-00659,No,January 2027,,,,,,"Mock coordinates: Mayur Vihar (28.61000N, 77.30000E) to Okhla (28.53000N, 77.28000E)",400 kV (Planned),10659,Synthetic geometry constrained to approximate Delhi NCT study area,9.203,9.203,"LINESTRING (77.300000 28.610000, 77.283223 28.570660, 77.280000 28.530000)"
10660,20660,NR,Mock Shahdara - Mayur Vihar 400 kV D/C Line 0660,400 kV,1850,0.0,7.046,2,AL 59 Zebra,Twin Moose,ISTS,Mock Delhi Transmission Utility,Under Construction,March 2025,RTM,MOCK-NIP-00660,Yes,March 2025,2.0,Mock Delhi Transmission Utility,18.0,2.0,24.0,"Mock coordinates: Shahdara (28.67000N, 77.29000E) to Mayur Vihar (28.61000N, 77.30000E)",400 kV (Under Construction),10660,Synthetic geometry constrained to approximate Delhi NCT study area,7.046,7.046,"LINESTRING (77.290000 28.670000, 77.283408 28.650984, 77.300000 28.610000)"
10661,20661,NR,Mock Vasant Kunj - Shahdara 220 kV S/C Line 0661,220 kV,300,0.0,19.33,1,AAAC,Twin,Intra-State,Mock South Delhi Transmission Co.,Planned,September 2025,TBCB,MOCK-NIP-00661,Yes,September 2025,1.0,Mock South Delhi Transmission Co.,36.0,8.0,12.0,"Mock coordinates: Vasant Kunj (28.54000N, 77.16000E) to Shahdara (28.67000N, 77.29000E)",220 kV (Planned),10661,Synthetic geometry constrained to approximate Delhi NCT study area,19.33,19.33,"LINESTRING (77.160000 28.540000, 77.182695 28.562654, 77.210388 28.601066, 77.256538 28.643173, 77.290000 28.670000)"
10662,20662,NR,Mock Mayur Vihar - Pusa 220 kV S/C Line 0662,220 kV,500,0.0,13.322,1,ACSR Zebra,Twin,Intra-State,Mock South Delhi Transmission Co.,Under Construction,September 2025,RTM,MOCK-NIP-00662,No,September 2025,,,,,,"Mock coordinates: Mayur Vihar (28.61000N, 77.30000E) to Pusa (28.64000N, 77.17000E)",220 kV (Under Construction),10662,Synthetic geometry constrained to approximate Delhi NCT study area,13.322,13.322,"LINESTRING (77.300000 28.610000, 77.248498 28.632518, 77.170000 28.640000)"
10663,20663,NR,Mock Wazirabad - Bawana 400 kV D/C Line 0663,400 kV,1500,0.0,16.17,2,AL 59 Zebra,Quad,ISTS,Mock Delhi Transmission Utility,Planned,December 2026,RTM,MOCK-NIP-00663,Yes,December 2026,2.0,Mock Delhi Transmission Utility,24.0,2.0,24.0,"Mock coordinates: Wazirabad (28.71000N, 77.18000E) to Bawana (28.80000N, 77.05000E)",400 kV (Planned),10663,Synthetic geometry constrained to approximate Delhi NCT study area,16.17,16.17,"LINESTRING (77.180000 28.710000, 77.112962 28.761318, 77.050000 28.800000)"
10664,20664,NR,Mock Sarita Vihar - Shahdara 220 kV D/C Line 0664,220 kV,800,0.0,15.831,2,ACSR Moose,Twin,Intra-State,Mock South Delhi Transmission Co.,Under Construction,December 2027,TBCB,MOCK-NIP-00664,Yes,December 2027,2.0,Mock South Delhi Transmission Co.,24.0,2.0,18.0,"Mock coordinates: Sarita Vihar (28.53000N, 77.30000E) to Shahdara (28.67000N, 77.29000E)",220 kV (Under Construction),10664,Synthetic geometry constrained to approximate Delhi NCT study area,15.831,15.831,"LINESTRING (77.300000 28.530000, 77.306406 28.556300, 77.307158 28.605089, 77.298753 28.642289, 77.290000 28.670000)"
10665,20665,NR,Mock Patparganj - Mayur Vihar 220 kV S/C Line 0665,220 kV,250,178.6,3.743,1,ACSR Zebra,Twin,Intra-State,Mock Delhi Transmission Utility,Commissioned,2021,RTM,MOCK-NIP-00665,Yes,2021,1.0,Mock Delhi Transmission Utility,24.0,8.0,12.0,"Mock coordinates: Patparganj (28.63000N, 77.29000E) to Mayur Vihar (28.61000N, 77.30000E)",220 kV (Commissioned),10665,Synthetic geometry constrained to approximate Delhi NCT study area,3.743,3.743,"LINESTRING (77.290000 28.630000, 77.307100 28.607583, 77.300000 28.610000)"
10666,20666,NR,Mock Bamnoli - Dwarka 220 kV S/C Line 0666,220 kV,500,382.0,7.517,1,AAAC,Twin,Intra-State,Mock North Delhi Transmission Co.,Commissioned,2024,TBCB,MOCK-NIP-00666,Yes,2024,1.0,Mock North Delhi Transmission Co.,18.0,4.0,18.0,"Mock coordinates: Bamnoli (28.53000N, 77.00000E) to Dwarka (28.59000N, 77.03000E)",220 kV (Commissioned),10666,Synthetic geometry constrained to approximate Delhi NCT study area,7.517,7.517,"LINESTRING (77.000000 28.530000, 77.027143 28.564270, 77.030000 28.590000)"
10667,20667,NR,Mock Dwarka - Bamnoli 220 kV D/C Line 0667,220 kV,850,385.2,8.187,2,ACSR Zebra,Twin,Intra-State,Mock North Delhi Transmission Co.,Commissioned,2024,TBCB,MOCK-NIP-00667,No,2024,,,,,,"Mock coordinates: Dwarka (28.59000N, 77.03000E) to Bamnoli (28.53000N, 77.00000E)",220 kV (Commissioned),10667,Synthetic geometry constrained to approximate Delhi NCT study area,8.187,8.187,"LINESTRING (77.030000 28.590000, 77.032254 28.552781, 77.000000 28.530000)"
10668,20668,NR,Mock Mundka - Vasant Kunj 400 kV D/C Line 0668,400 kV,1850,1438.4,23.64,2,ACSR Zebra,Twin Moose,ISTS,Mock Inter-State Grid Delhi,Commissioned,2025,RTM,MOCK-NIP-00668,No,2025,,,,,,"Mock coordinates: Mundka (28.68000N, 76.98000E) to Vasant Kunj (28.54000N, 77.16000E)",400 kV (Commissioned),10668,Synthetic geometry constrained to approximate Delhi NCT study area,23.64,23.64,"LINESTRING (76.980000 28.680000, 77.072474 28.624813, 77.160000 28.540000)"
10669,20669,NR,Mock Wazirabad - Pusa 220 kV S/C Line 0669,220 kV,250,0.0,7.995,1,ACSR Moose,Single,Intra-State,Mock Delhi Transmission Utility,Under Construction,March 2025,RTM,MOCK-NIP-00669,No,March 2025,,,,,,"Mock coordinates: Wazirabad (28.71000N, 77.18000E) to Pusa (28.64000N, 77.17000E)",220 kV (Under Construction),10669,Synthetic geometry constrained to approximate Delhi NCT study area,7.995,7.995,"LINESTRING (77.180000 28.710000, 77.181287 28.692925, 77.180700 28.665593, 77.172280 28.650018, 77.170000 28.640000)"
10670,20670,NR,Mock Badarpur - Sarita Vihar 220 kV D/C Line 0670,220 kV,750,0.0,4.098,2,ACSR Zebra,Single,Intra-State,Mock South Delhi Transmission Co.,Under Construction,June 2027,TBCB,MOCK-NIP-00670,No,June 2027,,,,,,"Mock coordinates: Badarpur (28.50000N, 77.30000E) to Sarita Vihar (28.53000N, 77.30000E)",220 kV (Under Construction),10670,Synthetic geometry constrained to approximate Delhi NCT study area,4.098,4.098,"LINESTRING (77.300000 28.500000, 77.287859 28.516403, 77.300000 28.530000)"
10671,20671,NR,Mock Punjabi Bagh - Okhla 220 kV D/C Line 0671,220 kV,500,0.0,21.503,2,AAAC,Twin,Intra-State,Mock South Delhi Transmission Co.,Under Bidding,June 2026,TBCB,MOCK-NIP-00671,No,June 2026,,,,,,"Mock coordinates: Punjabi Bagh (28.67000N, 77.13000E) to Okhla (28.53000N, 77.28000E)",220 kV (Under Bidding),10671,Synthetic geometry constrained to approximate Delhi NCT study area,21.503,21.503,"LINESTRING (77.130000 28.670000, 77.161178 28.641274, 77.204372 28.597035, 77.258747 28.558585, 77.280000 28.530000)"
10672,20672,NR,Mock Punjabi Bagh - Lodhi Road 220 kV D/C Line 0672,220 kV,700,0.0,12.523,2,ACSR Moose,Twin,Intra-State,Mock Delhi Transmission Utility,Under Bidding,September 2028,RTM,MOCK-NIP-00672,Yes,September 2028,2.0,Mock Delhi Transmission Utility,18.0,8.0,12.0,"Mock coordinates: Punjabi Bagh (28.67000N, 77.13000E) to Lodhi Road (28.59000N, 77.22000E)",220 kV (Under Bidding),10672,Synthetic geometry constrained to approximate Delhi NCT study area,12.523,12.523,"LINESTRING (77.130000 28.670000, 77.164145 28.644173, 77.220000 28.590000)"
10673,20673,NR,Mock Mundka - Wazirabad 400 kV D/C Line 0673,400 kV,1950,1062.6,19.908,2,AL 59 Zebra,Quad,ISTS,Mock Delhi Transmission Utility,Commissioned,2025,TBCB,MOCK-NIP-00673,Yes,2025,2.0,Mock Delhi Transmission Utility,36.0,4.0,12.0,"Mock coordinates: Mundka (28.68000N, 76.98000E) to Wazirabad (28.71000N, 77.18000E)",400 kV (Commissioned),10673,Synthetic geometry constrained to approximate Delhi NCT study area,19.908,19.908,"LINESTRING (76.980000 28.680000, 77.016659 28.679603, 77.093786 28.689038, 77.144907 28.699600, 77.180000 28.710000)"
10674,20674,NR,Mock Sarita Vihar - Mahipalpur 220 kV D/C Line 0674,220 kV,600,0.0,16.973,2,ACSR Moose,Twin,Intra-State,Mock South Delhi Transmission Co.,Under Bidding,December 2028,TBCB,MOCK-NIP-00674,No,December 2028,,,,,,"Mock coordinates: Sarita Vihar (28.53000N, 77.30000E) to Mahipalpur (28.55000N, 77.13000E)",220 kV (Under Bidding),10674,Synthetic geometry constrained to approximate Delhi NCT study area,16.973,16.973,"LINESTRING (77.300000 28.530000, 77.208461 28.553058, 77.130000 28.550000)"
10675,20675,NR,Mock Narela - Mundka 220 kV S/C Line 0675,220 kV,300,0.0,22.065,1,ACSR Moose,Twin,Intra-State,Mock Delhi Transmission Utility,Under Construction,January 2028,TBCB,MOCK-NIP-00675,Yes,January 2028,1.0,Mock Delhi Transmission Utility,24.0,8.0,24.0,"Mock coordinates: Narela (28.85000N, 77.09000E) to Mundka (28.68000N, 76.98000E)",220 kV (Under Construction),10675,Synthetic geometry constrained to approximate Delhi NCT study area,22.065,22.065,"LINESTRING (77.090000 28.850000, 77.073956 28.816888, 77.048881 28.755345, 76.998128 28.707561, 76.980000 28.680000)"
10676,20676,NR,Mock Najafgarh - Mahipalpur 220 kV D/C Line 0676,220 kV,900,0.0,16.242,2,ACSR Moose,Twin,Intra-State,Mock North Delhi Transmission Co.,Planned,June 2025,RTM,MOCK-NIP-00676,Yes,June 2025,2.0,Mock North Delhi Transmission Co.,12.0,8.0,12.0,"Mock coordinates: Najafgarh (28.61000N, 76.98000E) to Mahipalpur (28.55000N, 77.13000E)",220 kV (Planned),10676,Synthetic geometry constrained to approximate Delhi NCT study area,16.242,16.242,"LINESTRING (76.980000 28.610000, 77.042427 28.574333, 77.130000 28.550000)"
10677,20677,NR,Mock Najafgarh - Bamnoli 220 kV D/C Line 0677,220 kV,800,503.2,9.457,2,AAAC,Twin,Intra-State,Mock Delhi Transmission Utility,Commissioned,2023,TBCB,MOCK-NIP-00677,No,2023,,,,,,"Mock coordinates: Najafgarh (28.61000N, 76.98000E) to Bamnoli (28.53000N, 77.00000E)",220 kV (Commissioned),10677,Synthetic geometry constrained to approximate Delhi NCT study area,9.457,9.457,"LINESTRING (76.980000 28.610000, 76.976635 28.570209, 77.000000 28.530000)"
10678,20678,NR,Mock Mayur Vihar - Pusa 400 kV D/C Line 0678,400 kV,1650,750.4,13.12,2,AL 59 Zebra,Quad,ISTS,Mock Inter-State Grid Delhi,Commissioned,2022,RTM,MOCK-NIP-00678,Yes,2022,2.0,Mock Inter-State Grid Delhi,36.0,8.0,12.0,"Mock coordinates: Mayur Vihar (28.61000N, 77.30000E) to Pusa (28.64000N, 77.17000E)",400 kV (Commissioned),10678,Synthetic geometry constrained to approximate Delhi NCT study area,13.12,13.12,"LINESTRING (77.300000 28.610000, 77.229062 28.626051, 77.170000 28.640000)"
10679,20679,NR,Mock Patparganj - Vasant Kunj 220 kV D/C Line 0679,220 kV,550,356.5,16.635,2,AAAC,Twin,Intra-State,Mock North Delhi Transmission Co.,Commissioned,2020,TBCB,MOCK-NIP-00679,No,2020,,,,,,"Mock coordinates: Patparganj (28.63000N, 77.29000E) to Vasant Kunj (28.54000N, 77.16000E)",220 kV (Commissioned),10679,Synthetic geometry constrained to approximate Delhi NCT study area,16.635,16.635,"LINESTRING (77.290000 28.630000, 77.208434 28.596037, 77.160000 28.540000)"
10680,20680,NR,Mock Vasant Kunj - Patparganj 220 kV S/C Line 0680,220 kV,400,261.1,16.171,1,ACSR Moose,Single,Intra-State,Mock Delhi Transmission Utility,Commissioned,2023,RTM,MOCK-NIP-00680,No,2023,,,,,,"Mock coordinates: Vasant Kunj (28.54000N, 77.16000E) to Patparganj (28.63000N, 77.29000E)",220 kV (Commissioned),10680,Synthetic geometry constrained to approximate Delhi NCT study area,16.171,16.171,"LINESTRING (77.160000 28.540000, 77.176132 28.550531, 77.222014 28.583403, 77.268988 28.614066, 77.290000 28.630000)"
10681,20681,NR,Mock Patparganj - Pusa 400 kV D/C Line 0681,400 kV,1750,1048.2,12.107,2,ACSR Zebra,Twin Moose,ISTS,Mock Inter-State Grid Delhi,Commissioned,2019,TBCB,MOCK-NIP-00681,Yes,2019,2.0,Mock Inter-State Grid Delhi,24.0,8.0,18.0,"Mock coordinates: Patparganj (28.63000N, 77.29000E) to Pusa (28.64000N, 77.17000E)",400 kV (Commissioned),10681,Synthetic geometry constrained to approximate Delhi NCT study area,12.107,12.107,"LINESTRING (77.290000 28.630000, 77.234221 28.647563, 77.170000 28.640000)"
10682,20682,NR,Mock Narela - Wazirabad 400 kV D/C Line 0682,400 kV,2300,0.0,17.978,2,AL 59 Zebra,Twin Moose,ISTS,Mock Delhi Transmission Utility,Planned,June 2025,TBCB,MOCK-NIP-00682,No,June 2025,,,,,,"Mock coordinates: Narela (28.85000N, 77.09000E) to Wazirabad (28.71000N, 77.18000E)",400 kV (Planned),10682,Synthetic geometry constrained to approximate Delhi NCT study area,17.978,17.978,"LINESTRING (77.090000 28.850000, 77.151213 28.772706, 77.180000 28.710000)"
10683,20683,NR,Mock Dwarka - Lodhi Road 220 kV S/C Line 0683,220 kV,300,144.6,18.728,1,ACSR Moose,Single,Intra-State,Mock Delhi Transmission Utility,Commissioned,2023,TBCB,MOCK-NIP-00683,No,2023,,,,,,"Mock coordinates: Dwarka (28.59000N, 77.03000E) to Lodhi Road (28.59000N, 77.22000E)",220 kV (Commissioned),10683,Synthetic geometry constrained to approximate Delhi NCT study area,18.728,18.728,"LINESTRING (77.030000 28.590000, 77.060431 28.586532, 77.116892 28.595666, 77.182696 28.588158, 77.220000 28.590000)"
10684,20684,NR,Mock Wazirabad - Mahipalpur 220 kV D/C Line 0684,220 kV,1000,491.8,18.587,2,ACSR Moose,Single,Intra-State,Mock North Delhi Transmission Co.,Commissioned,2020,RTM,MOCK-NIP-00684,Yes,2020,2.0,Mock North Delhi Transmission Co.,36.0,8.0,12.0,"Mock coordinates: Wazirabad (28.71000N, 77.18000E) to Mahipalpur (28.55000N, 77.13000E)",220 kV (Commissioned),10684,Synthetic geometry constrained to approximate Delhi NCT study area,18.587,18.587,"LINESTRING (77.180000 28.710000, 77.169119 28.686933, 77.145094 28.636270, 77.136595 28.579722, 77.130000 28.550000)"
10685,20685,NR,Mock Pusa - Najafgarh 220 kV S/C Line 0685,220 kV,350,0.0,18.995,1,ACSR Moose,Single,Intra-State,Mock South Delhi Transmission Co.,Under Construction,January 2028,TBCB,MOCK-NIP-00685,Yes,January 2028,1.0,Mock South Delhi Transmission Co.,18.0,4.0,24.0,"Mock coordinates: Pusa (28.64000N, 77.17000E) to Najafgarh (28.61000N, 76.98000E)",220 kV (Under Construction),10685,Synthetic geometry constrained to approximate Delhi NCT study area,18.995,18.995,"LINESTRING (77.170000 28.640000, 77.143157 28.637797, 77.081227 28.617671, 77.017006 28.613421, 76.980000 28.610000)"
10686,20686,NR,Mock Badarpur - Pusa 400 kV S/C Line 0686,400 kV,1200,461.0,20.226,1,ACSR Moose,Twin Moose,ISTS,Mock Delhi Transmission Utility,Commissioned,2022,RTM,MOCK-NIP-00686,Yes,2022,1.0,Mock Delhi Transmission Utility,18.0,8.0,24.0,"Mock coordinates: Badarpur (28.50000N, 77.30000E) to Pusa (28.64000N, 77.17000E)",400 kV (Commissioned),10686,Synthetic geometry constrained to approximate Delhi NCT study area,20.226,20.226,"LINESTRING (77.300000 28.500000, 77.282068 28.530383, 77.232535 28.584875, 77.191776 28.617523, 77.170000 28.640000)"
10687,20687,NR,Mock Shahdara - Mayur Vihar 220 kV D/C Line 0687,220 kV,850,0.0,6.949,2,ACSR Zebra,Single,Intra-State,Mock South Delhi Transmission Co.,Under Construction,September 2028,TBCB,MOCK-NIP-00687,No,September 2028,,,,,,"Mock coordinates: Shahdara (28.67000N, 77.29000E) to Mayur Vihar (28.61000N, 77.30000E)",220 kV (Under Construction),10687,Synthetic geometry constrained to approximate Delhi NCT study area,6.949,6.949,"LINESTRING (77.290000 28.670000, 77.304046 28.637545, 77.300000 28.610000)"
10688,20688,NR,Mock Patparganj - Vasant Kunj 220 kV D/C Line 0688,220 kV,700,474.7,16.253,2,ACSR Moose,Twin,Intra-State,Mock North Delhi Transmission Co.,Commissioned,2024,TBCB,MOCK-NIP-00688,No,2024,,,,,,"Mock coordinates: Patparganj (28.63000N, 77.29000E) to Vasant Kunj (28.54000N, 77.16000E)",220 kV (Commissioned),10688,Synthetic geometry constrained to approximate Delhi NCT study area,16.253,16.253,"LINESTRING (77.290000 28.630000, 77.236741 28.583484, 77.160000 28.540000)"
10689,20689,NR,Mock Shahdara - Pusa 220 kV S/C Line 0689,220 kV,300,123.7,12.436,1,AAAC,Single,Intra-State,Mock Delhi Transmission Utility,Commissioned,2023,RTM,MOCK-NIP-00689,No,2023,,,,,,"Mock coordinates: Shahdara (28.67000N, 77.29000E) to Pusa (28.64000N, 77.17000E)",220 kV (Commissioned),10689,Synthetic geometry constrained to approximate Delhi NCT study area,12.436,12.436,"LINESTRING (77.290000 28.670000, 77.266396 28.659845, 77.218799 28.640871, 77.182046 28.641152, 77.170000 28.640000)"
10690,20690,NR,Mock Narela - Ridge 220 kV D/C Line 0690,220 kV,750,0.0,20.487,2,ACSR Moose,Twin,Intra-State,Mock Delhi Transmission Utility,Under Construction,June 2026,RTM,MOCK-NIP-00690,No,June 2026,,,,,,"Mock coordinates: Narela (28.85000N, 77.09000E) to Ridge (28.68000N, 77.17000E)",220 kV (Under Construction),10690,Synthetic geometry constrained to approximate Delhi NCT study area,20.487,20.487,"LINESTRING (77.090000 28.850000, 77.131874 28.775903, 77.170000 28.680000)"
10691,20691,NR,Mock Rohini - Narela 220 kV S/C Line 0691,220 kV,450,0.0,12.64,1,ACSR Zebra,Twin,Intra-State,Mock North Delhi Transmission Co.,Under Bidding,September 2025,RTM,MOCK-NIP-00691,Yes,September 2025,1.0,Mock North Delhi Transmission Co.,36.0,8.0,12.0,"Mock coordinates: Rohini (28.74000N, 77.11000E) to Narela (28.85000N, 77.09000E)",220 kV (Under Bidding),10691,Synthetic geometry constrained to approximate Delhi NCT study area,12.64,12.64,"LINESTRING (77.110000 28.740000, 77.104047 28.764719, 77.089452 28.793835, 77.093369 28.836016, 77.090000 28.850000)"
10692,20692,NR,Mock Shahdara - Badarpur 220 kV S/C Line 0692,220 kV,350,231.4,19.12,1,AAAC,Single,Intra-State,Mock South Delhi Transmission Co.,Commissioned,2023,RTM,MOCK-NIP-00692,Yes,2023,1.0,Mock South Delhi Transmission Co.,36.0,8.0,18.0,"Mock coordinates: Shahdara (28.67000N, 77.29000E) to Badarpur (28.50000N, 77.30000E)",220 kV (Commissioned),10692,Synthetic geometry constrained to approximate Delhi NCT study area,19.12,19.12,"LINESTRING (77.290000 28.670000, 77.308801 28.586120, 77.300000 28.500000)"
10693,20693,NR,Mock Wazirabad - Mundka 400 kV S/C Line 0693,400 kV,1000,0.0,19.825,1,ACSR Moose,Twin Moose,ISTS,Mock Inter-State Grid Delhi,Under Construction,March 2028,TBCB,MOCK-NIP-00693,No,March 2028,,,,,,"Mock coordinates: Wazirabad (28.71000N, 77.18000E) to Mundka (28.68000N, 76.98000E)",400 kV (Under Construction),10693,Synthetic geometry constrained to approximate Delhi NCT study area,19.825,19.825,"LINESTRING (77.180000 28.710000, 77.067255 28.687875, 76.980000 28.680000)"
10694,20694,NR,Mock Okhla - Lodhi Road 400 kV D/C Line 0694,400 kV,1800,1045.8,8.92,2,AL 59 Zebra,Quad,Intra-State,Mock Inter-State Grid Delhi,Commissioned,2018,TBCB,MOCK-NIP-00694,No,2018,,,,,,"Mock coordinates: Okhla (28.53000N, 77.28000E) to Lodhi Road (28.59000N, 77.22000E)",400 kV (Commissioned),10694,Synthetic geometry constrained to approximate Delhi NCT study area,8.92,8.92,"LINESTRING (77.280000 28.530000, 77.256974 28.558747, 77.220000 28.590000)"
10695,20695,NR,Mock Mundka - Vasant Kunj 220 kV D/C Line 0695,220 kV,700,327.4,23.597,2,ACSR Moose,Single,Intra-State,Mock South Delhi Transmission Co.,Commissioned,2022,RTM,MOCK-NIP-00695,No,2022,,,,,,"Mock coordinates: Mundka (28.68000N, 76.98000E) to Vasant Kunj (28.54000N, 77.16000E)",220 kV (Commissioned),10695,Synthetic geometry constrained to approximate Delhi NCT study area,23.597,23.597,"LINESTRING (76.980000 28.680000, 77.062383 28.601631, 77.160000 28.540000)"
10696,20696,NR,Mock Mundka - Ridge 400 kV D/C Line 0696,400 kV,2000,0.0,18.703,2,AL 59 Zebra,Twin Moose,ISTS,Mock Delhi Transmission Utility,Under Construction,June 2025,RTM,MOCK-NIP-00696,No,June 2025,,,,,,"Mock coordinates: Mundka (28.68000N, 76.98000E) to Ridge (28.68000N, 77.17000E)",400 kV (Under Construction),10696,Synthetic geometry constrained to approximate Delhi NCT study area,18.703,18.703,"LINESTRING (76.980000 28.680000, 77.085987 28.668857, 77.170000 28.680000)"
10697,20697,NR,Mock Lodhi Road - Punjabi Bagh 220 kV D/C Line 0697,220 kV,850,0.0,12.575,2,ACSR Zebra,Single,Intra-State,Mock South Delhi Transmission Co.,Under Construction,June 2025,TBCB,MOCK-NIP-00697,Yes,June 2025,2.0,Mock South Delhi Transmission Co.,18.0,6.0,12.0,"Mock coordinates: Lodhi Road (28.59000N, 77.22000E) to Punjabi Bagh (28.67000N, 77.13000E)",220 kV (Under Construction),10697,Synthetic geometry constrained to approximate Delhi NCT study area,12.575,12.575,"LINESTRING (77.220000 28.590000, 77.201194 28.601114, 77.171610 28.633554, 77.148795 28.655015, 77.130000 28.670000)"
10698,20698,NR,Mock Bamnoli - Mundka 400 kV D/C Line 0698,400 kV,1550,750.8,16.847,2,AL 59 Zebra,Quad,ISTS,Mock Delhi Transmission Utility,Commissioned,2024,RTM,MOCK-NIP-00698,No,2024,,,,,,"Mock coordinates: Bamnoli (28.53000N, 77.00000E) to Mundka (28.68000N, 76.98000E)",400 kV (Commissioned),10698,Synthetic geometry constrained to approximate Delhi NCT study area,16.847,16.847,"LINESTRING (77.000000 28.530000, 76.982019 28.613340, 76.980000 28.680000)"
10699,20699,NR,Mock Okhla - Patparganj 400 kV S/C Line 0699,400 kV,1150,0.0,11.575,1,ACSR Moose,Twin Moose,ISTS,Mock Delhi Transmission Utility,Planned,March 2027,TBCB,MOCK-NIP-00699,No,March 2027,,,,,,"Mock coordinates: Okhla (28.53000N, 77.28000E) to Patparganj (28.63000N, 77.29000E)",400 kV (Planned),10699,Synthetic geometry constrained to approximate Delhi NCT study area,11.575,11.575,"LINESTRING (77.280000 28.530000, 77.269419 28.581599, 77.290000 28.630000)"
10700,20700,NR,Mock Bamnoli - Najafgarh 400 kV S/C Line 0700,400 kV,950,0.0,9.347,1,ACSR Moose,Twin Moose,ISTS,Mock Delhi Transmission Utility,Planned,December 2029,TBCB,MOCK-NIP-00700,Yes,December 2029,1.0,Mock Delhi Transmission Utility,12.0,2.0,18.0,"Mock coordinates: Bamnoli (28.53000N, 77.00000E) to Najafgarh (28.61000N, 76.98000E)",400 kV (Planned),10700,Synthetic geometry constrained to approximate Delhi NCT study area,9.347,9.347,"LINESTRING (77.000000 28.530000, 77.000199 28.544162, 76.996827 28.568682, 76.980986 28.591819, 76.980000 28.610000)"
10701,20701,NR,Mock Rohini - Bamnoli 220 kV S/C Line 0701,220 kV,450,0.0,25.701,1,AAAC,Twin,Intra-State,Mock North Delhi Transmission Co.,Under Construction,March 2028,RTM,MOCK-NIP-00701,No,March 2028,,,,,,"Mock coordinates: Rohini (28.74000N, 77.11000E) to Bamnoli (28.53000N, 77.00000E)",220 kV (Under Construction),10701,Synthetic geometry constrained to approximate Delhi NCT study area,25.701,25.701,"LINESTRING (77.110000 28.740000, 77.054219 28.633257, 77.000000 28.530000)"
10702,20702,NR,Mock Ridge - Patparganj 220 kV S/C Line 0702,220 kV,350,285.9,12.962,1,ACSR Moose,Single,Intra-State,Mock North Delhi Transmission Co.,Commissioned,2021,TBCB,MOCK-NIP-00702,No,2021,,,,,,"Mock coordinates: Ridge (28.68000N, 77.17000E) to Patparganj (28.63000N, 77.29000E)",220 kV (Commissioned),10702,Synthetic geometry constrained to approximate Delhi NCT study area,12.962,12.962,"LINESTRING (77.170000 28.680000, 77.247721 28.647552, 77.290000 28.630000)"
10703,20703,NR,Mock Okhla - Vasant Kunj 220 kV S/C Line 0703,220 kV,350,136.4,11.776,1,ACSR Zebra,Twin,Intra-State,Mock North Delhi Transmission Co.,Commissioned,2022,TBCB,MOCK-NIP-00703,No,2022,,,,,,"Mock coordinates: Okhla (28.53000N, 77.28000E) to Vasant Kunj (28.54000N, 77.16000E)",220 kV (Commissioned),10703,Synthetic geometry constrained to approximate Delhi NCT study area,11.776,11.776,"LINESTRING (77.280000 28.530000, 77.226402 28.535092, 77.160000 28.540000)"
10704,20704,NR,Mock Wazirabad - Mayur Vihar 220 kV S/C Line 0704,220 kV,500,0.0,16.148,1,AAAC,Single,Intra-State,Mock Delhi Transmission Utility,Under Bidding,January 2028,TBCB,MOCK-NIP-00704,No,January 2028,,,,,,"Mock coordinates: Wazirabad (28.71000N, 77.18000E) to Mayur Vihar (28.61000N, 77.30000E)",220 kV (Under Bidding),10704,Synthetic geometry constrained to approximate Delhi NCT study area,16.148,16.148,"LINESTRING (77.180000 28.710000, 77.234328 28.665609, 77.300000 28.610000)"
10705,20705,NR,Mock Vasant Kunj - Mahipalpur 220 kV D/C Line 0705,220 kV,800,0.0,4.099,2,ACSR Moose,Single,Intra-State,Mock North Delhi Transmission Co.,Under Construction,June 2027,TBCB,MOCK-NIP-00705,Yes,June 2027,2.0,Mock North Delhi Transmission Co.,18.0,6.0,18.0,"Mock coordinates: Vasant Kunj (28.54000N, 77.16000E) to Mahipalpur (28.55000N, 77.13000E)",220 kV (Under Construction),10705,Synthetic geometry constrained to approximate Delhi NCT study area,4.099,4.099,"LINESTRING (77.160000 28.540000, 77.158841 28.541553, 77.147556 28.534638, 77.140373 28.545945, 77.130000 28.550000)"
10706,20706,NR,Mock Badarpur - Punjabi Bagh 400 kV S/C Line 0706,400 kV,900,0.0,25.223,1,AL 59 Zebra,Quad,Intra-State,Mock Inter-State Grid Delhi,Under Bidding,September 2026,RTM,MOCK-NIP-00706,No,September 2026,,,,,,"Mock coordinates: Badarpur (28.50000N, 77.30000E) to Punjabi Bagh (28.67000N, 77.13000E)",400 kV (Under Bidding),10706,Synthetic geometry constrained to approximate Delhi NCT study area,25.223,25.223,"LINESTRING (77.300000 28.500000, 77.208352 28.579241, 77.130000 28.670000)"
10707,20707,NR,Mock Narela - Mundka 220 kV S/C Line 0707,220 kV,250,0.0,21.907,1,ACSR Zebra,Twin,Intra-State,Mock South Delhi Transmission Co.,Under Bidding,March 2026,TBCB,MOCK-NIP-00707,No,March 2026,,,,,,"Mock coordinates: Narela (28.85000N, 77.09000E) to Mundka (28.68000N, 76.98000E)",220 kV (Under Bidding),10707,Synthetic geometry constrained to approximate Delhi NCT study area,21.907,21.907,"LINESTRING (77.090000 28.850000, 77.065560 28.820387, 77.024510 28.771500, 76.999070 28.709933, 76.980000 28.680000)"
10708,20708,NR,Mock Okhla - Pusa 765 kV S/C Line 0708,765 kV,2700,0.0,16.301,1,AL 59 Zebra,Hexa,ISTS,Mock Powergrid Delhi,Under Bidding,January 2025,TBCB,MOCK-NIP-00708,Yes,January 2025,1.0,Mock Powergrid Delhi,24.0,6.0,18.0,"Mock coordinates: Okhla (28.53000N, 77.28000E) to Pusa (28.64000N, 77.17000E)",765 kV (Under Bidding),10708,Synthetic geometry constrained to approximate Delhi NCT study area,16.301,16.301,"LINESTRING (77.280000 28.530000, 77.224269 28.591638, 77.170000 28.640000)"
10709,20709,NR,Mock Vasant Kunj - Najafgarh 220 kV S/C Line 0709,220 kV,500,361.2,19.501,1,AAAC,Single,Intra-State,Mock North Delhi Transmission Co.,Commissioned,2022,RTM,MOCK-NIP-00709,Yes,2022,1.0,Mock North Delhi Transmission Co.,12.0,4.0,12.0,"Mock coordinates: Vasant Kunj (28.54000N, 77.16000E) to Najafgarh (28.61000N, 76.98000E)",220 kV (Commissioned),10709,Synthetic geometry constrained to approximate Delhi NCT study area,19.501,19.501,"LINESTRING (77.160000 28.540000, 77.133871 28.559038, 77.068986 28.586425, 77.015037 28.606236, 76.980000 28.610000)"
10710,20710,NR,Mock Okhla - Punjabi Bagh 220 kV D/C Line 0710,220 kV,500,390.3,21.379,2,ACSR Moose,Single,Intra-State,Mock North Delhi Transmission Co.,Commissioned,2018,TBCB,MOCK-NIP-00710,Yes,2018,2.0,Mock North Delhi Transmission Co.,18.0,2.0,24.0,"Mock coordinates: Okhla (28.53000N, 77.28000E) to Punjabi Bagh (28.67000N, 77.13000E)",220 kV (Commissioned),10710,Synthetic geometry constrained to approximate Delhi NCT study area,21.379,21.379,"LINESTRING (77.280000 28.530000, 77.200004 28.608181, 77.130000 28.670000)"
10711,20711,NR,Mock Shahdara - Pusa 220 kV S/C Line 0711,220 kV,500,0.0,12.424,1,AAAC,Single,Intra-State,Mock North Delhi Transmission Co.,Planned,January 2025,TBCB,MOCK-NIP-00711,Yes,January 2025,1.0,Mock North Delhi Transmission Co.,12.0,2.0,24.0,"Mock coordinates: Shahdara (28.67000N, 77.29000E) to Pusa (28.64000N, 77.17000E)",220 kV (Planned),10711,Synthetic geometry constrained to approximate Delhi NCT study area,12.424,12.424,"LINESTRING (77.290000 28.670000, 77.268034 28.669563, 77.226267 28.654591, 77.189841 28.639301, 77.170000 28.640000)"
10712,20712,NR,Mock Najafgarh - Lodhi Road 220 kV S/C Line 0712,220 kV,400,0.0,23.672,1,ACSR Moose,Single,Intra-State,Mock South Delhi Transmission Co.,Under Construction,June 2026,TBCB,MOCK-NIP-00712,No,June 2026,,,,,,"Mock coordinates: Najafgarh (28.61000N, 76.98000E) to Lodhi Road (28.59000N, 77.22000E)",220 kV (Under Construction),10712,Synthetic geometry constrained to approximate Delhi NCT study area,23.672,23.672,"LINESTRING (76.980000 28.610000, 77.112467 28.587632, 77.220000 28.590000)"
10713,20713,NR,Mock Rohini - Dwarka 400 kV D/C Line 0713,400 kV,1850,0.0,18.468,2,ACSR Moose,Quad,ISTS,Mock Inter-State Grid Delhi,Under Bidding,March 2025,TBCB,MOCK-NIP-00713,Yes,March 2025,2.0,Mock Inter-State Grid Delhi,18.0,6.0,12.0,"Mock coordinates: Rohini (28.74000N, 77.11000E) to Dwarka (28.59000N, 77.03000E)",400 kV (Under Bidding),10713,Synthetic geometry constrained to approximate Delhi NCT study area,18.468,18.468,"LINESTRING (77.110000 28.740000, 77.075322 28.660194, 77.030000 28.590000)"
10714,20714,NR,Mock Ridge - Okhla 220 kV S/C Line 0714,220 kV,300,0.0,20.008,1,AAAC,Twin,Intra-State,Mock Delhi Transmission Utility,Under Bidding,January 2029,TBCB,MOCK-NIP-00714,Yes,January 2029,1.0,Mock Delhi Transmission Utility,18.0,6.0,12.0,"Mock coordinates: Ridge (28.68000N, 77.17000E) to Okhla (28.53000N, 77.28000E)",220 kV (Under Bidding),10714,Synthetic geometry constrained to approximate Delhi NCT study area,20.008,20.008,"LINESTRING (77.170000 28.680000, 77.193516 28.660467, 77.226165 28.609608, 77.265877 28.560442, 77.280000 28.530000)"
10715,20715,NR,Mock Okhla - Punjabi Bagh 220 kV D/C Line 0715,220 kV,950,696.2,21.5,2,ACSR Zebra,Single,Intra-State,Mock North Delhi Transmission Co.,Commissioned,2021,RTM,MOCK-NIP-00715,No,2021,,,,,,"Mock coordinates: Okhla (28.53000N, 77.28000E) to Punjabi Bagh (28.67000N, 77.13000E)",220 kV (Commissioned),10715,Synthetic geometry constrained to approximate Delhi NCT study area,21.5,21.5,"LINESTRING (77.280000 28.530000, 77.249058 28.550757, 77.198352 28.591903, 77.151176 28.647902, 77.130000 28.670000)"
10716,20716,NR,Mock Sarita Vihar - Wazirabad 400 kV S/C Line 0716,400 kV,850,561.1,23.274,1,AL 59 Zebra,Quad,ISTS,Mock Delhi Transmission Utility,Commissioned,2024,RTM,MOCK-NIP-00716,No,2024,,,,,,"Mock coordinates: Sarita Vihar (28.53000N, 77.30000E) to Wazirabad (28.71000N, 77.18000E)",400 kV (Commissioned),10716,Synthetic geometry constrained to approximate Delhi NCT study area,23.274,23.274,"LINESTRING (77.300000 28.530000, 77.276896 28.564215, 77.238085 28.616975, 77.195444 28.673543, 77.180000 28.710000)"
10717,20717,NR,Mock Rohini - Mayur Vihar 220 kV D/C Line 0717,220 kV,950,0.0,23.506,2,ACSR Zebra,Single,Intra-State,Mock North Delhi Transmission Co.,Under Bidding,June 2028,RTM,MOCK-NIP-00717,Yes,June 2028,2.0,Mock North Delhi Transmission Co.,18.0,2.0,24.0,"Mock coordinates: Rohini (28.74000N, 77.11000E) to Mayur Vihar (28.61000N, 77.30000E)",220 kV (Under Bidding),10717,Synthetic geometry constrained to approximate Delhi NCT study area,23.506,23.506,"LINESTRING (77.110000 28.740000, 77.204207 28.675262, 77.300000 28.610000)"
10718,20718,NR,Mock Sarita Vihar - Patparganj 400 kV S/C Line 0718,400 kV,900,610.4,11.629,1,AL 59 Zebra,Twin Moose,ISTS,Mock Delhi Transmission Utility,Commissioned,2020,RTM,MOCK-NIP-00718,No,2020,,,,,,"Mock coordinates: Sarita Vihar (28.53000N, 77.30000E) to Patparganj (28.63000N, 77.29000E)",400 kV (Commissioned),10718,Synthetic geometry constrained to approximate Delhi NCT study area,11.629,11.629,"LINESTRING (77.300000 28.530000, 77.277571 28.593927, 77.290000 28.630000)"
10719,20719,NR,Mock Bawana - Narela 220 kV D/C Line 0719,220 kV,1000,0.0,6.996,2,AAAC,Twin,Intra-State,Mock North Delhi Transmission Co.,Under Bidding,June 2026,RTM,MOCK-NIP-00719,Yes,June 2026,2.0,Mock North Delhi Transmission Co.,12.0,4.0,12.0,"Mock coordinates: Bawana (28.80000N, 77.05000E) to Narela (28.85000N, 77.09000E)",220 kV (Under Bidding),10719,Synthetic geometry constrained to approximate Delhi NCT study area,6.996,6.996,"LINESTRING (77.050000 28.800000, 77.073463 28.816295, 77.090000 28.850000)"
10720,20720,NR,Mock Mayur Vihar - Mahipalpur 220 kV D/C Line 0720,220 kV,1000,748.9,17.936,2,ACSR Zebra,Single,Intra-State,Mock Delhi Transmission Utility,Commissioned,2024,TBCB,MOCK-NIP-00720,Yes,2024,2.0,Mock Delhi Transmission Utility,12.0,8.0,24.0,"Mock coordinates: Mayur Vihar (28.61000N, 77.30000E) to Mahipalpur (28.55000N, 77.13000E)",220 kV (Commissioned),10720,Synthetic geometry constrained to approximate Delhi NCT study area,17.936,17.936,"LINESTRING (77.300000 28.610000, 77.208018 28.583759, 77.130000 28.550000)"
10721,20721,NR,Mock Lodhi Road - Bamnoli 220 kV S/C Line 0721,220 kV,500,211.4,22.627,1,ACSR Zebra,Single,Intra-State,Mock North Delhi Transmission Co.,Commissioned,2018,TBCB,MOCK-NIP-00721,No,2018,,,,,,"Mock coordinates: Lodhi Road (28.59000N, 77.22000E) to Bamnoli (28.53000N, 77.00000E)",220 kV (Commissioned),10721,Synthetic geometry constrained to approximate Delhi NCT study area,22.627,22.627,"LINESTRING (77.220000 28.590000, 77.097694 28.545448, 77.000000 28.530000)"
10722,20722,NR,Mock Vasant Kunj - Ridge 220 kV S/C Line 0722,220 kV,500,332.2,15.616,1,ACSR Zebra,Twin,Intra-State,Mock South Delhi Transmission Co.,Commissioned,2019,RTM,MOCK-NIP-00722,No,2019,,,,,,"Mock coordinates: Vasant Kunj (28.54000N, 77.16000E) to Ridge (28.68000N, 77.17000E)",220 kV (Commissioned),10722,Synthetic geometry constrained to approximate Delhi NCT study area,15.616,15.616,"LINESTRING (77.160000 28.540000, 77.163242 28.567117, 77.163902 28.622086, 77.169229 28.662326, 77.170000 28.680000)"
10723,20723,NR,Mock Sarita Vihar - Okhla 400 kV D/C Line 0723,400 kV,1850,0.0,4.493,2,AL 59 Zebra,Twin Moose,ISTS,Mock Delhi Transmission Utility,Under Construction,September 2025,TBCB,MOCK-NIP-00723,No,September 2025,,,,,,"Mock coordinates: Sarita Vihar (28.53000N, 77.30000E) to Okhla (28.53000N, 77.28000E)",400 kV (Under Construction),10723,Synthetic geometry constrained to approximate Delhi NCT study area,4.493,4.493,"LINESTRING (77.300000 28.530000, 77.297591 28.527767, 77.303929 28.518157, 77.286319 28.531542, 77.280000 28.530000)"
10724,20724,NR,Mock Dwarka - Bamnoli 220 kV D/C Line 0724,220 kV,850,335.5,8.082,2,ACSR Zebra,Single,Intra-State,Mock South Delhi Transmission Co.,Commissioned,2024,TBCB,MOCK-NIP-00724,No,2024,,,,,,"Mock coordinates: Dwarka (28.59000N, 77.03000E) to Bamnoli (28.53000N, 77.00000E)",220 kV (Commissioned),10724,Synthetic geometry constrained to approximate Delhi NCT study area,8.082,8.082,"LINESTRING (77.030000 28.590000, 76.997516 28.564039, 77.000000 28.530000)"
10725,20725,NR,Mock Patparganj - Mahipalpur 400 kV D/C Line 0725,400 kV,1950,1369.4,18.019,2,AL 59 Zebra,Quad,ISTS,Mock Delhi Transmission Utility,Commissioned,2019,TBCB,MOCK-NIP-00725,Yes,2019,2.0,Mock Delhi Transmission Utility,24.0,6.0,12.0,"Mock coordinates: Patparganj (28.63000N, 77.29000E) to Mahipalpur (28.55000N, 77.13000E)",400 kV (Commissioned),10725,Synthetic geometry constrained to approximate Delhi NCT study area,18.019,18.019,"LINESTRING (77.290000 28.630000, 77.208315 28.582884, 77.130000 28.550000)"
10726,20726,NR,Mock Badarpur - Patparganj 220 kV D/C Line 0726,220 kV,550,429.1,14.641,2,ACSR Moose,Twin,Intra-State,Mock North Delhi Transmission Co.,Commissioned,2021,RTM,MOCK-NIP-00726,No,2021,,,,,,"Mock coordinates: Badarpur (28.50000N, 77.30000E) to Patparganj (28.63000N, 77.29000E)",220 kV (Commissioned),10726,Synthetic geometry constrained to approximate Delhi NCT study area,14.641,14.641,"LINESTRING (77.300000 28.500000, 77.296768 28.527119, 77.300123 28.578943, 77.288877 28.612735, 77.290000 28.630000)"
10727,20727,NR,Mock Mundka - Pusa 220 kV S/C Line 0727,220 kV,350,248.1,19.403,1,AAAC,Single,Intra-State,Mock South Delhi Transmission Co.,Commissioned,2020,RTM,MOCK-NIP-00727,No,2020,,,,,,"Mock coordinates: Mundka (28.68000N, 76.98000E) to Pusa (28.64000N, 77.17000E)",220 kV (Commissioned),10727,Synthetic geometry constrained to approximate Delhi NCT study area,19.403,19.403,"LINESTRING (76.980000 28.680000, 77.064987 28.645502, 77.170000 28.640000)"
10728,20728,NR,Mock Badarpur - Vasant Kunj 220 kV S/C Line 0728,220 kV,300,140.5,14.698,1,ACSR Zebra,Single,Intra-State,Mock South Delhi Transmission Co.,Commissioned,2022,TBCB,MOCK-NIP-00728,No,2022,,,,,,"Mock coordinates: Badarpur (28.50000N, 77.30000E) to Vasant Kunj (28.54000N, 77.16000E)",220 kV (Commissioned),10728,Synthetic geometry constrained to approximate Delhi NCT study area,14.698,14.698,"LINESTRING (77.300000 28.500000, 77.215605 28.509969, 77.160000 28.540000)"
10729,20729,NR,Mock Sarita Vihar - Mayur Vihar 220 kV D/C Line 0729,220 kV,900,689.1,9.542,2,ACSR Zebra,Twin,Intra-State,Mock North Delhi Transmission Co.,Commissioned,2020,TBCB,MOCK-NIP-00729,Yes,2020,2.0,Mock North Delhi Transmission Co.,18.0,8.0,12.0,"Mock coordinates: Sarita Vihar (28.53000N, 77.30000E) to Mayur Vihar (28.61000N, 77.30000E)",220 kV (Commissioned),10729,Synthetic geometry constrained to approximate Delhi NCT study area,9.542,9.542,"LINESTRING (77.300000 28.530000, 77.316992 28.581812, 77.300000 28.610000)"
10730,20730,NR,Mock Bamnoli - Vasant Kunj 220 kV D/C Line 0730,220 kV,750,460.2,15.692,2,AAAC,Twin,Intra-State,Mock North Delhi Transmission Co.,Commissioned,2020,RTM,MOCK-NIP-00730,No,2020,,,,,,"Mock coordinates: Bamnoli (28.53000N, 77.00000E) to Vasant Kunj (28.54000N, 77.16000E)",220 kV (Commissioned),10730,Synthetic geometry constrained to approximate Delhi NCT study area,15.692,15.692,"LINESTRING (77.000000 28.530000, 77.090307 28.539383, 77.160000 28.540000)"
10731,20731,NR,Mock Dwarka - Pusa 400 kV D/C Line 0731,400 kV,1800,1341.7,14.761,2,ACSR Moose,Quad,ISTS,Mock Inter-State Grid Delhi,Commissioned,2025,RTM,MOCK-NIP-00731,No,2025,,,,,,"Mock coordinates: Dwarka (28.59000N, 77.03000E) to Pusa (28.64000N, 77.17000E)",400 kV (Commissioned),10731,Synthetic geometry constrained to approximate Delhi NCT study area,14.761,14.761,"LINESTRING (77.030000 28.590000, 77.087127 28.608264, 77.170000 28.640000)"
10732,20732,NR,Mock Okhla - Vasant Kunj 220 kV D/C Line 0732,220 kV,700,547.5,12.12,2,AAAC,Twin,Intra-State,Mock Delhi Transmission Utility,Commissioned,2019,TBCB,MOCK-NIP-00732,No,2019,,,,,,"Mock coordinates: Okhla (28.53000N, 77.28000E) to Vasant Kunj (28.54000N, 77.16000E)",220 kV (Commissioned),10732,Synthetic geometry constrained to approximate Delhi NCT study area,12.12,12.12,"LINESTRING (77.280000 28.530000, 77.236182 28.521229, 77.160000 28.540000)"
10733,20733,NR,Mock Punjabi Bagh - Badarpur 400 kV D/C Line 0733,400 kV,2150,1732.1,25.157,2,ACSR Zebra,Quad,ISTS,Mock Delhi Transmission Utility,Commissioned,2023,TBCB,MOCK-NIP-00733,No,2023,,,,,,"Mock coordinates: Punjabi Bagh (28.67000N, 77.13000E) to Badarpur (28.50000N, 77.30000E)",400 kV (Commissioned),10733,Synthetic geometry constrained to approximate Delhi NCT study area,25.157,25.157,"LINESTRING (77.130000 28.670000, 77.205687 28.595499, 77.300000 28.500000)"
10734,20734,NR,Mock Mahipalpur - Patparganj 220 kV D/C Line 0734,220 kV,700,495.9,17.999,2,AAAC,Single,Intra-State,Mock North Delhi Transmission Co.,Commissioned,2024,TBCB,MOCK-NIP-00734,Yes,2024,2.0,Mock North Delhi Transmission Co.,36.0,2.0,24.0,"Mock coordinates: Mahipalpur (28.55000N, 77.13000E) to Patparganj (28.63000N, 77.29000E)",220 kV (Commissioned),10734,Synthetic geometry constrained to approximate Delhi NCT study area,17.999,17.999,"LINESTRING (77.130000 28.550000, 77.194991 28.578034, 77.290000 28.630000)"
10735,20735,NR,Mock Wazirabad - Punjabi Bagh 400 kV D/C Line 0735,400 kV,1900,0.0,7.261,2,ACSR Zebra,Quad,ISTS,Mock Delhi Transmission Utility,Under Bidding,December 2029,TBCB,MOCK-NIP-00735,No,December 2029,,,,,,"Mock coordinates: Wazirabad (28.71000N, 77.18000E) to Punjabi Bagh (28.67000N, 77.13000E)",400 kV (Under Bidding),10735,Synthetic geometry constrained to approximate Delhi NCT study area,7.261,7.261,"LINESTRING (77.180000 28.710000, 77.170650 28.710099, 77.167175 28.694280, 77.139875 28.679460, 77.130000 28.670000)"
10736,20736,NR,Mock Sarita Vihar - Punjabi Bagh 220 kV S/C Line 0736,220 kV,250,146.5,22.839,1,ACSR Zebra,Single,Intra-State,Mock North Delhi Transmission Co.,Commissioned,2022,RTM,MOCK-NIP-00736,Yes,2022,1.0,Mock North Delhi Transmission Co.,24.0,6.0,18.0,"Mock coordinates: Sarita Vihar (28.53000N, 77.30000E) to Punjabi Bagh (28.67000N, 77.13000E)",220 kV (Commissioned),10736,Synthetic geometry constrained to approximate Delhi NCT study area,22.839,22.839,"LINESTRING (77.300000 28.530000, 77.219612 28.608329, 77.130000 28.670000)"
10737,20737,NR,Mock Bamnoli - Dwarka 765 kV D/C Line 0737,765 kV,3700,0.0,7.348,2,ACSR / AAAC / AL59,Hexa,Intra-State,Mock Inter-State Grid Delhi,Under Bidding,March 2027,RTM,MOCK-NIP-00737,No,March 2027,,,,,,"Mock coordinates: Bamnoli (28.53000N, 77.00000E) to Dwarka (28.59000N, 77.03000E)",765 kV (Under Bidding),10737,Synthetic geometry constrained to approximate Delhi NCT study area,7.348,7.348,"LINESTRING (77.000000 28.530000, 77.013056 28.546434, 77.030000 28.590000)"
10738,20738,NR,Mock Rohini - Patparganj 765 kV D/C Line 0738,765 kV,3950,0.0,21.403,2,ACSR / AAAC / AL59,Hexa,ISTS,Mock Inter-State Grid Delhi,Under Bidding,September 2026,RTM,MOCK-NIP-00738,No,September 2026,,,,,,"Mock coordinates: Rohini (28.74000N, 77.11000E) to Patparganj (28.63000N, 77.29000E)",765 kV (Under Bidding),10738,Synthetic geometry constrained to approximate Delhi NCT study area,21.403,21.403,"LINESTRING (77.110000 28.740000, 77.194665 28.686147, 77.290000 28.630000)"
10739,20739,NR,Mock Mayur Vihar - Okhla 220 kV S/C Line 0739,220 kV,300,227.5,9.166,1,AAAC,Single,Intra-State,Mock Delhi Transmission Utility,Commissioned,2020,RTM,MOCK-NIP-00739,No,2020,,,,,,"Mock coordinates: Mayur Vihar (28.61000N, 77.30000E) to Okhla (28.53000N, 77.28000E)",220 kV (Commissioned),10739,Synthetic geometry constrained to approximate Delhi NCT study area,9.166,9.166,"LINESTRING (77.300000 28.610000, 77.284132 28.568133, 77.280000 28.530000)"
10740,20740,NR,Mock Sarita Vihar - Lodhi Road 400 kV D/C Line 0740,400 kV,2000,1611.2,10.443,2,AL 59 Zebra,Quad,ISTS,Mock Inter-State Grid Delhi,Commissioned,2019,RTM,MOCK-NIP-00740,No,2019,,,,,,"Mock coordinates: Sarita Vihar (28.53000N, 77.30000E) to Lodhi Road (28.59000N, 77.22000E)",400 kV (Commissioned),10740,Synthetic geometry constrained to approximate Delhi NCT study area,10.443,10.443,"LINESTRING (77.300000 28.530000, 77.289641 28.541859, 77.267043 28.550959, 77.235321 28.573496, 77.220000 28.590000)"
10741,20741,NR,Mock Bamnoli - Okhla 220 kV S/C Line 0741,220 kV,450,243.4,27.472,1,ACSR Zebra,Twin,Intra-State,Mock Delhi Transmission Utility,Commissioned,2025,RTM,MOCK-NIP-00741,Yes,2025,1.0,Mock Delhi Transmission Utility,36.0,8.0,24.0,"Mock coordinates: Bamnoli (28.53000N, 77.00000E) to Okhla (28.53000N, 77.28000E)",220 kV (Commissioned),10741,Synthetic geometry constrained to approximate Delhi NCT study area,27.472,27.472,"LINESTRING (77.000000 28.530000, 77.059021 28.521648, 77.151741 28.522377, 77.231803 28.529673, 77.280000 28.530000)"
10742,20742,NR,Mock Pusa - Punjabi Bagh 220 kV D/C Line 0742,220 kV,800,0.0,5.947,2,ACSR Moose,Single,Intra-State,Mock South Delhi Transmission Co.,Under Construction,June 2027,TBCB,MOCK-NIP-00742,No,June 2027,,,,,,"Mock coordinates: Pusa (28.64000N, 77.17000E) to Punjabi Bagh (28.67000N, 77.13000E)",220 kV (Under Construction),10742,Synthetic geometry constrained to approximate Delhi NCT study area,5.947,5.947,"LINESTRING (77.170000 28.640000, 77.138921 28.645582, 77.130000 28.670000)"
10743,20743,NR,Mock Bamnoli - Mahipalpur 220 kV S/C Line 0743,220 kV,250,0.0,13.2,1,AAAC,Single,Intra-State,Mock South Delhi Transmission Co.,Under Bidding,January 2027,RTM,MOCK-NIP-00743,Yes,January 2027,1.0,Mock South Delhi Transmission Co.,18.0,6.0,24.0,"Mock coordinates: Bamnoli (28.53000N, 77.00000E) to Mahipalpur (28.55000N, 77.13000E)",220 kV (Under Bidding),10743,Synthetic geometry constrained to approximate Delhi NCT study area,13.2,13.2,"LINESTRING (77.000000 28.530000, 77.066453 28.527311, 77.130000 28.550000)"
10744,20744,NR,Mock Pusa - Bamnoli 220 kV D/C Line 0744,220 kV,700,431.3,20.683,2,ACSR Zebra,Twin,Intra-State,Mock Delhi Transmission Utility,Commissioned,2019,TBCB,MOCK-NIP-00744,No,2019,,,,,,"Mock coordinates: Pusa (28.64000N, 77.17000E) to Bamnoli (28.53000N, 77.00000E)",220 kV (Commissioned),10744,Synthetic geometry constrained to approximate Delhi NCT study area,20.683,20.683,"LINESTRING (77.170000 28.640000, 77.141238 28.621495, 77.083750 28.587228, 77.028547 28.555468, 77.000000 28.530000)"
10745,20745,NR,Mock Mahipalpur - Badarpur 220 kV S/C Line 0745,220 kV,400,0.0,17.686,1,ACSR Moose,Single,Intra-State,Mock Delhi Transmission Utility,Planned,December 2026,TBCB,MOCK-NIP-00745,Yes,December 2026,1.0,Mock Delhi Transmission Utility,36.0,4.0,24.0,"Mock coordinates: Mahipalpur (28.55000N, 77.13000E) to Badarpur (28.50000N, 77.30000E)",220 kV (Planned),10745,Synthetic geometry constrained to approximate Delhi NCT study area,17.686,17.686,"LINESTRING (77.130000 28.550000, 77.231105 28.531833, 77.300000 28.500000)"
10746,20746,NR,Mock Ridge - Okhla 220 kV D/C Line 0746,220 kV,750,0.0,20.227,2,ACSR Zebra,Twin,Intra-State,Mock South Delhi Transmission Co.,Under Construction,September 2025,RTM,MOCK-NIP-00746,Yes,September 2025,2.0,Mock South Delhi Transmission Co.,12.0,6.0,12.0,"Mock coordinates: Ridge (28.68000N, 77.17000E) to Okhla (28.53000N, 77.28000E)",220 kV (Under Construction),10746,Synthetic geometry constrained to approximate Delhi NCT study area,20.227,20.227,"LINESTRING (77.170000 28.680000, 77.196874 28.659744, 77.238058 28.619127, 77.268616 28.556046, 77.280000 28.530000)"
10747,20747,NR,Mock Wazirabad - Shahdara 220 kV D/C Line 0747,220 kV,1000,709.6,11.988,2,ACSR Zebra,Single,Intra-State,Mock North Delhi Transmission Co.,Commissioned,2022,RTM,MOCK-NIP-00747,Yes,2022,2.0,Mock North Delhi Transmission Co.,36.0,2.0,12.0,"Mock coordinates: Wazirabad (28.71000N, 77.18000E) to Shahdara (28.67000N, 77.29000E)",220 kV (Commissioned),10747,Synthetic geometry constrained to approximate Delhi NCT study area,11.988,11.988,"LINESTRING (77.180000 28.710000, 77.237664 28.703471, 77.290000 28.670000)"
10748,20748,NR,Mock Mahipalpur - Mayur Vihar 220 kV D/C Line 0748,220 kV,700,0.0,17.891,2,AAAC,Twin,Intra-State,Mock South Delhi Transmission Co.,Under Construction,June 2025,TBCB,MOCK-NIP-00748,Yes,June 2025,2.0,Mock South Delhi Transmission Co.,12.0,4.0,12.0,"Mock coordinates: Mahipalpur (28.55000N, 77.13000E) to Mayur Vihar (28.61000N, 77.30000E)",220 kV (Under Construction),10748,Synthetic geometry constrained to approximate Delhi NCT study area,17.891,17.891,"LINESTRING (77.130000 28.550000, 77.204222 28.575536, 77.300000 28.610000)"
10749,20749,NR,Mock Lodhi Road - Rohini 220 kV D/C Line 0749,220 kV,950,520.3,20.246,2,AAAC,Twin,Intra-State,Mock Delhi Transmission Utility,Commissioned,2020,TBCB,MOCK-NIP-00749,Yes,2020,2.0,Mock Delhi Transmission Utility,36.0,4.0,24.0,"Mock coordinates: Lodhi Road (28.59000N, 77.22000E) to Rohini (28.74000N, 77.11000E)",220 kV (Commissioned),10749,Synthetic geometry constrained to approximate Delhi NCT study area,20.246,20.246,"LINESTRING (77.220000 28.590000, 77.199370 28.615800, 77.147168 28.661543, 77.127321 28.718008, 77.110000 28.740000)"
10750,20750,NR,Mock Mundka - Mahipalpur 765 kV S/C Line 0750,765 kV,2800,0.0,21.066,1,AL 59 Zebra,Quad,ISTS,Mock Powergrid Delhi,Under Bidding,September 2025,TBCB,MOCK-NIP-00750,Yes,September 2025,1.0,Mock Powergrid Delhi,18.0,6.0,18.0,"Mock coordinates: Mundka (28.68000N, 76.98000E) to Mahipalpur (28.55000N, 77.13000E)",765 kV (Under Bidding),10750,Synthetic geometry constrained to approximate Delhi NCT study area,21.066,21.066,"LINESTRING (76.980000 28.680000, 77.038092 28.601163, 77.130000 28.550000)"
10751,20751,NR,Mock Pusa - Sarita Vihar 220 kV S/C Line 0751,220 kV,350,149.7,17.974,1,ACSR Zebra,Single,Intra-State,Mock Delhi Transmission Utility,Commissioned,2018,TBCB,MOCK-NIP-00751,Yes,2018,1.0,Mock Delhi Transmission Utility,36.0,2.0,24.0,"Mock coordinates: Pusa (28.64000N, 77.17000E) to Sarita Vihar (28.53000N, 77.30000E)",220 kV (Commissioned),10751,Synthetic geometry constrained to approximate Delhi NCT study area,17.974,17.974,"LINESTRING (77.170000 28.640000, 77.245226 28.598320, 77.300000 28.530000)"
10752,20752,NR,Mock Rohini - Patparganj 220 kV S/C Line 0752,220 kV,300,176.2,21.492,1,AAAC,Single,Intra-State,Mock Delhi Transmission Utility,Commissioned,2024,TBCB,MOCK-NIP-00752,No,2024,,,,,,"Mock coordinates: Rohini (28.74000N, 77.11000E) to Patparganj (28.63000N, 77.29000E)",220 kV (Commissioned),10752,Synthetic geometry constrained to approximate Delhi NCT study area,21.492,21.492,"LINESTRING (77.110000 28.740000, 77.214827 28.686890, 77.290000 28.630000)"
10753,20753,NR,Mock Shahdara - Lodhi Road 400 kV S/C Line 0753,400 kV,1150,884.4,11.401,1,AL 59 Zebra,Quad,ISTS,Mock Delhi Transmission Utility,Commissioned,2020,RTM,MOCK-NIP-00753,No,2020,,,,,,"Mock coordinates: Shahdara (28.67000N, 77.29000E) to Lodhi Road (28.59000N, 77.22000E)",400 kV (Commissioned),10753,Synthetic geometry constrained to approximate Delhi NCT study area,11.401,11.401,"LINESTRING (77.290000 28.670000, 77.273223 28.652316, 77.239966 28.615715, 77.224659 28.604908, 77.220000 28.590000)"
10754,20754,NR,Mock Bawana - Ridge 220 kV S/C Line 0754,220 kV,450,0.0,17.752,1,AAAC,Twin,Intra-State,Mock South Delhi Transmission Co.,Under Bidding,January 2027,TBCB,MOCK-NIP-00754,No,January 2027,,,,,,"Mock coordinates: Bawana (28.80000N, 77.05000E) to Ridge (28.68000N, 77.17000E)",220 kV (Under Bidding),10754,Synthetic geometry constrained to approximate Delhi NCT study area,17.752,17.752,"LINESTRING (77.050000 28.800000, 77.093007 28.754003, 77.170000 28.680000)"
10755,20755,NR,Mock Dwarka - Mundka 220 kV S/C Line 0755,220 kV,350,0.0,11.199,1,ACSR Zebra,Twin,Intra-State,Mock Delhi Transmission Utility,Planned,March 2027,RTM,MOCK-NIP-00755,No,March 2027,,,,,,"Mock coordinates: Dwarka (28.59000N, 77.03000E) to Mundka (28.68000N, 76.98000E)",220 kV (Planned),10755,Synthetic geometry constrained to approximate Delhi NCT study area,11.199,11.199,"LINESTRING (77.030000 28.590000, 77.018555 28.605018, 77.003460 28.625571, 76.988154 28.661804, 76.980000 28.680000)"
10756,20756,NR,Mock Sarita Vihar - Vasant Kunj 220 kV D/C Line 0756,220 kV,950,453.5,14.021,2,ACSR Moose,Twin,Intra-State,Mock South Delhi Transmission Co.,Commissioned,2024,TBCB,MOCK-NIP-00756,Yes,2024,2.0,Mock South Delhi Transmission Co.,24.0,4.0,18.0,"Mock coordinates: Sarita Vihar (28.53000N, 77.30000E) to Vasant Kunj (28.54000N, 77.16000E)",220 kV (Commissioned),10756,Synthetic geometry constrained to approximate Delhi NCT study area,14.021,14.021,"LINESTRING (77.300000 28.530000, 77.269585 28.532251, 77.225384 28.545134, 77.184907 28.546380, 77.160000 28.540000)"
10757,20757,NR,Mock Mahipalpur - Rohini 220 kV S/C Line 0757,220 kV,250,164.9,21.233,1,ACSR Zebra,Single,Intra-State,Mock Delhi Transmission Utility,Commissioned,2023,RTM,MOCK-NIP-00757,Yes,2023,1.0,Mock Delhi Transmission Utility,18.0,6.0,24.0,"Mock coordinates: Mahipalpur (28.55000N, 77.13000E) to Rohini (28.74000N, 77.11000E)",220 kV (Commissioned),10757,Synthetic geometry constrained to approximate Delhi NCT study area,21.233,21.233,"LINESTRING (77.130000 28.550000, 77.124555 28.641864, 77.110000 28.740000)"
10758,20758,NR,Mock Sarita Vihar - Okhla 220 kV S/C Line 0758,220 kV,400,312.1,2.43,1,ACSR Zebra,Single,Intra-State,Mock Delhi Transmission Utility,Commissioned,2018,RTM,MOCK-NIP-00758,No,2018,,,,,,"Mock coordinates: Sarita Vihar (28.53000N, 77.30000E) to Okhla (28.53000N, 77.28000E)",220 kV (Commissioned),10758,Synthetic geometry constrained to approximate Delhi NCT study area,2.43,2.43,"LINESTRING (77.300000 28.530000, 77.291305 28.523541, 77.280000 28.530000)"
10759,20759,NR,Mock Mayur Vihar - Sarita Vihar 220 kV S/C Line 0759,220 kV,350,233.0,9.326,1,ACSR Moose,Twin,Intra-State,Mock South Delhi Transmission Co.,Commissioned,2018,TBCB,MOCK-NIP-00759,No,2018,,,,,,"Mock coordinates: Mayur Vihar (28.61000N, 77.30000E) to Sarita Vihar (28.53000N, 77.30000E)",220 kV (Commissioned),10759,Synthetic geometry constrained to approximate Delhi NCT study area,9.326,9.326,"LINESTRING (77.300000 28.610000, 77.285936 28.561859, 77.300000 28.530000)"
10760,20760,NR,Mock Lodhi Road - Mahipalpur 220 kV D/C Line 0760,220 kV,550,242.8,9.969,2,ACSR Moose,Twin,Intra-State,Mock South Delhi Transmission Co.,Commissioned,2019,RTM,MOCK-NIP-00760,Yes,2019,2.0,Mock South Delhi Transmission Co.,18.0,4.0,24.0,"Mock coordinates: Lodhi Road (28.59000N, 77.22000E) to Mahipalpur (28.55000N, 77.13000E)",220 kV (Commissioned),10760,Synthetic geometry constrained to approximate Delhi NCT study area,9.969,9.969,"LINESTRING (77.220000 28.590000, 77.201804 28.581194, 77.184668 28.576747, 77.153448 28.556371, 77.130000 28.550000)"
10761,20761,NR,Mock Dwarka - Shahdara 220 kV S/C Line 0761,220 kV,250,0.0,26.901,1,ACSR Zebra,Single,Intra-State,Mock North Delhi Transmission Co.,Under Construction,January 2025,RTM,MOCK-NIP-00761,Yes,January 2025,1.0,Mock North Delhi Transmission Co.,36.0,2.0,24.0,"Mock coordinates: Dwarka (28.59000N, 77.03000E) to Shahdara (28.67000N, 77.29000E)",220 kV (Under Construction),10761,Synthetic geometry constrained to approximate Delhi NCT study area,26.901,26.901,"LINESTRING (77.030000 28.590000, 77.165688 28.628166, 77.290000 28.670000)"
10762,20762,NR,Mock Najafgarh - Punjabi Bagh 400 kV S/C Line 0762,400 kV,900,0.0,16.237,1,AL 59 Zebra,Quad,ISTS,Mock Delhi Transmission Utility,Under Bidding,June 2028,RTM,MOCK-NIP-00762,Yes,June 2028,1.0,Mock Delhi Transmission Utility,36.0,8.0,24.0,"Mock coordinates: Najafgarh (28.61000N, 76.98000E) to Punjabi Bagh (28.67000N, 77.13000E)",400 kV (Under Bidding),10762,Synthetic geometry constrained to approximate Delhi NCT study area,16.237,16.237,"LINESTRING (76.980000 28.610000, 77.006949 28.615943, 77.070581 28.636111, 77.107778 28.658891, 77.130000 28.670000)"
10763,20763,NR,Mock Bamnoli - Ridge 400 kV D/C Line 0763,400 kV,2150,0.0,23.557,2,ACSR Moose,Quad,ISTS,Mock Delhi Transmission Utility,Planned,June 2026,TBCB,MOCK-NIP-00763,No,June 2026,,,,,,"Mock coordinates: Bamnoli (28.53000N, 77.00000E) to Ridge (28.68000N, 77.17000E)",400 kV (Planned),10763,Synthetic geometry constrained to approximate Delhi NCT study area,23.557,23.557,"LINESTRING (77.000000 28.530000, 77.084660 28.597501, 77.170000 28.680000)"
10764,20764,NR,Mock Najafgarh - Mahipalpur 220 kV D/C Line 0764,220 kV,550,232.5,16.537,2,ACSR Moose,Twin,Intra-State,Mock North Delhi Transmission Co.,Commissioned,2023,TBCB,MOCK-NIP-00764,No,2023,,,,,,"Mock coordinates: Najafgarh (28.61000N, 76.98000E) to Mahipalpur (28.55000N, 77.13000E)",220 kV (Commissioned),10764,Synthetic geometry constrained to approximate Delhi NCT study area,16.537,16.537,"LINESTRING (76.980000 28.610000, 77.072969 28.591458, 77.130000 28.550000)"
10765,20765,NR,Mock Dwarka - Mayur Vihar 220 kV D/C Line 0765,220 kV,900,395.7,26.458,2,AAAC,Twin,Intra-State,Mock North Delhi Transmission Co.,Commissioned,2021,TBCB,MOCK-NIP-00765,No,2021,,,,,,"Mock coordinates: Dwarka (28.59000N, 77.03000E) to Mayur Vihar (28.61000N, 77.30000E)",220 kV (Commissioned),10765,Synthetic geometry constrained to approximate Delhi NCT study area,26.458,26.458,"LINESTRING (77.030000 28.590000, 77.162161 28.597532, 77.300000 28.610000)"
10766,20766,NR,Mock Bamnoli - Najafgarh 400 kV D/C Line 0766,400 kV,2100,0.0,9.24,2,ACSR Zebra,Twin Moose,ISTS,Mock Inter-State Grid Delhi,Planned,September 2026,TBCB,MOCK-NIP-00766,No,September 2026,,,,,,"Mock coordinates: Bamnoli (28.53000N, 77.00000E) to Najafgarh (28.61000N, 76.98000E)",400 kV (Planned),10766,Synthetic geometry constrained to approximate Delhi NCT study area,9.24,9.24,"LINESTRING (77.000000 28.530000, 76.997653 28.572052, 76.980000 28.610000)"
10767,20767,NR,Mock Patparganj - Vasant Kunj 220 kV S/C Line 0767,220 kV,350,236.3,16.177,1,ACSR Zebra,Single,Intra-State,Mock South Delhi Transmission Co.,Commissioned,2018,RTM,MOCK-NIP-00767,No,2018,,,,,,"Mock coordinates: Patparganj (28.63000N, 77.29000E) to Vasant Kunj (28.54000N, 77.16000E)",220 kV (Commissioned),10767,Synthetic geometry constrained to approximate Delhi NCT study area,16.177,16.177,"LINESTRING (77.290000 28.630000, 77.239568 28.598672, 77.160000 28.540000)"
10768,20768,NR,Mock Dwarka - Mayur Vihar 400 kV S/C Line 0768,400 kV,1100,0.0,26.547,1,ACSR Moose,Quad,ISTS,Mock Delhi Transmission Utility,Under Construction,September 2026,RTM,MOCK-NIP-00768,Yes,September 2026,1.0,Mock Delhi Transmission Utility,12.0,2.0,12.0,"Mock coordinates: Dwarka (28.59000N, 77.03000E) to Mayur Vihar (28.61000N, 77.30000E)",400 kV (Under Construction),10768,Synthetic geometry constrained to approximate Delhi NCT study area,26.547,26.547,"LINESTRING (77.030000 28.590000, 77.167426 28.590170, 77.300000 28.610000)"
10769,20769,NR,Mock Rohini - Narela 220 kV S/C Line 0769,220 kV,400,255.4,12.91,1,AAAC,Single,Intra-State,Mock Delhi Transmission Utility,Commissioned,2025,TBCB,MOCK-NIP-00769,No,2025,,,,,,"Mock coordinates: Rohini (28.74000N, 77.11000E) to Narela (28.85000N, 77.09000E)",220 kV (Commissioned),10769,Synthetic geometry constrained to approximate Delhi NCT study area,12.91,12.91,"LINESTRING (77.110000 28.740000, 77.104540 28.760813, 77.082312 28.805867, 77.092131 28.830990, 77.090000 28.850000)"
10770,20770,NR,Mock Okhla - Pusa 220 kV S/C Line 0770,220 kV,500,224.0,16.482,1,AAAC,Single,Intra-State,Mock Delhi Transmission Utility,Commissioned,2021,TBCB,MOCK-NIP-00770,Yes,2021,1.0,Mock Delhi Transmission Utility,12.0,4.0,18.0,"Mock coordinates: Okhla (28.53000N, 77.28000E) to Pusa (28.64000N, 77.17000E)",220 kV (Commissioned),10770,Synthetic geometry constrained to approximate Delhi NCT study area,16.482,16.482,"LINESTRING (77.280000 28.530000, 77.213308 28.579097, 77.170000 28.640000)"
10771,20771,NR,Mock Wazirabad - Bawana 220 kV S/C Line 0771,220 kV,400,0.0,16.3,1,ACSR Moose,Twin,Intra-State,Mock North Delhi Transmission Co.,Under Construction,September 2025,TBCB,MOCK-NIP-00771,No,September 2025,,,,,,"Mock coordinates: Wazirabad (28.71000N, 77.18000E) to Bawana (28.80000N, 77.05000E)",220 kV (Under Construction),10771,Synthetic geometry constrained to approximate Delhi NCT study area,16.3,16.3,"LINESTRING (77.180000 28.710000, 77.101882 28.751428, 77.050000 28.800000)"
10772,20772,NR,Mock Ridge - Badarpur 220 kV S/C Line 0772,220 kV,500,0.0,24.04,1,AAAC,Twin,Intra-State,Mock South Delhi Transmission Co.,Under Construction,June 2026,TBCB,MOCK-NIP-00772,No,June 2026,,,,,,"Mock coordinates: Ridge (28.68000N, 77.17000E) to Badarpur (28.50000N, 77.30000E)",220 kV (Under Construction),10772,Synthetic geometry constrained to approximate Delhi NCT study area,24.04,24.04,"LINESTRING (77.170000 28.680000, 77.248882 28.604634, 77.300000 28.500000)"
10773,20773,NR,Mock Vasant Kunj - Mundka 400 kV D/C Line 0773,400 kV,1550,0.0,23.54,2,AL 59 Zebra,Quad,ISTS,Mock Inter-State Grid Delhi,Planned,September 2025,TBCB,MOCK-NIP-00773,Yes,September 2025,2.0,Mock Inter-State Grid Delhi,18.0,2.0,24.0,"Mock coordinates: Vasant Kunj (28.54000N, 77.16000E) to Mundka (28.68000N, 76.98000E)",400 kV (Planned),10773,Synthetic geometry constrained to approximate Delhi NCT study area,23.54,23.54,"LINESTRING (77.160000 28.540000, 77.064770 28.624507, 76.980000 28.680000)"
10774,20774,NR,Mock Bamnoli - Punjabi Bagh 220 kV D/C Line 0774,220 kV,850,0.0,20.102,2,AAAC,Twin,Intra-State,Mock North Delhi Transmission Co.,Under Construction,January 2029,RTM,MOCK-NIP-00774,Yes,January 2029,2.0,Mock North Delhi Transmission Co.,24.0,8.0,12.0,"Mock coordinates: Bamnoli (28.53000N, 77.00000E) to Punjabi Bagh (28.67000N, 77.13000E)",220 kV (Under Construction),10774,Synthetic geometry constrained to approximate Delhi NCT study area,20.102,20.102,"LINESTRING (77.000000 28.530000, 77.058039 28.598468, 77.130000 28.670000)"
10775,20775,NR,Mock Mayur Vihar - Badarpur 220 kV D/C Line 0775,220 kV,950,531.6,12.265,2,ACSR Moose,Single,Intra-State,Mock North Delhi Transmission Co.,Commissioned,2019,TBCB,MOCK-NIP-00775,No,2019,,,,,,"Mock coordinates: Mayur Vihar (28.61000N, 77.30000E) to Badarpur (28.50000N, 77.30000E)",220 kV (Commissioned),10775,Synthetic geometry constrained to approximate Delhi NCT study area,12.265,12.265,"LINESTRING (77.300000 28.610000, 77.297096 28.591202, 77.295982 28.560859, 77.298745 28.527224, 77.300000 28.500000)"
10776,20776,NR,Mock Patparganj - Lodhi Road 220 kV S/C Line 0776,220 kV,350,138.0,8.552,1,ACSR Moose,Twin,Intra-State,Mock Delhi Transmission Utility,Commissioned,2020,RTM,MOCK-NIP-00776,Yes,2020,1.0,Mock Delhi Transmission Utility,18.0,2.0,12.0,"Mock coordinates: Patparganj (28.63000N, 77.29000E) to Lodhi Road (28.59000N, 77.22000E)",220 kV (Commissioned),10776,Synthetic geometry constrained to approximate Delhi NCT study area,8.552,8.552,"LINESTRING (77.290000 28.630000, 77.240053 28.614987, 77.220000 28.590000)"
10777,20777,NR,Mock Narela - Bawana 220 kV D/C Line 0777,220 kV,750,0.0,7.069,2,AAAC,Twin,Intra-State,Mock North Delhi Transmission Co.,Under Construction,March 2026,RTM,MOCK-NIP-00777,No,March 2026,,,,,,"Mock coordinates: Narela (28.85000N, 77.09000E) to Bawana (28.80000N, 77.05000E)",220 kV (Under Construction),10777,Synthetic geometry constrained to approximate Delhi NCT study area,7.069,7.069,"LINESTRING (77.090000 28.850000, 77.078514 28.820234, 77.050000 28.800000)"
10778,20778,NR,Mock Rohini - Dwarka 220 kV S/C Line 0778,220 kV,300,172.5,18.913,1,ACSR Moose,Twin,Intra-State,Mock Delhi Transmission Utility,Commissioned,2018,TBCB,MOCK-NIP-00778,No,2018,,,,,,"Mock coordinates: Rohini (28.74000N, 77.11000E) to Dwarka (28.59000N, 77.03000E)",220 kV (Commissioned),10778,Synthetic geometry constrained to approximate Delhi NCT study area,18.913,18.913,"LINESTRING (77.110000 28.740000, 77.094355 28.715287, 77.055301 28.678542, 77.033455 28.615943, 77.030000 28.590000)"
10779,20779,NR,Mock Patparganj - Dwarka 220 kV S/C Line 0779,220 kV,300,0.0,25.918,1,ACSR Zebra,Single,Intra-State,Mock South Delhi Transmission Co.,Under Construction,September 2026,RTM,MOCK-NIP-00779,Yes,September 2026,1.0,Mock South Delhi Transmission Co.,24.0,8.0,24.0,"Mock coordinates: Patparganj (28.63000N, 77.29000E) to Dwarka (28.59000N, 77.03000E)",220 kV (Under Construction),10779,Synthetic geometry constrained to approximate Delhi NCT study area,25.918,25.918,"LINESTRING (77.290000 28.630000, 77.160273 28.597387, 77.030000 28.590000)"
10780,20780,NR,Mock Vasant Kunj - Mahipalpur 220 kV D/C Line 0780,220 kV,750,317.8,3.694,2,ACSR Moose,Single,Intra-State,Mock Delhi Transmission Utility,Commissioned,2024,RTM,MOCK-NIP-00780,Yes,2024,2.0,Mock Delhi Transmission Utility,12.0,8.0,12.0,"Mock coordinates: Vasant Kunj (28.54000N, 77.16000E) to Mahipalpur (28.55000N, 77.13000E)",220 kV (Commissioned),10780,Synthetic geometry constrained to approximate Delhi NCT study area,3.694,3.694,"LINESTRING (77.160000 28.540000, 77.142355 28.554734, 77.130000 28.550000)"
10781,20781,NR,Mock Rohini - Patparganj 400 kV S/C Line 0781,400 kV,1200,650.0,21.559,1,ACSR Zebra,Quad,Intra-State,Mock Inter-State Grid Delhi,Commissioned,2022,TBCB,MOCK-NIP-00781,Yes,2022,1.0,Mock Inter-State Grid Delhi,24.0,4.0,12.0,"Mock coordinates: Rohini (28.74000N, 77.11000E) to Patparganj (28.63000N, 77.29000E)",400 kV (Commissioned),10781,Synthetic geometry constrained to approximate Delhi NCT study area,21.559,21.559,"LINESTRING (77.110000 28.740000, 77.203173 28.697490, 77.290000 28.630000)"
10782,20782,NR,Mock Ridge - Najafgarh 220 kV D/C Line 0782,220 kV,1000,537.8,20.112,2,ACSR Moose,Single,Intra-State,Mock North Delhi Transmission Co.,Commissioned,2020,TBCB,MOCK-NIP-00782,Yes,2020,2.0,Mock North Delhi Transmission Co.,24.0,8.0,24.0,"Mock coordinates: Ridge (28.68000N, 77.17000E) to Najafgarh (28.61000N, 76.98000E)",220 kV (Commissioned),10782,Synthetic geometry constrained to approximate Delhi NCT study area,20.112,20.112,"LINESTRING (77.170000 28.680000, 77.058537 28.640587, 76.980000 28.610000)"
10783,20783,NR,Mock Mundka - Bamnoli 400 kV S/C Line 0783,400 kV,1000,0.0,16.822,1,ACSR Zebra,Quad,ISTS,Mock Delhi Transmission Utility,Under Construction,June 2026,RTM,MOCK-NIP-00783,Yes,June 2026,1.0,Mock Delhi Transmission Utility,12.0,8.0,18.0,"Mock coordinates: Mundka (28.68000N, 76.98000E) to Bamnoli (28.53000N, 77.00000E)",400 kV (Under Construction),10783,Synthetic geometry constrained to approximate Delhi NCT study area,16.822,16.822,"LINESTRING (76.980000 28.680000, 76.985166 28.603031, 77.000000 28.530000)"
10784,20784,NR,Mock Najafgarh - Dwarka 400 kV D/C Line 0784,400 kV,1800,0.0,6.244,2,ACSR Zebra,Twin Moose,ISTS,Mock Delhi Transmission Utility,Planned,December 2028,TBCB,MOCK-NIP-00784,No,December 2028,,,,,,"Mock coordinates: Najafgarh (28.61000N, 76.98000E) to Dwarka (28.59000N, 77.03000E)",400 kV (Planned),10784,Synthetic geometry constrained to approximate Delhi NCT study area,6.244,6.244,"LINESTRING (76.980000 28.610000, 76.989185 28.611497, 77.016872 28.610614, 77.025395 28.596436, 77.030000 28.590000)"
10785,20785,NR,Mock Bamnoli - Lodhi Road 220 kV D/C Line 0785,220 kV,650,0.0,22.521,2,AAAC,Single,Intra-State,Mock North Delhi Transmission Co.,Under Construction,December 2025,TBCB,MOCK-NIP-00785,No,December 2025,,,,,,"Mock coordinates: Bamnoli (28.53000N, 77.00000E) to Lodhi Road (28.59000N, 77.22000E)",220 kV (Under Construction),10785,Synthetic geometry constrained to approximate Delhi NCT study area,22.521,22.521,"LINESTRING (77.000000 28.530000, 77.125960 28.569109, 77.220000 28.590000)"
10786,20786,NR,Mock Mundka - Vasant Kunj 400 kV D/C Line 0786,400 kV,1550,1236.2,23.475,2,ACSR Zebra,Quad,Intra-State,Mock Inter-State Grid Delhi,Commissioned,2021,RTM,MOCK-NIP-00786,Yes,2021,2.0,Mock Inter-State Grid Delhi,18.0,6.0,24.0,"Mock coordinates: Mundka (28.68000N, 76.98000E) to Vasant Kunj (28.54000N, 77.16000E)",400 kV (Commissioned),10786,Synthetic geometry constrained to approximate Delhi NCT study area,23.475,23.475,"LINESTRING (76.980000 28.680000, 77.062148 28.616743, 77.160000 28.540000)"
10787,20787,NR,Mock Mayur Vihar - Ridge 400 kV S/C Line 0787,400 kV,1050,0.0,14.983,1,ACSR Zebra,Twin Moose,Intra-State,Mock Delhi Transmission Utility,Planned,September 2029,RTM,MOCK-NIP-00787,No,September 2029,,,,,,"Mock coordinates: Mayur Vihar (28.61000N, 77.30000E) to Ridge (28.68000N, 77.17000E)",400 kV (Planned),10787,Synthetic geometry constrained to approximate Delhi NCT study area,14.983,14.983,"LINESTRING (77.300000 28.610000, 77.227099 28.640223, 77.170000 28.680000)"
10788,20788,NR,Mock Okhla - Patparganj 765 kV D/C Line 0788,765 kV,3750,2518.6,11.511,2,AL 59 Zebra,Hexa,ISTS,Mock Powergrid Delhi,Commissioned,2018,RTM,MOCK-NIP-00788,No,2018,,,,,,"Mock coordinates: Okhla (28.53000N, 77.28000E) to Patparganj (28.63000N, 77.29000E)",765 kV (Commissioned),10788,Synthetic geometry constrained to approximate Delhi NCT study area,11.511,11.511,"LINESTRING (77.280000 28.530000, 77.284407 28.546634, 77.298706 28.576524, 77.292599 28.616089, 77.290000 28.630000)"
10789,20789,NR,Mock Bamnoli - Ridge 220 kV D/C Line 0789,220 kV,1000,0.0,23.598,2,AAAC,Twin,Intra-State,Mock North Delhi Transmission Co.,Planned,December 2026,TBCB,MOCK-NIP-00789,No,December 2026,,,,,,"Mock coordinates: Bamnoli (28.53000N, 77.00000E) to Ridge (28.68000N, 77.17000E)",220 kV (Planned),10789,Synthetic geometry constrained to approximate Delhi NCT study area,23.598,23.598,"LINESTRING (77.000000 28.530000, 77.067110 28.600685, 77.170000 28.680000)"
10790,20790,NR,Mock Punjabi Bagh - Wazirabad 220 kV D/C Line 0790,220 kV,1000,642.7,6.736,2,ACSR Moose,Twin,Intra-State,Mock North Delhi Transmission Co.,Commissioned,2021,TBCB,MOCK-NIP-00790,No,2021,,,,,,"Mock coordinates: Punjabi Bagh (28.67000N, 77.13000E) to Wazirabad (28.71000N, 77.18000E)",220 kV (Commissioned),10790,Synthetic geometry constrained to approximate Delhi NCT study area,6.736,6.736,"LINESTRING (77.130000 28.670000, 77.147642 28.676817, 77.180000 28.710000)"
10791,20791,NR,Mock Mundka - Najafgarh 220 kV D/C Line 0791,220 kV,500,0.0,8.478,2,AAAC,Twin,Intra-State,Mock Delhi Transmission Utility,Under Bidding,June 2028,TBCB,MOCK-NIP-00791,No,June 2028,,,,,,"Mock coordinates: Mundka (28.68000N, 76.98000E) to Najafgarh (28.61000N, 76.98000E)",220 kV (Under Bidding),10791,Synthetic geometry constrained to approximate Delhi NCT study area,8.478,8.478,"LINESTRING (76.980000 28.680000, 76.962910 28.649549, 76.980000 28.610000)"
10792,20792,NR,Mock Wazirabad - Vasant Kunj 220 kV S/C Line 0792,220 kV,250,181.5,19.004,1,AAAC,Single,Intra-State,Mock Delhi Transmission Utility,Commissioned,2023,RTM,MOCK-NIP-00792,Yes,2023,1.0,Mock Delhi Transmission Utility,18.0,6.0,24.0,"Mock coordinates: Wazirabad (28.71000N, 77.18000E) to Vasant Kunj (28.54000N, 77.16000E)",220 kV (Commissioned),10792,Synthetic geometry constrained to approximate Delhi NCT study area,19.004,19.004,"LINESTRING (77.180000 28.710000, 77.168414 28.615933, 77.160000 28.540000)"
10793,20793,NR,Mock Sarita Vihar - Mayur Vihar 220 kV S/C Line 0793,220 kV,300,0.0,9.502,1,AAAC,Twin,Intra-State,Mock North Delhi Transmission Co.,Under Construction,September 2026,RTM,MOCK-NIP-00793,No,September 2026,,,,,,"Mock coordinates: Sarita Vihar (28.53000N, 77.30000E) to Mayur Vihar (28.61000N, 77.30000E)",220 kV (Under Construction),10793,Synthetic geometry constrained to approximate Delhi NCT study area,9.502,9.502,"LINESTRING (77.300000 28.530000, 77.282917 28.568028, 77.300000 28.610000)"
10794,20794,NR,Mock Rohini - Wazirabad 220 kV D/C Line 0794,220 kV,600,0.0,8.401,2,AAAC,Single,Intra-State,Mock North Delhi Transmission Co.,Under Construction,March 2028,TBCB,MOCK-NIP-00794,No,March 2028,,,,,,"Mock coordinates: Rohini (28.74000N, 77.11000E) to Wazirabad (28.71000N, 77.18000E)",220 kV (Under Construction),10794,Synthetic geometry constrained to approximate Delhi NCT study area,8.401,8.401,"LINESTRING (77.110000 28.740000, 77.120279 28.725676, 77.132037 28.713068, 77.161537 28.709359, 77.180000 28.710000)"
10795,20795,NR,Mock Pusa - Rohini 220 kV S/C Line 0795,220 kV,450,0.0,12.756,1,ACSR Zebra,Twin,Intra-State,Mock South Delhi Transmission Co.,Under Construction,March 2026,RTM,MOCK-NIP-00795,No,March 2026,,,,,,"Mock coordinates: Pusa (28.64000N, 77.17000E) to Rohini (28.74000N, 77.11000E)",220 kV (Under Construction),10795,Synthetic geometry constrained to approximate Delhi NCT study area,12.756,12.756,"LINESTRING (77.170000 28.640000, 77.168398 28.654088, 77.151317 28.688455, 77.121332 28.723696, 77.110000 28.740000)"
10796,20796,NR,Mock Mundka - Vasant Kunj 220 kV D/C Line 0796,220 kV,650,266.6,23.518,2,ACSR Zebra,Twin,Intra-State,Mock South Delhi Transmission Co.,Commissioned,2018,TBCB,MOCK-NIP-00796,No,2018,,,,,,"Mock coordinates: Mundka (28.68000N, 76.98000E) to Vasant Kunj (28.54000N, 77.16000E)",220 kV (Commissioned),10796,Synthetic geometry constrained to approximate Delhi NCT study area,23.518,23.518,"LINESTRING (76.980000 28.680000, 77.063501 28.606626, 77.160000 28.540000)"
10797,20797,NR,Mock Dwarka - Vasant Kunj 220 kV D/C Line 0797,220 kV,900,424.0,14.141,2,AAAC,Twin,Intra-State,Mock Delhi Transmission Utility,Commissioned,2022,TBCB,MOCK-NIP-00797,Yes,2022,2.0,Mock Delhi Transmission Utility,24.0,6.0,24.0,"Mock coordinates: Dwarka (28.59000N, 77.03000E) to Vasant Kunj (28.54000N, 77.16000E)",220 kV (Commissioned),10797,Synthetic geometry constrained to approximate Delhi NCT study area,14.141,14.141,"LINESTRING (77.030000 28.590000, 77.097979 28.550215, 77.160000 28.540000)"
10798,20798,NR,Mock Sarita Vihar - Mahipalpur 220 kV D/C Line 0798,220 kV,650,0.0,16.931,2,ACSR Zebra,Twin,Intra-State,Mock South Delhi Transmission Co.,Under Construction,January 2028,TBCB,MOCK-NIP-00798,Yes,January 2028,2.0,Mock South Delhi Transmission Co.,18.0,4.0,24.0,"Mock coordinates: Sarita Vihar (28.53000N, 77.30000E) to Mahipalpur (28.55000N, 77.13000E)",220 kV (Under Construction),10798,Synthetic geometry constrained to approximate Delhi NCT study area,16.931,16.931,"LINESTRING (77.300000 28.530000, 77.270818 28.540944, 77.227054 28.547625, 77.162680 28.550974, 77.130000 28.550000)"
10799,20799,NR,Mock Vasant Kunj - Mahipalpur 220 kV S/C Line 0799,220 kV,300,157.4,4.489,1,ACSR Zebra,Single,Intra-State,Mock North Delhi Transmission Co.,Commissioned,2020,RTM,MOCK-NIP-00799,No,2020,,,,,,"Mock coordinates: Vasant Kunj (28.54000N, 77.16000E) to Mahipalpur (28.55000N, 77.13000E)",220 kV (Commissioned),10799,Synthetic geometry constrained to approximate Delhi NCT study area,4.489,4.489,"LINESTRING (77.160000 28.540000, 77.158919 28.554536, 77.130000 28.550000)"
10800,20800,NR,Mock Okhla - Mahipalpur 220 kV D/C Line 0800,220 kV,600,0.0,14.891,2,AAAC,Single,Intra-State,Mock Delhi Transmission Utility,Under Construction,January 2026,TBCB,MOCK-NIP-00800,No,January 2026,,,,,,"Mock coordinates: Okhla (28.53000N, 77.28000E) to Mahipalpur (28.55000N, 77.13000E)",220 kV (Under Construction),10800,Synthetic geometry constrained to approximate Delhi NCT study area,14.891,14.891,"LINESTRING (77.280000 28.530000, 77.204985 28.546598, 77.130000 28.550000)"
10801,20801,NR,Mock Punjabi Bagh - Wazirabad 400 kV D/C Line 0801,400 kV,2350,0.0,6.601,2,ACSR Moose,Twin Moose,ISTS,Mock Inter-State Grid Delhi,Planned,June 2025,TBCB,MOCK-NIP-00801,Yes,June 2025,2.0,Mock Inter-State Grid Delhi,18.0,8.0,24.0,"Mock coordinates: Punjabi Bagh (28.67000N, 77.13000E) to Wazirabad (28.71000N, 77.18000E)",400 kV (Planned),10801,Synthetic geometry constrained to approximate Delhi NCT study area,6.601,6.601,"LINESTRING (77.130000 28.670000, 77.168839 28.700580, 77.180000 28.710000)"
10802,20802,NR,Mock Badarpur - Mahipalpur 400 kV S/C Line 0802,400 kV,700,351.4,17.626,1,ACSR Moose,Twin Moose,Intra-State,Mock Delhi Transmission Utility,Commissioned,2025,TBCB,MOCK-NIP-00802,Yes,2025,1.0,Mock Delhi Transmission Utility,24.0,6.0,12.0,"Mock coordinates: Badarpur (28.50000N, 77.30000E) to Mahipalpur (28.55000N, 77.13000E)",400 kV (Commissioned),10802,Synthetic geometry constrained to approximate Delhi NCT study area,17.626,17.626,"LINESTRING (77.300000 28.500000, 77.261898 28.505804, 77.207079 28.529609, 77.152680 28.542346, 77.130000 28.550000)"
10803,20803,NR,Mock Ridge - Mayur Vihar 220 kV S/C Line 0803,220 kV,300,0.0,14.937,1,AAAC,Single,Intra-State,Mock South Delhi Transmission Co.,Planned,September 2027,RTM,MOCK-NIP-00803,No,September 2027,,,,,,"Mock coordinates: Ridge (28.68000N, 77.17000E) to Mayur Vihar (28.61000N, 77.30000E)",220 kV (Planned),10803,Synthetic geometry constrained to approximate Delhi NCT study area,14.937,14.937,"LINESTRING (77.170000 28.680000, 77.186018 28.668293, 77.219278 28.650754, 77.266193 28.623454, 77.300000 28.610000)"
10804,20804,NR,Mock Dwarka - Okhla 220 kV D/C Line 0804,220 kV,600,0.0,25.423,2,AAAC,Single,Intra-State,Mock South Delhi Transmission Co.,Under Bidding,March 2028,RTM,MOCK-NIP-00804,No,March 2028,,,,,,"Mock coordinates: Dwarka (28.59000N, 77.03000E) to Okhla (28.53000N, 77.28000E)",220 kV (Under Bidding),10804,Synthetic geometry constrained to approximate Delhi NCT study area,25.423,25.423,"LINESTRING (77.030000 28.590000, 77.137879 28.553159, 77.280000 28.530000)"
10805,20805,NR,Mock Bawana - Najafgarh 220 kV S/C Line 0805,220 kV,450,220.6,22.23,1,ACSR Moose,Single,Intra-State,Mock North Delhi Transmission Co.,Commissioned,2024,RTM,MOCK-NIP-00805,Yes,2024,1.0,Mock North Delhi Transmission Co.,24.0,8.0,18.0,"Mock coordinates: Bawana (28.80000N, 77.05000E) to Najafgarh (28.61000N, 76.98000E)",220 kV (Commissioned),10805,Synthetic geometry constrained to approximate Delhi NCT study area,22.23,22.23,"LINESTRING (77.050000 28.800000, 77.010105 28.707941, 76.980000 28.610000)"
10806,20806,NR,Mock Vasant Kunj - Dwarka 220 kV D/C Line 0806,220 kV,600,0.0,14.071,2,ACSR Moose,Single,Intra-State,Mock Delhi Transmission Utility,Planned,September 2028,TBCB,MOCK-NIP-00806,No,September 2028,,,,,,"Mock coordinates: Vasant Kunj (28.54000N, 77.16000E) to Dwarka (28.59000N, 77.03000E)",220 kV (Planned),10806,Synthetic geometry constrained to approximate Delhi NCT study area,14.071,14.071,"LINESTRING (77.160000 28.540000, 77.106312 28.572550, 77.030000 28.590000)"
10807,20807,NR,Mock Pusa - Najafgarh 765 kV S/C Line 0807,765 kV,1950,0.0,18.905,1,ACSR / AAAC / AL59,Quad,Intra-State,Mock Inter-State Grid Delhi,Under Construction,September 2025,RTM,MOCK-NIP-00807,No,September 2025,,,,,,"Mock coordinates: Pusa (28.64000N, 77.17000E) to Najafgarh (28.61000N, 76.98000E)",765 kV (Under Construction),10807,Synthetic geometry constrained to approximate Delhi NCT study area,18.905,18.905,"LINESTRING (77.170000 28.640000, 77.089031 28.620304, 76.980000 28.610000)"
10808,20808,NR,Mock Lodhi Road - Wazirabad 400 kV D/C Line 0808,400 kV,1400,613.2,13.957,2,ACSR Moose,Quad,ISTS,Mock Inter-State Grid Delhi,Commissioned,2023,TBCB,MOCK-NIP-00808,No,2023,,,,,,"Mock coordinates: Lodhi Road (28.59000N, 77.22000E) to Wazirabad (28.71000N, 77.18000E)",400 kV (Commissioned),10808,Synthetic geometry constrained to approximate Delhi NCT study area,13.957,13.957,"LINESTRING (77.220000 28.590000, 77.213852 28.617100, 77.200704 28.652264, 77.190123 28.692001, 77.180000 28.710000)"
10809,20809,NR,Mock Wazirabad - Mahipalpur 400 kV S/C Line 0809,400 kV,950,0.0,18.477,1,AL 59 Zebra,Twin Moose,Intra-State,Mock Delhi Transmission Utility,Under Construction,March 2027,TBCB,MOCK-NIP-00809,Yes,March 2027,1.0,Mock Delhi Transmission Utility,24.0,4.0,24.0,"Mock coordinates: Wazirabad (28.71000N, 77.18000E) to Mahipalpur (28.55000N, 77.13000E)",400 kV (Under Construction),10809,Synthetic geometry constrained to approximate Delhi NCT study area,18.477,18.477,"LINESTRING (77.180000 28.710000, 77.160057 28.628610, 77.130000 28.550000)"
10810,20810,NR,Mock Wazirabad - Bamnoli 765 kV D/C Line 0810,765 kV,4250,0.0,26.68,2,ACSR / AAAC / AL59,Hexa,ISTS,Mock Powergrid Delhi,Planned,June 2028,RTM,MOCK-NIP-00810,No,June 2028,,,,,,"Mock coordinates: Wazirabad (28.71000N, 77.18000E) to Bamnoli (28.53000N, 77.00000E)",765 kV (Planned),10810,Synthetic geometry constrained to approximate Delhi NCT study area,26.68,26.68,"LINESTRING (77.180000 28.710000, 77.138725 28.676889, 77.072846 28.605933, 77.020352 28.553618, 77.000000 28.530000)"
10811,20811,NR,Mock Shahdara - Punjabi Bagh 765 kV D/C Line 0811,765 kV,5350,2795.2,15.622,2,AL 59 Zebra,Hexa,Intra-State,Mock Inter-State Grid Delhi,Commissioned,2023,TBCB,MOCK-NIP-00811,No,2023,,,,,,"Mock coordinates: Shahdara (28.67000N, 77.29000E) to Punjabi Bagh (28.67000N, 77.13000E)",765 kV (Commissioned),10811,Synthetic geometry constrained to approximate Delhi NCT study area,15.622,15.622,"LINESTRING (77.290000 28.670000, 77.214868 28.672800, 77.130000 28.670000)"
10812,20812,NR,Mock Mayur Vihar - Rohini 220 kV D/C Line 0812,220 kV,600,298.1,23.584,2,ACSR Moose,Twin,Intra-State,Mock Delhi Transmission Utility,Commissioned,2023,RTM,MOCK-NIP-00812,No,2023,,,,,,"Mock coordinates: Mayur Vihar (28.61000N, 77.30000E) to Rohini (28.74000N, 77.11000E)",220 kV (Commissioned),10812,Synthetic geometry constrained to approximate Delhi NCT study area,23.584,23.584,"LINESTRING (77.300000 28.610000, 77.200679 28.688883, 77.110000 28.740000)"
10813,20813,NR,Mock Bamnoli - Pusa 400 kV D/C Line 0813,400 kV,1600,1130.2,21.111,2,AL 59 Zebra,Twin Moose,ISTS,Mock Inter-State Grid Delhi,Commissioned,2025,RTM,MOCK-NIP-00813,Yes,2025,2.0,Mock Inter-State Grid Delhi,18.0,8.0,18.0,"Mock coordinates: Bamnoli (28.53000N, 77.00000E) to Pusa (28.64000N, 77.17000E)",400 kV (Commissioned),10813,Synthetic geometry constrained to approximate Delhi NCT study area,21.111,21.111,"LINESTRING (77.000000 28.530000, 77.102424 28.571030, 77.170000 28.640000)"
10814,20814,NR,Mock Ridge - Sarita Vihar 220 kV S/C Line 0814,220 kV,450,0.0,21.038,1,ACSR Zebra,Single,Intra-State,Mock North Delhi Transmission Co.,Under Construction,June 2025,RTM,MOCK-NIP-00814,No,June 2025,,,,,,"Mock coordinates: Ridge (28.68000N, 77.17000E) to Sarita Vihar (28.53000N, 77.30000E)",220 kV (Under Construction),10814,Synthetic geometry constrained to approximate Delhi NCT study area,21.038,21.038,"LINESTRING (77.170000 28.680000, 77.245847 28.606070, 77.300000 28.530000)"
10815,20815,NR,Mock Punjabi Bagh - Okhla 220 kV D/C Line 0815,220 kV,550,389.5,21.378,2,ACSR Moose,Twin,Intra-State,Mock Delhi Transmission Utility,Commissioned,2022,TBCB,MOCK-NIP-00815,No,2022,,,,,,"Mock coordinates: Punjabi Bagh (28.67000N, 77.13000E) to Okhla (28.53000N, 77.28000E)",220 kV (Commissioned),10815,Synthetic geometry constrained to approximate Delhi NCT study area,21.378,21.378,"LINESTRING (77.130000 28.670000, 77.202362 28.605604, 77.280000 28.530000)"
10816,20816,NR,Mock Najafgarh - Mundka 220 kV D/C Line 0816,220 kV,850,0.0,7.866,2,AAAC,Twin,Intra-State,Mock Delhi Transmission Utility,Under Bidding,December 2029,RTM,MOCK-NIP-00816,Yes,December 2029,2.0,Mock Delhi Transmission Utility,12.0,8.0,18.0,"Mock coordinates: Najafgarh (28.61000N, 76.98000E) to Mundka (28.68000N, 76.98000E)",220 kV (Under Bidding),10816,Synthetic geometry constrained to approximate Delhi NCT study area,7.866,7.866,"LINESTRING (76.980000 28.610000, 76.974243 28.650491, 76.980000 28.680000)"
10817,20817,NR,Mock Badarpur - Punjabi Bagh 220 kV S/C Line 0817,220 kV,400,288.9,25.162,1,ACSR Zebra,Single,Intra-State,Mock Delhi Transmission Utility,Commissioned,2019,TBCB,MOCK-NIP-00817,No,2019,,,,,,"Mock coordinates: Badarpur (28.50000N, 77.30000E) to Punjabi Bagh (28.67000N, 77.13000E)",220 kV (Commissioned),10817,Synthetic geometry constrained to approximate Delhi NCT study area,25.162,25.162,"LINESTRING (77.300000 28.500000, 77.212479 28.591252, 77.130000 28.670000)"
10818,20818,NR,Mock Mahipalpur - Patparganj 220 kV S/C Line 0818,220 kV,450,288.5,18.094,1,ACSR Zebra,Single,Intra-State,Mock South Delhi Transmission Co.,Commissioned,2024,TBCB,MOCK-NIP-00818,No,2024,,,,,,"Mock coordinates: Mahipalpur (28.55000N, 77.13000E) to Patparganj (28.63000N, 77.29000E)",220 kV (Commissioned),10818,Synthetic geometry constrained to approximate Delhi NCT study area,18.094,18.094,"LINESTRING (77.130000 28.550000, 77.162815 28.559725, 77.209087 28.590213, 77.255970 28.611111, 77.290000 28.630000)"
10819,20819,NR,Mock Wazirabad - Ridge 400 kV D/C Line 0819,400 kV,2100,1263.5,4.707,2,AL 59 Zebra,Quad,ISTS,Mock Delhi Transmission Utility,Commissioned,2018,RTM,MOCK-NIP-00819,Yes,2018,2.0,Mock Delhi Transmission Utility,18.0,6.0,12.0,"Mock coordinates: Wazirabad (28.71000N, 77.18000E) to Ridge (28.68000N, 77.17000E)",400 kV (Commissioned),10819,Synthetic geometry constrained to approximate Delhi NCT study area,4.707,4.707,"LINESTRING (77.180000 28.710000, 77.158431 28.686073, 77.170000 28.680000)"
10820,20820,NR,Mock Mayur Vihar - Ridge 220 kV S/C Line 0820,220 kV,450,179.6,14.884,1,AAAC,Twin,Intra-State,Mock South Delhi Transmission Co.,Commissioned,2019,RTM,MOCK-NIP-00820,Yes,2019,1.0,Mock South Delhi Transmission Co.,36.0,2.0,24.0,"Mock coordinates: Mayur Vihar (28.61000N, 77.30000E) to Ridge (28.68000N, 77.17000E)",220 kV (Commissioned),10820,Synthetic geometry constrained to approximate Delhi NCT study area,14.884,14.884,"LINESTRING (77.300000 28.610000, 77.224688 28.649921, 77.170000 28.680000)"
10821,20821,NR,Mock Najafgarh - Mundka 400 kV D/C Line 0821,400 kV,2200,1128.0,7.835,2,ACSR Moose,Quad,ISTS,Mock Inter-State Grid Delhi,Commissioned,2023,RTM,MOCK-NIP-00821,No,2023,,,,,,"Mock coordinates: Najafgarh (28.61000N, 76.98000E) to Mundka (28.68000N, 76.98000E)",400 kV (Commissioned),10821,Synthetic geometry constrained to approximate Delhi NCT study area,7.835,7.835,"LINESTRING (76.980000 28.610000, 76.984570 28.642405, 76.980000 28.680000)"
10822,20822,NR,Mock Punjabi Bagh - Bamnoli 400 kV D/C Line 0822,400 kV,2400,0.0,20.299,2,ACSR Zebra,Quad,ISTS,Mock Delhi Transmission Utility,Under Construction,September 2025,RTM,MOCK-NIP-00822,No,September 2025,,,,,,"Mock coordinates: Punjabi Bagh (28.67000N, 77.13000E) to Bamnoli (28.53000N, 77.00000E)",400 kV (Under Construction),10822,Synthetic geometry constrained to approximate Delhi NCT study area,20.299,20.299,"LINESTRING (77.130000 28.670000, 77.073950 28.588820, 77.000000 28.530000)"
10823,20823,NR,Mock Shahdara - Rohini 400 kV S/C Line 0823,400 kV,700,284.7,19.256,1,ACSR Zebra,Quad,Intra-State,Mock Inter-State Grid Delhi,Commissioned,2023,TBCB,MOCK-NIP-00823,No,2023,,,,,,"Mock coordinates: Shahdara (28.67000N, 77.29000E) to Rohini (28.74000N, 77.11000E)",400 kV (Commissioned),10823,Synthetic geometry constrained to approximate Delhi NCT study area,19.256,19.256,"LINESTRING (77.290000 28.670000, 77.202221 28.711134, 77.110000 28.740000)"
10824,20824,NR,Mock Mayur Vihar - Shahdara 220 kV S/C Line 0824,220 kV,400,301.1,6.745,1,ACSR Moose,Twin,Intra-State,Mock Delhi Transmission Utility,Commissioned,2022,TBCB,MOCK-NIP-00824,No,2022,,,,,,"Mock coordinates: Mayur Vihar (28.61000N, 77.30000E) to Shahdara (28.67000N, 77.29000E)",220 kV (Commissioned),10824,Synthetic geometry constrained to approximate Delhi NCT study area,6.745,6.745,"LINESTRING (77.300000 28.610000, 77.294560 28.647723, 77.290000 28.670000)"
10825,20825,NR,Mock Vasant Kunj - Punjabi Bagh 220 kV S/C Line 0825,220 kV,400,272.8,14.81,1,ACSR Moose,Single,Intra-State,Mock North Delhi Transmission Co.,Commissioned,2024,RTM,MOCK-NIP-00825,No,2024,,,,,,"Mock coordinates: Vasant Kunj (28.54000N, 77.16000E) to Punjabi Bagh (28.67000N, 77.13000E)",220 kV (Commissioned),10825,Synthetic geometry constrained to approximate Delhi NCT study area,14.81,14.81,"LINESTRING (77.160000 28.540000, 77.135202 28.617805, 77.130000 28.670000)"
10826,20826,NR,Mock Dwarka - Najafgarh 220 kV S/C Line 0826,220 kV,400,277.4,5.953,1,AAAC,Twin,Intra-State,Mock South Delhi Transmission Co.,Commissioned,2020,TBCB,MOCK-NIP-00826,No,2020,,,,,,"Mock coordinates: Dwarka (28.59000N, 77.03000E) to Najafgarh (28.61000N, 76.98000E)",220 kV (Commissioned),10826,Synthetic geometry constrained to approximate Delhi NCT study area,5.953,5.953,"LINESTRING (77.030000 28.590000, 77.027290 28.598029, 77.015881 28.605650, 76.993193 28.604931, 76.980000 28.610000)"
10827,20827,NR,Mock Mayur Vihar - Okhla 220 kV D/C Line 0827,220 kV,850,0.0,9.354,2,ACSR Moose,Single,Intra-State,Mock North Delhi Transmission Co.,Under Bidding,December 2028,RTM,MOCK-NIP-00827,Yes,December 2028,2.0,Mock North Delhi Transmission Co.,24.0,8.0,12.0,"Mock coordinates: Mayur Vihar (28.61000N, 77.30000E) to Okhla (28.53000N, 77.28000E)",220 kV (Under Bidding),10827,Synthetic geometry constrained to approximate Delhi NCT study area,9.354,9.354,"LINESTRING (77.300000 28.610000, 77.294113 28.596285, 77.280843 28.569530, 77.276051 28.545107, 77.280000 28.530000)"
10828,20828,NR,Mock Mahipalpur - Wazirabad 220 kV D/C Line 0828,220 kV,550,426.6,18.699,2,ACSR Zebra,Single,Intra-State,Mock Delhi Transmission Utility,Commissioned,2019,RTM,MOCK-NIP-00828,Yes,2019,2.0,Mock Delhi Transmission Utility,24.0,2.0,24.0,"Mock coordinates: Mahipalpur (28.55000N, 77.13000E) to Wazirabad (28.71000N, 77.18000E)",220 kV (Commissioned),10828,Synthetic geometry constrained to approximate Delhi NCT study area,18.699,18.699,"LINESTRING (77.130000 28.550000, 77.172337 28.633843, 77.180000 28.710000)"
10829,20829,NR,Mock Pusa - Mahipalpur 220 kV S/C Line 0829,220 kV,350,0.0,10.852,1,AAAC,Single,Intra-State,Mock South Delhi Transmission Co.,Under Bidding,June 2027,RTM,MOCK-NIP-00829,Yes,June 2027,1.0,Mock South Delhi Transmission Co.,36.0,4.0,12.0,"Mock coordinates: Pusa (28.64000N, 77.17000E) to Mahipalpur (28.55000N, 77.13000E)",220 kV (Under Bidding),10829,Synthetic geometry constrained to approximate Delhi NCT study area,10.852,10.852,"LINESTRING (77.170000 28.640000, 77.136587 28.582877, 77.130000 28.550000)"
10830,20830,NR,Mock Bamnoli - Pusa 220 kV S/C Line 0830,220 kV,450,200.4,20.639,1,ACSR Moose,Twin,Intra-State,Mock South Delhi Transmission Co.,Commissioned,2018,TBCB,MOCK-NIP-00830,No,2018,,,,,,"Mock coordinates: Bamnoli (28.53000N, 77.00000E) to Pusa (28.64000N, 77.17000E)",220 kV (Commissioned),10830,Synthetic geometry constrained to approximate Delhi NCT study area,20.639,20.639,"LINESTRING (77.000000 28.530000, 77.088732 28.592552, 77.170000 28.640000)"
10831,20831,NR,Mock Najafgarh - Rohini 400 kV S/C Line 0831,400 kV,800,400.8,19.231,1,ACSR Moose,Twin Moose,ISTS,Mock Inter-State Grid Delhi,Commissioned,2022,RTM,MOCK-NIP-00831,Yes,2022,1.0,Mock Inter-State Grid Delhi,18.0,6.0,18.0,"Mock coordinates: Najafgarh (28.61000N, 76.98000E) to Rohini (28.74000N, 77.11000E)",400 kV (Commissioned),10831,Synthetic geometry constrained to approximate Delhi NCT study area,19.231,19.231,"LINESTRING (76.980000 28.610000, 77.047565 28.678424, 77.110000 28.740000)"
10832,20832,NR,Mock Ridge - Sarita Vihar 220 kV D/C Line 0832,220 kV,1000,637.6,21.005,2,ACSR Zebra,Single,Intra-State,Mock South Delhi Transmission Co.,Commissioned,2022,TBCB,MOCK-NIP-00832,No,2022,,,,,,"Mock coordinates: Ridge (28.68000N, 77.17000E) to Sarita Vihar (28.53000N, 77.30000E)",220 kV (Commissioned),10832,Synthetic geometry constrained to approximate Delhi NCT study area,21.005,21.005,"LINESTRING (77.170000 28.680000, 77.233062 28.596965, 77.300000 28.530000)"
10833,20833,NR,Mock Dwarka - Ridge 220 kV D/C Line 0833,220 kV,750,0.0,17.089,2,AAAC,Twin,Intra-State,Mock South Delhi Transmission Co.,Under Bidding,March 2028,RTM,MOCK-NIP-00833,Yes,March 2028,2.0,Mock South Delhi Transmission Co.,36.0,4.0,12.0,"Mock coordinates: Dwarka (28.59000N, 77.03000E) to Ridge (28.68000N, 77.17000E)",220 kV (Under Bidding),10833,Synthetic geometry constrained to approximate Delhi NCT study area,17.089,17.089,"LINESTRING (77.030000 28.590000, 77.097719 28.646254, 77.170000 28.680000)"
10834,20834,NR,Mock Okhla - Badarpur 400 kV S/C Line 0834,400 kV,1000,0.0,4.691,1,ACSR Zebra,Twin Moose,ISTS,Mock Delhi Transmission Utility,Under Construction,June 2029,TBCB,MOCK-NIP-00834,No,June 2029,,,,,,"Mock coordinates: Okhla (28.53000N, 77.28000E) to Badarpur (28.50000N, 77.30000E)",400 kV (Under Construction),10834,Synthetic geometry constrained to approximate Delhi NCT study area,4.691,4.691,"LINESTRING (77.280000 28.530000, 77.279075 28.523317, 77.286584 28.507463, 77.294941 28.496903, 77.300000 28.500000)"
10835,20835,NR,Mock Narela - Punjabi Bagh 220 kV D/C Line 0835,220 kV,950,582.8,20.398,2,ACSR Zebra,Twin,Intra-State,Mock North Delhi Transmission Co.,Commissioned,2021,TBCB,MOCK-NIP-00835,No,2021,,,,,,"Mock coordinates: Narela (28.85000N, 77.09000E) to Punjabi Bagh (28.67000N, 77.13000E)",220 kV (Commissioned),10835,Synthetic geometry constrained to approximate Delhi NCT study area,20.398,20.398,"LINESTRING (77.090000 28.850000, 77.107707 28.758360, 77.130000 28.670000)"
10836,20836,NR,Mock Bawana - Shahdara 220 kV D/C Line 0836,220 kV,850,512.1,27.553,2,ACSR Zebra,Single,Intra-State,Mock North Delhi Transmission Co.,Commissioned,2024,RTM,MOCK-NIP-00836,No,2024,,,,,,"Mock coordinates: Bawana (28.80000N, 77.05000E) to Shahdara (28.67000N, 77.29000E)",220 kV (Commissioned),10836,Synthetic geometry constrained to approximate Delhi NCT study area,27.553,27.553,"LINESTRING (77.050000 28.800000, 77.095284 28.775096, 77.165125 28.742821, 77.248637 28.690088, 77.290000 28.670000)"
10837,20837,NR,Mock Vasant Kunj - Bamnoli 765 kV S/C Line 0837,765 kV,2450,1037.9,15.897,1,AL 59 Zebra,Quad,ISTS,Mock Powergrid Delhi,Commissioned,2019,TBCB,MOCK-NIP-00837,No,2019,,,,,,"Mock coordinates: Vasant Kunj (28.54000N, 77.16000E) to Bamnoli (28.53000N, 77.00000E)",765 kV (Commissioned),10837,Synthetic geometry constrained to approximate Delhi NCT study area,15.897,15.897,"LINESTRING (77.160000 28.540000, 77.126884 28.537290, 77.080738 28.526954, 77.031670 28.534380, 77.000000 28.530000)"
10838,20838,NR,Mock Wazirabad - Vasant Kunj 400 kV S/C Line 0838,400 kV,750,0.0,19.198,1,AL 59 Zebra,Twin Moose,ISTS,Mock Inter-State Grid Delhi,Under Bidding,January 2029,RTM,MOCK-NIP-00838,No,January 2029,,,,,,"Mock coordinates: Wazirabad (28.71000N, 77.18000E) to Vasant Kunj (28.54000N, 77.16000E)",400 kV (Under Bidding),10838,Synthetic geometry constrained to approximate Delhi NCT study area,19.198,19.198,"LINESTRING (77.180000 28.710000, 77.180048 28.680007, 77.181422 28.615362, 77.170176 28.562209, 77.160000 28.540000)"
10839,20839,NR,Mock Najafgarh - Bawana 220 kV S/C Line 0839,220 kV,500,0.0,22.251,1,ACSR Zebra,Single,Intra-State,Mock Delhi Transmission Utility,Under Construction,June 2025,RTM,MOCK-NIP-00839,Yes,June 2025,1.0,Mock Delhi Transmission Utility,36.0,8.0,24.0,"Mock coordinates: Najafgarh (28.61000N, 76.98000E) to Bawana (28.80000N, 77.05000E)",220 kV (Under Construction),10839,Synthetic geometry constrained to approximate Delhi NCT study area,22.251,22.251,"LINESTRING (76.980000 28.610000, 76.993168 28.645295, 77.013886 28.715396, 77.040758 28.769938, 77.050000 28.800000)"
10840,20840,NR,Mock Sarita Vihar - Mayur Vihar 765 kV D/C Line 0840,765 kV,5250,0.0,8.9,2,AL 59 Zebra,Hexa,ISTS,Mock Powergrid Delhi,Under Bidding,September 2029,TBCB,MOCK-NIP-00840,No,September 2029,,,,,,"Mock coordinates: Sarita Vihar (28.53000N, 77.30000E) to Mayur Vihar (28.61000N, 77.30000E)",765 kV (Under Bidding),10840,Synthetic geometry constrained to approximate Delhi NCT study area,8.9,8.9,"LINESTRING (77.300000 28.530000, 77.301493 28.567117, 77.300000 28.610000)"
10841,20841,NR,Mock Bawana - Mundka 220 kV D/C Line 0841,220 kV,650,370.0,15.561,2,ACSR Zebra,Single,Intra-State,Mock North Delhi Transmission Co.,Commissioned,2021,TBCB,MOCK-NIP-00841,Yes,2021,2.0,Mock North Delhi Transmission Co.,36.0,4.0,18.0,"Mock coordinates: Bawana (28.80000N, 77.05000E) to Mundka (28.68000N, 76.98000E)",220 kV (Commissioned),10841,Synthetic geometry constrained to approximate Delhi NCT study area,15.561,15.561,"LINESTRING (77.050000 28.800000, 76.999643 28.754841, 76.980000 28.680000)"
10842,20842,NR,Mock Ridge - Mundka 220 kV D/C Line 0842,220 kV,650,365.4,18.607,2,ACSR Zebra,Twin,Intra-State,Mock Delhi Transmission Utility,Commissioned,2019,TBCB,MOCK-NIP-00842,Yes,2019,2.0,Mock Delhi Transmission Utility,24.0,6.0,12.0,"Mock coordinates: Ridge (28.68000N, 77.17000E) to Mundka (28.68000N, 76.98000E)",220 kV (Commissioned),10842,Synthetic geometry constrained to approximate Delhi NCT study area,18.607,18.607,"LINESTRING (77.170000 28.680000, 77.132825 28.674646, 77.080367 28.674059, 77.014397 28.677762, 76.980000 28.680000)"
10843,20843,NR,Mock Badarpur - Mayur Vihar 220 kV D/C Line 0843,220 kV,850,472.1,12.58,2,ACSR Zebra,Single,Intra-State,Mock South Delhi Transmission Co.,Commissioned,2023,TBCB,MOCK-NIP-00843,Yes,2023,2.0,Mock South Delhi Transmission Co.,18.0,6.0,24.0,"Mock coordinates: Badarpur (28.50000N, 77.30000E) to Mayur Vihar (28.61000N, 77.30000E)",220 kV (Commissioned),10843,Synthetic geometry constrained to approximate Delhi NCT study area,12.58,12.58,"LINESTRING (77.300000 28.500000, 77.314738 28.566611, 77.300000 28.610000)"
10844,20844,NR,Mock Najafgarh - Bawana 220 kV S/C Line 0844,220 kV,500,210.9,22.565,1,ACSR Moose,Single,Intra-State,Mock South Delhi Transmission Co.,Commissioned,2025,TBCB,MOCK-NIP-00844,Yes,2025,1.0,Mock South Delhi Transmission Co.,24.0,6.0,18.0,"Mock coordinates: Najafgarh (28.61000N, 76.98000E) to Bawana (28.80000N, 77.05000E)",220 kV (Commissioned),10844,Synthetic geometry constrained to approximate Delhi NCT study area,22.565,22.565,"LINESTRING (76.980000 28.610000, 77.032716 28.694378, 77.050000 28.800000)"
10845,20845,NR,Mock Badarpur - Wazirabad 400 kV D/C Line 0845,400 kV,2050,0.0,26.212,2,ACSR Zebra,Twin Moose,ISTS,Mock Delhi Transmission Utility,Under Bidding,September 2027,RTM,MOCK-NIP-00845,No,September 2027,,,,,,"Mock coordinates: Badarpur (28.50000N, 77.30000E) to Wazirabad (28.71000N, 77.18000E)",400 kV (Under Bidding),10845,Synthetic geometry constrained to approximate Delhi NCT study area,26.212,26.212,"LINESTRING (77.300000 28.500000, 77.250844 28.607569, 77.180000 28.710000)"
10846,20846,NR,Mock Mahipalpur - Dwarka 765 kV S/C Line 0846,765 kV,2300,1547.1,10.96,1,ACSR / AAAC / AL59,Quad,Intra-State,Mock Inter-State Grid Delhi,Commissioned,2022,TBCB,MOCK-NIP-00846,No,2022,,,,,,"Mock coordinates: Mahipalpur (28.55000N, 77.13000E) to Dwarka (28.59000N, 77.03000E)",765 kV (Commissioned),10846,Synthetic geometry constrained to approximate Delhi NCT study area,10.96,10.96,"LINESTRING (77.130000 28.550000, 77.106599 28.560090, 77.067120 28.582450, 77.037495 28.584992, 77.030000 28.590000)"
10847,20847,NR,Mock Dwarka - Bawana 220 kV D/C Line 0847,220 kV,750,599.7,23.734,2,AAAC,Single,Intra-State,Mock South Delhi Transmission Co.,Commissioned,2025,TBCB,MOCK-NIP-00847,No,2025,,,,,,"Mock coordinates: Dwarka (28.59000N, 77.03000E) to Bawana (28.80000N, 77.05000E)",220 kV (Commissioned),10847,Synthetic geometry constrained to approximate Delhi NCT study area,23.734,23.734,"LINESTRING (77.030000 28.590000, 77.042414 28.626660, 77.057677 28.684902, 77.049316 28.764697, 77.050000 28.800000)"
10848,20848,NR,Mock Mahipalpur - Shahdara 220 kV S/C Line 0848,220 kV,500,393.1,20.61,1,AAAC,Single,Intra-State,Mock Delhi Transmission Utility,Commissioned,2025,TBCB,MOCK-NIP-00848,No,2025,,,,,,"Mock coordinates: Mahipalpur (28.55000N, 77.13000E) to Shahdara (28.67000N, 77.29000E)",220 kV (Commissioned),10848,Synthetic geometry constrained to approximate Delhi NCT study area,20.61,20.61,"LINESTRING (77.130000 28.550000, 77.161841 28.571777, 77.214735 28.604796, 77.263898 28.644526, 77.290000 28.670000)"
10849,20849,NR,Mock Sarita Vihar - Wazirabad 220 kV S/C Line 0849,220 kV,250,105.0,23.283,1,ACSR Zebra,Twin,Intra-State,Mock Delhi Transmission Utility,Commissioned,2023,RTM,MOCK-NIP-00849,No,2023,,,,,,"Mock coordinates: Sarita Vihar (28.53000N, 77.30000E) to Wazirabad (28.71000N, 77.18000E)",220 kV (Commissioned),10849,Synthetic geometry constrained to approximate Delhi NCT study area,23.283,23.283,"LINESTRING (77.300000 28.530000, 77.256276 28.614010, 77.180000 28.710000)"
10850,20850,NR,Mock Shahdara - Lodhi Road 220 kV S/C Line 0850,220 kV,250,105.3,11.501,1,ACSR Moose,Twin,Intra-State,Mock North Delhi Transmission Co.,Commissioned,2019,RTM,MOCK-NIP-00850,Yes,2019,1.0,Mock North Delhi Transmission Co.,24.0,4.0,18.0,"Mock coordinates: Shahdara (28.67000N, 77.29000E) to Lodhi Road (28.59000N, 77.22000E)",220 kV (Commissioned),10850,Synthetic geometry constrained to approximate Delhi NCT study area,11.501,11.501,"LINESTRING (77.290000 28.670000, 77.272682 28.654002, 77.252094 28.624936, 77.236374 28.597024, 77.220000 28.590000)"
10851,20851,NR,Mock Mayur Vihar - Badarpur 220 kV S/C Line 0851,220 kV,250,176.9,12.247,1,ACSR Zebra,Twin,Intra-State,Mock South Delhi Transmission Co.,Commissioned,2019,TBCB,MOCK-NIP-00851,No,2019,,,,,,"Mock coordinates: Mayur Vihar (28.61000N, 77.30000E) to Badarpur (28.50000N, 77.30000E)",220 kV (Commissioned),10851,Synthetic geometry constrained to approximate Delhi NCT study area,12.247,12.247,"LINESTRING (77.300000 28.610000, 77.303183 28.552160, 77.300000 28.500000)"
10852,20852,NR,Mock Narela - Wazirabad 220 kV S/C Line 0852,220 kV,350,258.0,18.034,1,AAAC,Single,Intra-State,Mock North Delhi Transmission Co.,Commissioned,2019,TBCB,MOCK-NIP-00852,No,2019,,,,,,"Mock coordinates: Narela (28.85000N, 77.09000E) to Wazirabad (28.71000N, 77.18000E)",220 kV (Commissioned),10852,Synthetic geometry constrained to approximate Delhi NCT study area,18.034,18.034,"LINESTRING (77.090000 28.850000, 77.111899 28.829120, 77.136453 28.779779, 77.166534 28.740325, 77.180000 28.710000)"
10853,20853,NR,Mock Bawana - Wazirabad 220 kV S/C Line 0853,220 kV,450,0.0,16.304,1,AAAC,Single,Intra-State,Mock North Delhi Transmission Co.,Under Bidding,January 2029,RTM,MOCK-NIP-00853,Yes,January 2029,1.0,Mock North Delhi Transmission Co.,24.0,4.0,12.0,"Mock coordinates: Bawana (28.80000N, 77.05000E) to Wazirabad (28.71000N, 77.18000E)",220 kV (Under Bidding),10853,Synthetic geometry constrained to approximate Delhi NCT study area,16.304,16.304,"LINESTRING (77.050000 28.800000, 77.078695 28.788325, 77.129144 28.749904, 77.163573 28.727824, 77.180000 28.710000)"
10854,20854,NR,Mock Patparganj - Mayur Vihar 220 kV D/C Line 0854,220 kV,500,0.0,3.591,2,AAAC,Single,Intra-State,Mock South Delhi Transmission Co.,Under Construction,September 2026,TBCB,MOCK-NIP-00854,Yes,September 2026,2.0,Mock South Delhi Transmission Co.,36.0,6.0,24.0,"Mock coordinates: Patparganj (28.63000N, 77.29000E) to Mayur Vihar (28.61000N, 77.30000E)",220 kV (Under Construction),10854,Synthetic geometry constrained to approximate Delhi NCT study area,3.591,3.591,"LINESTRING (77.290000 28.630000, 77.307686 28.609722, 77.300000 28.610000)"
10855,20855,NR,Mock Vasant Kunj - Sarita Vihar 400 kV D/C Line 0855,400 kV,2300,0.0,13.894,2,ACSR Moose,Twin Moose,ISTS,Mock Delhi Transmission Utility,Under Construction,January 2025,RTM,MOCK-NIP-00855,No,January 2025,,,,,,"Mock coordinates: Vasant Kunj (28.54000N, 77.16000E) to Sarita Vihar (28.53000N, 77.30000E)",400 kV (Under Construction),10855,Synthetic geometry constrained to approximate Delhi NCT study area,13.894,13.894,"LINESTRING (77.160000 28.540000, 77.235526 28.544439, 77.300000 28.530000)"
10856,20856,NR,Mock Wazirabad - Najafgarh 400 kV D/C Line 0856,400 kV,2250,1411.1,22.536,2,ACSR Zebra,Twin Moose,ISTS,Mock Inter-State Grid Delhi,Commissioned,2024,RTM,MOCK-NIP-00856,No,2024,,,,,,"Mock coordinates: Wazirabad (28.71000N, 77.18000E) to Najafgarh (28.61000N, 76.98000E)",400 kV (Commissioned),10856,Synthetic geometry constrained to approximate Delhi NCT study area,22.536,22.536,"LINESTRING (77.180000 28.710000, 77.134938 28.695208, 77.065876 28.658468, 77.012309 28.627915, 76.980000 28.610000)"
10857,20857,NR,Mock Rohini - Bawana 400 kV D/C Line 0857,400 kV,1550,869.2,8.96,2,ACSR Moose,Twin Moose,ISTS,Mock Inter-State Grid Delhi,Commissioned,2022,TBCB,MOCK-NIP-00857,No,2022,,,,,,"Mock coordinates: Rohini (28.74000N, 77.11000E) to Bawana (28.80000N, 77.05000E)",400 kV (Commissioned),10857,Synthetic geometry constrained to approximate Delhi NCT study area,8.96,8.96,"LINESTRING (77.110000 28.740000, 77.089834 28.754179, 77.063130 28.780592, 77.056495 28.791977, 77.050000 28.800000)"
10858,20858,NR,Mock Mayur Vihar - Okhla 220 kV S/C Line 0858,220 kV,500,0.0,9.734,1,ACSR Moose,Single,Intra-State,Mock South Delhi Transmission Co.,Under Construction,January 2025,TBCB,MOCK-NIP-00858,No,January 2025,,,,,,"Mock coordinates: Mayur Vihar (28.61000N, 77.30000E) to Okhla (28.53000N, 77.28000E)",220 kV (Under Construction),10858,Synthetic geometry constrained to approximate Delhi NCT study area,9.734,9.734,"LINESTRING (77.300000 28.610000, 77.293314 28.605519, 77.277334 28.581527, 77.283955 28.550684, 77.280000 28.530000)"
10859,20859,NR,Mock Mayur Vihar - Ridge 220 kV S/C Line 0859,220 kV,400,304.8,14.937,1,AAAC,Single,Intra-State,Mock South Delhi Transmission Co.,Commissioned,2018,RTM,MOCK-NIP-00859,No,2018,,,,,,"Mock coordinates: Mayur Vihar (28.61000N, 77.30000E) to Ridge (28.68000N, 77.17000E)",220 kV (Commissioned),10859,Synthetic geometry constrained to approximate Delhi NCT study area,14.937,14.937,"LINESTRING (77.300000 28.610000, 77.279327 28.624165, 77.246676 28.645032, 77.199675 28.667821, 77.170000 28.680000)"
10860,20860,NR,Mock Vasant Kunj - Shahdara 220 kV D/C Line 0860,220 kV,500,0.0,19.46,2,ACSR Moose,Twin,Intra-State,Mock South Delhi Transmission Co.,Planned,June 2027,RTM,MOCK-NIP-00860,No,June 2027,,,,,,"Mock coordinates: Vasant Kunj (28.54000N, 77.16000E) to Shahdara (28.67000N, 77.29000E)",220 kV (Planned),10860,Synthetic geometry constrained to approximate Delhi NCT study area,19.46,19.46,"LINESTRING (77.160000 28.540000, 77.207645 28.607680, 77.290000 28.670000)"
10861,20861,NR,Mock Bawana - Mundka 220 kV S/C Line 0861,220 kV,350,225.5,15.01,1,ACSR Zebra,Single,Intra-State,Mock North Delhi Transmission Co.,Commissioned,2022,RTM,MOCK-NIP-00861,Yes,2022,1.0,Mock North Delhi Transmission Co.,36.0,2.0,24.0,"Mock coordinates: Bawana (28.80000N, 77.05000E) to Mundka (28.68000N, 76.98000E)",220 kV (Commissioned),10861,Synthetic geometry constrained to approximate Delhi NCT study area,15.01,15.01,"LINESTRING (77.050000 28.800000, 77.021064 28.742387, 76.980000 28.680000)"
10862,20862,NR,Mock Vasant Kunj - Wazirabad 220 kV S/C Line 0862,220 kV,350,0.0,19.004,1,ACSR Zebra,Twin,Intra-State,Mock North Delhi Transmission Co.,Under Bidding,January 2028,TBCB,MOCK-NIP-00862,Yes,January 2028,1.0,Mock North Delhi Transmission Co.,24.0,4.0,18.0,"Mock coordinates: Vasant Kunj (28.54000N, 77.16000E) to Wazirabad (28.71000N, 77.18000E)",220 kV (Under Bidding),10862,Synthetic geometry constrained to approximate Delhi NCT study area,19.004,19.004,"LINESTRING (77.160000 28.540000, 77.169879 28.627405, 77.180000 28.710000)"
10863,20863,NR,Mock Narela - Rohini 220 kV S/C Line 0863,220 kV,250,158.6,12.618,1,ACSR Zebra,Twin,Intra-State,Mock North Delhi Transmission Co.,Commissioned,2019,TBCB,MOCK-NIP-00863,No,2019,,,,,,"Mock coordinates: Narela (28.85000N, 77.09000E) to Rohini (28.74000N, 77.11000E)",220 kV (Commissioned),10863,Synthetic geometry constrained to approximate Delhi NCT study area,12.618,12.618,"LINESTRING (77.090000 28.850000, 77.090726 28.835431, 77.086676 28.802482, 77.100823 28.766740, 77.110000 28.740000)"
10864,20864,NR,Mock Narela - Mundka 220 kV S/C Line 0864,220 kV,300,134.4,22.017,1,AAAC,Single,Intra-State,Mock North Delhi Transmission Co.,Commissioned,2025,TBCB,MOCK-NIP-00864,Yes,2025,1.0,Mock North Delhi Transmission Co.,24.0,2.0,18.0,"Mock coordinates: Narela (28.85000N, 77.09000E) to Mundka (28.68000N, 76.98000E)",220 kV (Commissioned),10864,Synthetic geometry constrained to approximate Delhi NCT study area,22.017,22.017,"LINESTRING (77.090000 28.850000, 77.019375 28.773110, 76.980000 28.680000)"
10865,20865,NR,Mock Rohini - Mayur Vihar 220 kV S/C Line 0865,220 kV,400,0.0,23.507,1,ACSR Zebra,Twin,Intra-State,Mock South Delhi Transmission Co.,Planned,March 2027,RTM,MOCK-NIP-00865,No,March 2027,,,,,,"Mock coordinates: Rohini (28.74000N, 77.11000E) to Mayur Vihar (28.61000N, 77.30000E)",220 kV (Planned),10865,Synthetic geometry constrained to approximate Delhi NCT study area,23.507,23.507,"LINESTRING (77.110000 28.740000, 77.193350 28.684198, 77.300000 28.610000)"
10866,20866,NR,Mock Lodhi Road - Mahipalpur 220 kV D/C Line 0866,220 kV,650,0.0,10.19,2,ACSR Zebra,Single,Intra-State,Mock North Delhi Transmission Co.,Under Bidding,March 2026,RTM,MOCK-NIP-00866,No,March 2026,,,,,,"Mock coordinates: Lodhi Road (28.59000N, 77.22000E) to Mahipalpur (28.55000N, 77.13000E)",220 kV (Under Bidding),10866,Synthetic geometry constrained to approximate Delhi NCT study area,10.19,10.19,"LINESTRING (77.220000 28.590000, 77.174233 28.582741, 77.130000 28.550000)"
10867,20867,NR,Mock Punjabi Bagh - Mayur Vihar 220 kV D/C Line 0867,220 kV,550,293.7,18.114,2,ACSR Zebra,Twin,Intra-State,Mock South Delhi Transmission Co.,Commissioned,2021,TBCB,MOCK-NIP-00867,Yes,2021,2.0,Mock South Delhi Transmission Co.,12.0,6.0,12.0,"Mock coordinates: Punjabi Bagh (28.67000N, 77.13000E) to Mayur Vihar (28.61000N, 77.30000E)",220 kV (Commissioned),10867,Synthetic geometry constrained to approximate Delhi NCT study area,18.114,18.114,"LINESTRING (77.130000 28.670000, 77.169112 28.658822, 77.224845 28.647432, 77.275580 28.628056, 77.300000 28.610000)"
10868,20868,NR,Mock Badarpur - Ridge 220 kV S/C Line 0868,220 kV,450,0.0,23.791,1,ACSR Zebra,Single,Intra-State,Mock North Delhi Transmission Co.,Under Construction,January 2029,TBCB,MOCK-NIP-00868,No,January 2029,,,,,,"Mock coordinates: Badarpur (28.50000N, 77.30000E) to Ridge (28.68000N, 77.17000E)",220 kV (Under Construction),10868,Synthetic geometry constrained to approximate Delhi NCT study area,23.791,23.791,"LINESTRING (77.300000 28.500000, 77.273000 28.533684, 77.229194 28.597492, 77.186327 28.646274, 77.170000 28.680000)"
10869,20869,NR,Mock Okhla - Mahipalpur 220 kV D/C Line 0869,220 kV,750,0.0,15.14,2,ACSR Zebra,Single,Intra-State,Mock Delhi Transmission Utility,Under Bidding,June 2029,TBCB,MOCK-NIP-00869,Yes,June 2029,2.0,Mock Delhi Transmission Utility,12.0,8.0,18.0,"Mock coordinates: Okhla (28.53000N, 77.28000E) to Mahipalpur (28.55000N, 77.13000E)",220 kV (Under Bidding),10869,Synthetic geometry constrained to approximate Delhi NCT study area,15.14,15.14,"LINESTRING (77.280000 28.530000, 77.255686 28.531542, 77.198234 28.549665, 77.151484 28.555452, 77.130000 28.550000)"
10870,20870,NR,Mock Vasant Kunj - Lodhi Road 400 kV S/C Line 0870,400 kV,750,0.0,9.315,1,ACSR Zebra,Quad,ISTS,Mock Delhi Transmission Utility,Planned,January 2027,TBCB,MOCK-NIP-00870,Yes,January 2027,1.0,Mock Delhi Transmission Utility,18.0,2.0,12.0,"Mock coordinates: Vasant Kunj (28.54000N, 77.16000E) to Lodhi Road (28.59000N, 77.22000E)",400 kV (Planned),10870,Synthetic geometry constrained to approximate Delhi NCT study area,9.315,9.315,"LINESTRING (77.160000 28.540000, 77.172818 28.579438, 77.220000 28.590000)"
10871,20871,NR,Mock Bawana - Najafgarh 400 kV S/C Line 0871,400 kV,900,0.0,22.275,1,ACSR Moose,Quad,ISTS,Mock Inter-State Grid Delhi,Under Bidding,September 2027,TBCB,MOCK-NIP-00871,Yes,September 2027,1.0,Mock Inter-State Grid Delhi,24.0,6.0,24.0,"Mock coordinates: Bawana (28.80000N, 77.05000E) to Najafgarh (28.61000N, 76.98000E)",400 kV (Under Bidding),10871,Synthetic geometry constrained to approximate Delhi NCT study area,22.275,22.275,"LINESTRING (77.050000 28.800000, 77.008214 28.712819, 76.980000 28.610000)"
10872,20872,NR,Mock Bawana - Wazirabad 220 kV D/C Line 0872,220 kV,950,455.5,16.155,2,ACSR Zebra,Single,Intra-State,Mock North Delhi Transmission Co.,Commissioned,2021,TBCB,MOCK-NIP-00872,No,2021,,,,,,"Mock coordinates: Bawana (28.80000N, 77.05000E) to Wazirabad (28.71000N, 77.18000E)",220 kV (Commissioned),10872,Synthetic geometry constrained to approximate Delhi NCT study area,16.155,16.155,"LINESTRING (77.050000 28.800000, 77.099475 28.768470, 77.180000 28.710000)"
10873,20873,NR,Mock Rohini - Patparganj 400 kV S/C Line 0873,400 kV,1000,751.9,21.406,1,ACSR Zebra,Twin Moose,ISTS,Mock Delhi Transmission Utility,Commissioned,2022,RTM,MOCK-NIP-00873,No,2022,,,,,,"Mock coordinates: Rohini (28.74000N, 77.11000E) to Patparganj (28.63000N, 77.29000E)",400 kV (Commissioned),10873,Synthetic geometry constrained to approximate Delhi NCT study area,21.406,21.406,"LINESTRING (77.110000 28.740000, 77.188062 28.689455, 77.290000 28.630000)"
10874,20874,NR,Mock Dwarka - Ridge 220 kV D/C Line 0874,220 kV,950,0.0,17.197,2,AAAC,Twin,Intra-State,Mock North Delhi Transmission Co.,Planned,June 2028,TBCB,MOCK-NIP-00874,Yes,June 2028,2.0,Mock North Delhi Transmission Co.,36.0,2.0,12.0,"Mock coordinates: Dwarka (28.59000N, 77.03000E) to Ridge (28.68000N, 77.17000E)",220 kV (Planned),10874,Synthetic geometry constrained to approximate Delhi NCT study area,17.197,17.197,"LINESTRING (77.030000 28.590000, 77.057102 28.597433, 77.101712 28.621781, 77.146433 28.657755, 77.170000 28.680000)"
10875,20875,NR,Mock Sarita Vihar - Lodhi Road 220 kV S/C Line 0875,220 kV,450,304.6,10.645,1,ACSR Zebra,Single,Intra-State,Mock Delhi Transmission Utility,Commissioned,2022,RTM,MOCK-NIP-00875,No,2022,,,,,,"Mock coordinates: Sarita Vihar (28.53000N, 77.30000E) to Lodhi Road (28.59000N, 77.22000E)",220 kV (Commissioned),10875,Synthetic geometry constrained to approximate Delhi NCT study area,10.645,10.645,"LINESTRING (77.300000 28.530000, 77.278321 28.539596, 77.248882 28.552588, 77.225548 28.578958, 77.220000 28.590000)"
10876,20876,NR,Mock Wazirabad - Punjabi Bagh 220 kV S/C Line 0876,220 kV,450,0.0,6.751,1,ACSR Moose,Single,Intra-State,Mock North Delhi Transmission Co.,Under Bidding,March 2026,TBCB,MOCK-NIP-00876,Yes,March 2026,1.0,Mock North Delhi Transmission Co.,18.0,8.0,18.0,"Mock coordinates: Wazirabad (28.71000N, 77.18000E) to Punjabi Bagh (28.67000N, 77.13000E)",220 kV (Under Bidding),10876,Synthetic geometry constrained to approximate Delhi NCT study area,6.751,6.751,"LINESTRING (77.180000 28.710000, 77.167340 28.698917, 77.137101 28.681306, 77.130582 28.673322, 77.130000 28.670000)"
10877,20877,NR,Mock Dwarka - Vasant Kunj 220 kV D/C Line 0877,220 kV,500,324.0,14.125,2,ACSR Zebra,Single,Intra-State,Mock Delhi Transmission Utility,Commissioned,2019,RTM,MOCK-NIP-00877,No,2019,,,,,,"Mock coordinates: Dwarka (28.59000N, 77.03000E) to Vasant Kunj (28.54000N, 77.16000E)",220 kV (Commissioned),10877,Synthetic geometry constrained to approximate Delhi NCT study area,14.125,14.125,"LINESTRING (77.030000 28.590000, 77.094637 28.578474, 77.160000 28.540000)"
10878,20878,NR,Mock Vasant Kunj - Dwarka 220 kV S/C Line 0878,220 kV,500,0.0,14.1,1,ACSR Zebra,Single,Intra-State,Mock North Delhi Transmission Co.,Under Construction,September 2027,TBCB,MOCK-NIP-00878,No,September 2027,,,,,,"Mock coordinates: Vasant Kunj (28.54000N, 77.16000E) to Dwarka (28.59000N, 77.03000E)",220 kV (Under Construction),10878,Synthetic geometry constrained to approximate Delhi NCT study area,14.1,14.1,"LINESTRING (77.160000 28.540000, 77.087204 28.555312, 77.030000 28.590000)"
10879,20879,NR,Mock Sarita Vihar - Okhla 220 kV S/C Line 0879,220 kV,500,0.0,3.32,1,ACSR Zebra,Twin,Intra-State,Mock North Delhi Transmission Co.,Under Construction,June 2027,RTM,MOCK-NIP-00879,No,June 2027,,,,,,"Mock coordinates: Sarita Vihar (28.53000N, 77.30000E) to Okhla (28.53000N, 77.28000E)",220 kV (Under Construction),10879,Synthetic geometry constrained to approximate Delhi NCT study area,3.32,3.32,"LINESTRING (77.300000 28.530000, 77.277776 28.521617, 77.280000 28.530000)"
10880,20880,NR,Mock Lodhi Road - Okhla 400 kV D/C Line 0880,400 kV,1800,706.9,8.88,2,ACSR Moose,Quad,ISTS,Mock Delhi Transmission Utility,Commissioned,2020,RTM,MOCK-NIP-00880,No,2020,,,,,,"Mock coordinates: Lodhi Road (28.59000N, 77.22000E) to Okhla (28.53000N, 77.28000E)",400 kV (Commissioned),10880,Synthetic geometry constrained to approximate Delhi NCT study area,8.88,8.88,"LINESTRING (77.220000 28.590000, 77.256837 28.553154, 77.280000 28.530000)"
10881,20881,NR,Mock Lodhi Road - Rohini 400 kV D/C Line 0881,400 kV,1800,1240.5,20.199,2,AL 59 Zebra,Twin Moose,ISTS,Mock Delhi Transmission Utility,Commissioned,2024,TBCB,MOCK-NIP-00881,Yes,2024,2.0,Mock Delhi Transmission Utility,24.0,4.0,24.0,"Mock coordinates: Lodhi Road (28.59000N, 77.22000E) to Rohini (28.74000N, 77.11000E)",400 kV (Commissioned),10881,Synthetic geometry constrained to approximate Delhi NCT study area,20.199,20.199,"LINESTRING (77.220000 28.590000, 77.152367 28.650587, 77.110000 28.740000)"
10882,20882,NR,Mock Sarita Vihar - Pusa 220 kV D/C Line 0882,220 kV,700,0.0,17.759,2,ACSR Moose,Single,Intra-State,Mock Delhi Transmission Utility,Under Construction,March 2028,TBCB,MOCK-NIP-00882,Yes,March 2028,2.0,Mock Delhi Transmission Utility,24.0,8.0,12.0,"Mock coordinates: Sarita Vihar (28.53000N, 77.30000E) to Pusa (28.64000N, 77.17000E)",220 kV (Under Construction),10882,Synthetic geometry constrained to approximate Delhi NCT study area,17.759,17.759,"LINESTRING (77.300000 28.530000, 77.247309 28.588047, 77.170000 28.640000)"
10883,20883,NR,Mock Shahdara - Narela 220 kV S/C Line 0883,220 kV,350,187.1,27.956,1,AAAC,Single,Intra-State,Mock North Delhi Transmission Co.,Commissioned,2021,RTM,MOCK-NIP-00883,Yes,2021,1.0,Mock North Delhi Transmission Co.,18.0,4.0,18.0,"Mock coordinates: Shahdara (28.67000N, 77.29000E) to Narela (28.85000N, 77.09000E)",220 kV (Commissioned),10883,Synthetic geometry constrained to approximate Delhi NCT study area,27.956,27.956,"LINESTRING (77.290000 28.670000, 77.196830 28.748096, 77.090000 28.850000)"
10884,20884,NR,Mock Wazirabad - Bawana 765 kV D/C Line 0884,765 kV,4050,0.0,16.188,2,AL 59 Zebra,Quad,ISTS,Mock Inter-State Grid Delhi,Under Bidding,December 2027,TBCB,MOCK-NIP-00884,No,December 2027,,,,,,"Mock coordinates: Wazirabad (28.71000N, 77.18000E) to Bawana (28.80000N, 77.05000E)",765 kV (Under Bidding),10884,Synthetic geometry constrained to approximate Delhi NCT study area,16.188,16.188,"LINESTRING (77.180000 28.710000, 77.106232 28.767546, 77.050000 28.800000)"
10885,20885,NR,Mock Bamnoli - Rohini 765 kV D/C Line 0885,765 kV,3950,0.0,25.744,2,ACSR / AAAC / AL59,Quad,ISTS,Mock Inter-State Grid Delhi,Under Bidding,September 2025,RTM,MOCK-NIP-00885,No,September 2025,,,,,,"Mock coordinates: Bamnoli (28.53000N, 77.00000E) to Rohini (28.74000N, 77.11000E)",765 kV (Under Bidding),10885,Synthetic geometry constrained to approximate Delhi NCT study area,25.744,25.744,"LINESTRING (77.000000 28.530000, 77.022036 28.567153, 77.054136 28.628312, 77.095562 28.700784, 77.110000 28.740000)"
10886,20886,NR,Mock Badarpur - Mayur Vihar 765 kV S/C Line 0886,765 kV,2700,0.0,12.238,1,AL 59 Zebra,Quad,Intra-State,Mock Inter-State Grid Delhi,Under Construction,March 2026,RTM,MOCK-NIP-00886,No,March 2026,,,,,,"Mock coordinates: Badarpur (28.50000N, 77.30000E) to Mayur Vihar (28.61000N, 77.30000E)",765 kV (Under Construction),10886,Synthetic geometry constrained to approximate Delhi NCT study area,12.238,12.238,"LINESTRING (77.300000 28.500000, 77.302026 28.544929, 77.300000 28.610000)"
10887,20887,NR,Mock Dwarka - Najafgarh 220 kV S/C Line 0887,220 kV,500,278.2,6.278,1,AAAC,Single,Intra-State,Mock South Delhi Transmission Co.,Commissioned,2020,RTM,MOCK-NIP-00887,Yes,2020,1.0,Mock South Delhi Transmission Co.,12.0,4.0,18.0,"Mock coordinates: Dwarka (28.59000N, 77.03000E) to Najafgarh (28.61000N, 76.98000E)",220 kV (Commissioned),10887,Synthetic geometry constrained to approximate Delhi NCT study area,6.278,6.278,"LINESTRING (77.030000 28.590000, 76.997620 28.586838, 76.980000 28.610000)"
10888,20888,NR,Mock Sarita Vihar - Wazirabad 220 kV D/C Line 0888,220 kV,600,423.6,23.544,2,ACSR Moose,Single,Intra-State,Mock Delhi Transmission Utility,Commissioned,2021,RTM,MOCK-NIP-00888,Yes,2021,2.0,Mock Delhi Transmission Utility,36.0,8.0,12.0,"Mock coordinates: Sarita Vihar (28.53000N, 77.30000E) to Wazirabad (28.71000N, 77.18000E)",220 kV (Commissioned),10888,Synthetic geometry constrained to approximate Delhi NCT study area,23.544,23.544,"LINESTRING (77.300000 28.530000, 77.278974 28.555663, 77.228170 28.606054, 77.191877 28.669509, 77.180000 28.710000)"
10889,20889,NR,Mock Punjabi Bagh - Patparganj 220 kV D/C Line 0889,220 kV,500,0.0,16.419,2,ACSR Zebra,Twin,Intra-State,Mock South Delhi Transmission Co.,Planned,December 2026,RTM,MOCK-NIP-00889,No,December 2026,,,,,,"Mock coordinates: Punjabi Bagh (28.67000N, 77.13000E) to Patparganj (28.63000N, 77.29000E)",220 kV (Planned),10889,Synthetic geometry constrained to approximate Delhi NCT study area,16.419,16.419,"LINESTRING (77.130000 28.670000, 77.158019 28.663744, 77.202050 28.642807, 77.253458 28.633352, 77.290000 28.630000)"
10890,20890,NR,Mock Wazirabad - Ridge 400 kV S/C Line 0890,400 kV,750,531.2,3.698,1,ACSR Moose,Twin Moose,ISTS,Mock Delhi Transmission Utility,Commissioned,2019,RTM,MOCK-NIP-00890,No,2019,,,,,,"Mock coordinates: Wazirabad (28.71000N, 77.18000E) to Ridge (28.68000N, 77.17000E)",400 kV (Commissioned),10890,Synthetic geometry constrained to approximate Delhi NCT study area,3.698,3.698,"LINESTRING (77.180000 28.710000, 77.174256 28.707280, 77.170000 28.680000)"
10891,20891,NR,Mock Pusa - Rohini 400 kV S/C Line 0891,400 kV,850,463.7,12.715,1,ACSR Moose,Quad,ISTS,Mock Delhi Transmission Utility,Commissioned,2019,RTM,MOCK-NIP-00891,No,2019,,,,,,"Mock coordinates: Pusa (28.64000N, 77.17000E) to Rohini (28.74000N, 77.11000E)",400 kV (Commissioned),10891,Synthetic geometry constrained to approximate Delhi NCT study area,12.715,12.715,"LINESTRING (77.170000 28.640000, 77.155458 28.653529, 77.134208 28.691127, 77.114613 28.722027, 77.110000 28.740000)"
10892,20892,NR,Mock Okhla - Shahdara 220 kV S/C Line 0892,220 kV,400,0.0,15.762,1,ACSR Zebra,Twin,Intra-State,Mock South Delhi Transmission Co.,Under Bidding,March 2027,RTM,MOCK-NIP-00892,No,March 2027,,,,,,"Mock coordinates: Okhla (28.53000N, 77.28000E) to Shahdara (28.67000N, 77.29000E)",220 kV (Under Bidding),10892,Synthetic geometry constrained to approximate Delhi NCT study area,15.762,15.762,"LINESTRING (77.280000 28.530000, 77.272927 28.593289, 77.290000 28.670000)"
10893,20893,NR,Mock Ridge - Rohini 220 kV D/C Line 0893,220 kV,750,336.9,9.565,2,ACSR Moose,Single,Intra-State,Mock South Delhi Transmission Co.,Commissioned,2019,RTM,MOCK-NIP-00893,No,2019,,,,,,"Mock coordinates: Ridge (28.68000N, 77.17000E) to Rohini (28.74000N, 77.11000E)",220 kV (Commissioned),10893,Synthetic geometry constrained to approximate Delhi NCT study area,9.565,9.565,"LINESTRING (77.170000 28.680000, 77.124975 28.700713, 77.110000 28.740000)"
10894,20894,NR,Mock Lodhi Road - Badarpur 220 kV S/C Line 0894,220 kV,350,244.1,12.744,1,ACSR Zebra,Single,Intra-State,Mock North Delhi Transmission Co.,Commissioned,2024,RTM,MOCK-NIP-00894,Yes,2024,1.0,Mock North Delhi Transmission Co.,36.0,2.0,12.0,"Mock coordinates: Lodhi Road (28.59000N, 77.22000E) to Badarpur (28.50000N, 77.30000E)",220 kV (Commissioned),10894,Synthetic geometry constrained to approximate Delhi NCT study area,12.744,12.744,"LINESTRING (77.220000 28.590000, 77.240935 28.572943, 77.269091 28.537824, 77.290098 28.512960, 77.300000 28.500000)"
10895,20895,NR,Mock Punjabi Bagh - Bawana 220 kV D/C Line 0895,220 kV,950,610.2,16.893,2,AAAC,Single,Intra-State,Mock Delhi Transmission Utility,Commissioned,2023,RTM,MOCK-NIP-00895,Yes,2023,2.0,Mock Delhi Transmission Utility,24.0,2.0,18.0,"Mock coordinates: Punjabi Bagh (28.67000N, 77.13000E) to Bawana (28.80000N, 77.05000E)",220 kV (Commissioned),10895,Synthetic geometry constrained to approximate Delhi NCT study area,16.893,16.893,"LINESTRING (77.130000 28.670000, 77.107879 28.688341, 77.072101 28.727839, 77.056073 28.774934, 77.050000 28.800000)"
10896,20896,NR,Mock Vasant Kunj - Bamnoli 220 kV D/C Line 0896,220 kV,500,0.0,15.746,2,ACSR Moose,Twin,Intra-State,Mock Delhi Transmission Utility,Under Construction,January 2025,RTM,MOCK-NIP-00896,Yes,January 2025,2.0,Mock Delhi Transmission Utility,36.0,6.0,24.0,"Mock coordinates: Vasant Kunj (28.54000N, 77.16000E) to Bamnoli (28.53000N, 77.00000E)",220 kV (Under Construction),10896,Synthetic geometry constrained to approximate Delhi NCT study area,15.746,15.746,"LINESTRING (77.160000 28.540000, 77.138164 28.538441, 77.090265 28.531260, 77.026229 28.526936, 77.000000 28.530000)"
10897,20897,NR,Mock Wazirabad - Ridge 220 kV S/C Line 0897,220 kV,300,134.8,5.069,1,ACSR Moose,Twin,Intra-State,Mock North Delhi Transmission Co.,Commissioned,2021,RTM,MOCK-NIP-00897,No,2021,,,,,,"Mock coordinates: Wazirabad (28.71000N, 77.18000E) to Ridge (28.68000N, 77.17000E)",220 kV (Commissioned),10897,Synthetic geometry constrained to approximate Delhi NCT study area,5.069,5.069,"LINESTRING (77.180000 28.710000, 77.186281 28.712800, 77.189948 28.702155, 77.178707 28.688324, 77.170000 28.680000)"
10898,20898,NR,Mock Mundka - Pusa 220 kV S/C Line 0898,220 kV,450,180.9,19.073,1,ACSR Zebra,Twin,Intra-State,Mock South Delhi Transmission Co.,Commissioned,2024,TBCB,MOCK-NIP-00898,Yes,2024,1.0,Mock South Delhi Transmission Co.,18.0,6.0,24.0,"Mock coordinates: Mundka (28.68000N, 76.98000E) to Pusa (28.64000N, 77.17000E)",220 kV (Commissioned),10898,Synthetic geometry constrained to approximate Delhi NCT study area,19.073,19.073,"LINESTRING (76.980000 28.680000, 77.059359 28.665899, 77.170000 28.640000)"
10899,20899,NR,Mock Lodhi Road - Mayur Vihar 220 kV S/C Line 0899,220 kV,250,0.0,8.151,1,ACSR Moose,Single,Intra-State,Mock North Delhi Transmission Co.,Under Bidding,March 2025,TBCB,MOCK-NIP-00899,Yes,March 2025,1.0,Mock North Delhi Transmission Co.,36.0,4.0,24.0,"Mock coordinates: Lodhi Road (28.59000N, 77.22000E) to Mayur Vihar (28.61000N, 77.30000E)",220 kV (Under Bidding),10899,Synthetic geometry constrained to approximate Delhi NCT study area,8.151,8.151,"LINESTRING (77.220000 28.590000, 77.249699 28.594288, 77.300000 28.610000)"
10900,20900,NR,Mock Badarpur - Shahdara 220 kV D/C Line 0900,220 kV,700,0.0,18.986,2,ACSR Moose,Twin,Intra-State,Mock South Delhi Transmission Co.,Under Bidding,December 2026,RTM,MOCK-NIP-00900,No,December 2026,,,,,,"Mock coordinates: Badarpur (28.50000N, 77.30000E) to Shahdara (28.67000N, 77.29000E)",220 kV (Under Bidding),10900,Synthetic geometry constrained to approximate Delhi NCT study area,18.986,18.986,"LINESTRING (77.300000 28.500000, 77.303183 28.529214, 77.296565 28.575609, 77.294322 28.636601, 77.290000 28.670000)"
10901,20901,NR,Mock Lodhi Road - Punjabi Bagh 765 kV D/C Line 0901,765 kV,4900,0.0,12.52,2,ACSR / AAAC / AL59,Quad,Intra-State,Mock Inter-State Grid Delhi,Under Construction,March 2026,TBCB,MOCK-NIP-00901,Yes,March 2026,2.0,Mock Inter-State Grid Delhi,18.0,6.0,12.0,"Mock coordinates: Lodhi Road (28.59000N, 77.22000E) to Punjabi Bagh (28.67000N, 77.13000E)",765 kV (Under Construction),10901,Synthetic geometry constrained to approximate Delhi NCT study area,12.52,12.52,"LINESTRING (77.220000 28.590000, 77.163424 28.644469, 77.130000 28.670000)"
10902,20902,NR,Mock Lodhi Road - Okhla 400 kV D/C Line 0902,400 kV,2050,1217.1,9.277,2,ACSR Moose,Twin Moose,ISTS,Mock Delhi Transmission Utility,Commissioned,2019,RTM,MOCK-NIP-00902,No,2019,,,,,,"Mock coordinates: Lodhi Road (28.59000N, 77.22000E) to Okhla (28.53000N, 77.28000E)",400 kV (Commissioned),10902,Synthetic geometry constrained to approximate Delhi NCT study area,9.277,9.277,"LINESTRING (77.220000 28.590000, 77.234339 28.587207, 77.253136 28.571504, 77.274269 28.539607, 77.280000 28.530000)"
10903,20903,NR,Mock Dwarka - Ridge 220 kV D/C Line 0903,220 kV,850,0.0,16.949,2,ACSR Moose,Single,Intra-State,Mock South Delhi Transmission Co.,Under Bidding,January 2028,RTM,MOCK-NIP-00903,No,January 2028,,,,,,"Mock coordinates: Dwarka (28.59000N, 77.03000E) to Ridge (28.68000N, 77.17000E)",220 kV (Under Bidding),10903,Synthetic geometry constrained to approximate Delhi NCT study area,16.949,16.949,"LINESTRING (77.030000 28.590000, 77.089804 28.632150, 77.170000 28.680000)"
10904,20904,NR,Mock Patparganj - Shahdara 220 kV S/C Line 0904,220 kV,400,200.1,5.201,1,AAAC,Twin,Intra-State,Mock Delhi Transmission Utility,Commissioned,2023,RTM,MOCK-NIP-00904,No,2023,,,,,,"Mock coordinates: Patparganj (28.63000N, 77.29000E) to Shahdara (28.67000N, 77.29000E)",220 kV (Commissioned),10904,Synthetic geometry constrained to approximate Delhi NCT study area,5.201,5.201,"LINESTRING (77.290000 28.630000, 77.302902 28.658367, 77.290000 28.670000)"
10905,20905,NR,Mock Shahdara - Wazirabad 220 kV D/C Line 0905,220 kV,900,387.1,11.824,2,AAAC,Single,Intra-State,Mock South Delhi Transmission Co.,Commissioned,2024,TBCB,MOCK-NIP-00905,Yes,2024,2.0,Mock South Delhi Transmission Co.,12.0,4.0,18.0,"Mock coordinates: Shahdara (28.67000N, 77.29000E) to Wazirabad (28.71000N, 77.18000E)",220 kV (Commissioned),10905,Synthetic geometry constrained to approximate Delhi NCT study area,11.824,11.824,"LINESTRING (77.290000 28.670000, 77.236791 28.700128, 77.180000 28.710000)"
10906,20906,NR,Mock Badarpur - Pusa 400 kV D/C Line 0906,400 kV,2050,879.0,20.185,2,ACSR Zebra,Quad,Intra-State,Mock Inter-State Grid Delhi,Commissioned,2020,RTM,MOCK-NIP-00906,Yes,2020,2.0,Mock Inter-State Grid Delhi,36.0,4.0,12.0,"Mock coordinates: Badarpur (28.50000N, 77.30000E) to Pusa (28.64000N, 77.17000E)",400 kV (Commissioned),10906,Synthetic geometry constrained to approximate Delhi NCT study area,20.185,20.185,"LINESTRING (77.300000 28.500000, 77.278665 28.515507, 77.245515 28.559018, 77.191908 28.611968, 77.170000 28.640000)"
10907,20907,NR,Mock Najafgarh - Mundka 400 kV D/C Line 0907,400 kV,2300,1366.5,7.832,2,ACSR Zebra,Twin Moose,Intra-State,Mock Inter-State Grid Delhi,Commissioned,2025,RTM,MOCK-NIP-00907,No,2025,,,,,,"Mock coordinates: Najafgarh (28.61000N, 76.98000E) to Mundka (28.68000N, 76.98000E)",400 kV (Commissioned),10907,Synthetic geometry constrained to approximate Delhi NCT study area,7.832,7.832,"LINESTRING (76.980000 28.610000, 76.980758 28.620334, 76.983836 28.645176, 76.980362 28.662918, 76.980000 28.680000)"
10908,20908,NR,Mock Shahdara - Pusa 220 kV S/C Line 0908,220 kV,500,257.9,12.195,1,AAAC,Twin,Intra-State,Mock Delhi Transmission Utility,Commissioned,2023,RTM,MOCK-NIP-00908,No,2023,,,,,,"Mock coordinates: Shahdara (28.67000N, 77.29000E) to Pusa (28.64000N, 77.17000E)",220 kV (Commissioned),10908,Synthetic geometry constrained to approximate Delhi NCT study area,12.195,12.195,"LINESTRING (77.290000 28.670000, 77.246786 28.662313, 77.170000 28.640000)"
10909,20909,NR,Mock Sarita Vihar - Shahdara 220 kV S/C Line 0909,220 kV,300,0.0,15.808,1,ACSR Zebra,Twin,Intra-State,Mock Delhi Transmission Utility,Under Construction,March 2026,TBCB,MOCK-NIP-00909,No,March 2026,,,,,,"Mock coordinates: Sarita Vihar (28.53000N, 77.30000E) to Shahdara (28.67000N, 77.29000E)",220 kV (Under Construction),10909,Synthetic geometry constrained to approximate Delhi NCT study area,15.808,15.808,"LINESTRING (77.300000 28.530000, 77.308843 28.587651, 77.290000 28.670000)"
10910,20910,NR,Mock Mahipalpur - Shahdara 220 kV S/C Line 0910,220 kV,400,325.3,20.666,1,AAAC,Twin,Intra-State,Mock North Delhi Transmission Co.,Commissioned,2022,TBCB,MOCK-NIP-00910,No,2022,,,,,,"Mock coordinates: Mahipalpur (28.55000N, 77.13000E) to Shahdara (28.67000N, 77.29000E)",220 kV (Commissioned),10910,Synthetic geometry constrained to approximate Delhi NCT study area,20.666,20.666,"LINESTRING (77.130000 28.550000, 77.204809 28.619522, 77.290000 28.670000)"
10911,20911,NR,Mock Vasant Kunj - Wazirabad 400 kV D/C Line 0911,400 kV,1450,0.0,19.175,2,ACSR Zebra,Twin Moose,ISTS,Mock Inter-State Grid Delhi,Under Bidding,March 2025,TBCB,MOCK-NIP-00911,Yes,March 2025,2.0,Mock Inter-State Grid Delhi,24.0,2.0,12.0,"Mock coordinates: Vasant Kunj (28.54000N, 77.16000E) to Wazirabad (28.71000N, 77.18000E)",400 kV (Under Bidding),10911,Synthetic geometry constrained to approximate Delhi NCT study area,19.175,19.175,"LINESTRING (77.160000 28.540000, 77.156170 28.619120, 77.180000 28.710000)"
10912,20912,NR,Mock Wazirabad - Sarita Vihar 220 kV D/C Line 0912,220 kV,500,0.0,23.193,2,AAAC,Single,Intra-State,Mock South Delhi Transmission Co.,Planned,January 2026,RTM,MOCK-NIP-00912,No,January 2026,,,,,,"Mock coordinates: Wazirabad (28.71000N, 77.18000E) to Sarita Vihar (28.53000N, 77.30000E)",220 kV (Planned),10912,Synthetic geometry constrained to approximate Delhi NCT study area,23.193,23.193,"LINESTRING (77.180000 28.710000, 77.238255 28.625819, 77.300000 28.530000)"
10913,20913,NR,Mock Patparganj - Vasant Kunj 400 kV D/C Line 0913,400 kV,1700,0.0,16.303,2,ACSR Moose,Quad,ISTS,Mock Inter-State Grid Delhi,Under Bidding,June 2029,TBCB,MOCK-NIP-00913,No,June 2029,,,,,,"Mock coordinates: Patparganj (28.63000N, 77.29000E) to Vasant Kunj (28.54000N, 77.16000E)",400 kV (Under Bidding),10913,Synthetic geometry constrained to approximate Delhi NCT study area,16.303,16.303,"LINESTRING (77.290000 28.630000, 77.227984 28.574968, 77.160000 28.540000)"
10914,20914,NR,Mock Badarpur - Pusa 220 kV S/C Line 0914,220 kV,350,0.0,20.218,1,ACSR Moose,Twin,Intra-State,Mock Delhi Transmission Utility,Planned,September 2026,RTM,MOCK-NIP-00914,Yes,September 2026,1.0,Mock Delhi Transmission Utility,36.0,2.0,18.0,"Mock coordinates: Badarpur (28.50000N, 77.30000E) to Pusa (28.64000N, 77.17000E)",220 kV (Planned),10914,Synthetic geometry constrained to approximate Delhi NCT study area,20.218,20.218,"LINESTRING (77.300000 28.500000, 77.273754 28.524481, 77.230828 28.583558, 77.185545 28.620251, 77.170000 28.640000)"
10915,20915,NR,Mock Punjabi Bagh - Narela 220 kV D/C Line 0915,220 kV,650,0.0,20.663,2,ACSR Moose,Twin,Intra-State,Mock Delhi Transmission Utility,Planned,March 2029,TBCB,MOCK-NIP-00915,Yes,March 2029,2.0,Mock Delhi Transmission Utility,18.0,6.0,24.0,"Mock coordinates: Punjabi Bagh (28.67000N, 77.13000E) to Narela (28.85000N, 77.09000E)",220 kV (Planned),10915,Synthetic geometry constrained to approximate Delhi NCT study area,20.663,20.663,"LINESTRING (77.130000 28.670000, 77.127641 28.759189, 77.090000 28.850000)"
10916,20916,NR,Mock Punjabi Bagh - Badarpur 400 kV S/C Line 0916,400 kV,800,0.0,25.284,1,AL 59 Zebra,Quad,Intra-State,Mock Inter-State Grid Delhi,Under Bidding,March 2025,RTM,MOCK-NIP-00916,No,March 2025,,,,,,"Mock coordinates: Punjabi Bagh (28.67000N, 77.13000E) to Badarpur (28.50000N, 77.30000E)",400 kV (Under Bidding),10916,Synthetic geometry constrained to approximate Delhi NCT study area,25.284,25.284,"LINESTRING (77.130000 28.670000, 77.220407 28.596956, 77.300000 28.500000)"
10917,20917,NR,Mock Ridge - Shahdara 220 kV D/C Line 0917,220 kV,700,355.1,11.762,2,AAAC,Twin,Intra-State,Mock Delhi Transmission Utility,Commissioned,2024,TBCB,MOCK-NIP-00917,No,2024,,,,,,"Mock coordinates: Ridge (28.68000N, 77.17000E) to Shahdara (28.67000N, 77.29000E)",220 kV (Commissioned),10917,Synthetic geometry constrained to approximate Delhi NCT study area,11.762,11.762,"LINESTRING (77.170000 28.680000, 77.224288 28.676478, 77.290000 28.670000)"
10918,20918,NR,Mock Badarpur - Patparganj 400 kV S/C Line 0918,400 kV,750,0.0,14.6,1,ACSR Zebra,Twin Moose,ISTS,Mock Inter-State Grid Delhi,Under Bidding,June 2026,TBCB,MOCK-NIP-00918,No,June 2026,,,,,,"Mock coordinates: Badarpur (28.50000N, 77.30000E) to Patparganj (28.63000N, 77.29000E)",400 kV (Under Bidding),10918,Synthetic geometry constrained to approximate Delhi NCT study area,14.6,14.6,"LINESTRING (77.300000 28.500000, 77.300634 28.530901, 77.299693 28.577704, 77.288571 28.615664, 77.290000 28.630000)"
10919,20919,NR,Mock Mundka - Wazirabad 220 kV S/C Line 0919,220 kV,250,0.0,19.863,1,ACSR Zebra,Twin,Intra-State,Mock Delhi Transmission Utility,Under Bidding,September 2029,TBCB,MOCK-NIP-00919,No,September 2029,,,,,,"Mock coordinates: Mundka (28.68000N, 76.98000E) to Wazirabad (28.71000N, 77.18000E)",220 kV (Under Bidding),10919,Synthetic geometry constrained to approximate Delhi NCT study area,19.863,19.863,"LINESTRING (76.980000 28.680000, 77.083154 28.703194, 77.180000 28.710000)"
10920,20920,NR,Mock Punjabi Bagh - Sarita Vihar 220 kV D/C Line 0920,220 kV,850,602.4,22.799,2,ACSR Zebra,Single,Intra-State,Mock Delhi Transmission Utility,Commissioned,2019,RTM,MOCK-NIP-00920,No,2019,,,,,,"Mock coordinates: Punjabi Bagh (28.67000N, 77.13000E) to Sarita Vihar (28.53000N, 77.30000E)",220 kV (Commissioned),10920,Synthetic geometry constrained to approximate Delhi NCT study area,22.799,22.799,"LINESTRING (77.130000 28.670000, 77.229664 28.596679, 77.300000 28.530000)"
10921,20921,NR,Mock Sarita Vihar - Mayur Vihar 220 kV S/C Line 0921,220 kV,300,0.0,9.54,1,AAAC,Single,Intra-State,Mock South Delhi Transmission Co.,Under Bidding,March 2028,RTM,MOCK-NIP-00921,No,March 2028,,,,,,"Mock coordinates: Sarita Vihar (28.53000N, 77.30000E) to Mayur Vihar (28.61000N, 77.30000E)",220 kV (Under Bidding),10921,Synthetic geometry constrained to approximate Delhi NCT study area,9.54,9.54,"LINESTRING (77.300000 28.530000, 77.295964 28.540435, 77.284016 28.574449, 77.297258 28.592209, 77.300000 28.610000)"
10922,20922,NR,Mock Bawana - Dwarka 400 kV D/C Line 0922,400 kV,1600,0.0,23.518,2,ACSR Zebra,Twin Moose,Intra-State,Mock Inter-State Grid Delhi,Under Bidding,December 2025,TBCB,MOCK-NIP-00922,No,December 2025,,,,,,"Mock coordinates: Bawana (28.80000N, 77.05000E) to Dwarka (28.59000N, 77.03000E)",400 kV (Under Bidding),10922,Synthetic geometry constrained to approximate Delhi NCT study area,23.518,23.518,"LINESTRING (77.050000 28.800000, 77.042922 28.760250, 77.029938 28.688394, 77.027356 28.620386, 77.030000 28.590000)"
10923,20923,NR,Mock Mayur Vihar - Pusa 220 kV S/C Line 0923,220 kV,400,245.7,13.12,1,ACSR Zebra,Single,Intra-State,Mock South Delhi Transmission Co.,Commissioned,2022,RTM,MOCK-NIP-00923,No,2022,,,,,,"Mock coordinates: Mayur Vihar (28.61000N, 77.30000E) to Pusa (28.64000N, 77.17000E)",220 kV (Commissioned),10923,Synthetic geometry constrained to approximate Delhi NCT study area,13.12,13.12,"LINESTRING (77.300000 28.610000, 77.239514 28.624224, 77.170000 28.640000)"
10924,20924,NR,Mock Rohini - Bamnoli 220 kV D/C Line 0924,220 kV,650,390.1,25.855,2,ACSR Zebra,Twin,Intra-State,Mock South Delhi Transmission Co.,Commissioned,2019,RTM,MOCK-NIP-00924,No,2019,,,,,,"Mock coordinates: Rohini (28.74000N, 77.11000E) to Bamnoli (28.53000N, 77.00000E)",220 kV (Commissioned),10924,Synthetic geometry constrained to approximate Delhi NCT study area,25.855,25.855,"LINESTRING (77.110000 28.740000, 77.082542 28.707942, 77.044144 28.633616, 77.013745 28.571433, 77.000000 28.530000)"
10925,20925,NR,Mock Punjabi Bagh - Najafgarh 220 kV D/C Line 0925,220 kV,1000,734.7,16.114,2,ACSR Zebra,Twin,Intra-State,Mock North Delhi Transmission Co.,Commissioned,2019,TBCB,MOCK-NIP-00925,Yes,2019,2.0,Mock North Delhi Transmission Co.,24.0,6.0,18.0,"Mock coordinates: Punjabi Bagh (28.67000N, 77.13000E) to Najafgarh (28.61000N, 76.98000E)",220 kV (Commissioned),10925,Synthetic geometry constrained to approximate Delhi NCT study area,16.114,16.114,"LINESTRING (77.130000 28.670000, 77.037017 28.628379, 76.980000 28.610000)"
10926,20926,NR,Mock Ridge - Bawana 220 kV D/C Line 0926,220 kV,550,305.1,17.748,2,ACSR Zebra,Single,Intra-State,Mock Delhi Transmission Utility,Commissioned,2025,RTM,MOCK-NIP-00926,No,2025,,,,,,"Mock coordinates: Ridge (28.68000N, 77.17000E) to Bawana (28.80000N, 77.05000E)",220 kV (Commissioned),10926,Synthetic geometry constrained to approximate Delhi NCT study area,17.748,17.748,"LINESTRING (77.170000 28.680000, 77.118136 28.730061, 77.050000 28.800000)"
10927,20927,NR,Mock Dwarka - Okhla 400 kV D/C Line 0927,400 kV,1450,0.0,25.311,2,ACSR Moose,Twin Moose,Intra-State,Mock Inter-State Grid Delhi,Under Construction,January 2026,RTM,MOCK-NIP-00927,No,January 2026,,,,,,"Mock coordinates: Dwarka (28.59000N, 77.03000E) to Okhla (28.53000N, 77.28000E)",400 kV (Under Construction),10927,Synthetic geometry constrained to approximate Delhi NCT study area,25.311,25.311,"LINESTRING (77.030000 28.590000, 77.166952 28.556951, 77.280000 28.530000)"
10928,20928,NR,Mock Ridge - Pusa 400 kV D/C Line 0928,400 kV,2050,0.0,5.394,2,AL 59 Zebra,Twin Moose,Intra-State,Mock Inter-State Grid Delhi,Under Bidding,January 2026,RTM,MOCK-NIP-00928,No,January 2026,,,,,,"Mock coordinates: Ridge (28.68000N, 77.17000E) to Pusa (28.64000N, 77.17000E)",400 kV (Under Bidding),10928,Synthetic geometry constrained to approximate Delhi NCT study area,5.394,5.394,"LINESTRING (77.170000 28.680000, 77.174357 28.674509, 77.181784 28.648070, 77.170184 28.643378, 77.170000 28.640000)"
10929,20929,NR,Mock Najafgarh - Lodhi Road 400 kV D/C Line 0929,400 kV,1400,815.2,23.657,2,ACSR Zebra,Twin Moose,Intra-State,Mock Delhi Transmission Utility,Commissioned,2021,TBCB,MOCK-NIP-00929,No,2021,,,,,,"Mock coordinates: Najafgarh (28.61000N, 76.98000E) to Lodhi Road (28.59000N, 77.22000E)",400 kV (Commissioned),10929,Synthetic geometry constrained to approximate Delhi NCT study area,23.657,23.657,"LINESTRING (76.980000 28.610000, 77.021034 28.607597, 77.106535 28.594553, 77.185805 28.585869, 77.220000 28.590000)"
10930,20930,NR,Mock Lodhi Road - Dwarka 220 kV S/C Line 0930,220 kV,250,189.8,18.837,1,ACSR Moose,Single,Intra-State,Mock Delhi Transmission Utility,Commissioned,2019,RTM,MOCK-NIP-00930,Yes,2019,1.0,Mock Delhi Transmission Utility,36.0,6.0,12.0,"Mock coordinates: Lodhi Road (28.59000N, 77.22000E) to Dwarka (28.59000N, 77.03000E)",220 kV (Commissioned),10930,Synthetic geometry constrained to approximate Delhi NCT study area,18.837,18.837,"LINESTRING (77.220000 28.590000, 77.137964 28.575464, 77.030000 28.590000)"
10931,20931,NR,Mock Okhla - Patparganj 220 kV S/C Line 0931,220 kV,450,0.0,11.639,1,ACSR Moose,Twin,Intra-State,Mock South Delhi Transmission Co.,Under Construction,September 2029,RTM,MOCK-NIP-00931,Yes,September 2029,1.0,Mock South Delhi Transmission Co.,36.0,2.0,24.0,"Mock coordinates: Okhla (28.53000N, 77.28000E) to Patparganj (28.63000N, 77.29000E)",220 kV (Under Construction),10931,Synthetic geometry constrained to approximate Delhi NCT study area,11.639,11.639,"LINESTRING (77.280000 28.530000, 77.302599 28.593112, 77.290000 28.630000)"
10932,20932,NR,Mock Ridge - Pusa 220 kV D/C Line 0932,220 kV,800,0.0,4.884,2,ACSR Moose,Twin,Intra-State,Mock Delhi Transmission Utility,Under Bidding,December 2025,RTM,MOCK-NIP-00932,Yes,December 2025,2.0,Mock Delhi Transmission Utility,18.0,8.0,24.0,"Mock coordinates: Ridge (28.68000N, 77.17000E) to Pusa (28.64000N, 77.17000E)",220 kV (Under Bidding),10932,Synthetic geometry constrained to approximate Delhi NCT study area,4.884,4.884,"LINESTRING (77.170000 28.680000, 77.179813 28.653056, 77.170000 28.640000)"
10933,20933,NR,Mock Punjabi Bagh - Mahipalpur 400 kV S/C Line 0933,400 kV,1150,641.6,13.429,1,AL 59 Zebra,Twin Moose,ISTS,Mock Inter-State Grid Delhi,Commissioned,2019,TBCB,MOCK-NIP-00933,No,2019,,,,,,"Mock coordinates: Punjabi Bagh (28.67000N, 77.13000E) to Mahipalpur (28.55000N, 77.13000E)",400 kV (Commissioned),10933,Synthetic geometry constrained to approximate Delhi NCT study area,13.429,13.429,"LINESTRING (77.130000 28.670000, 77.134683 28.644867, 77.130265 28.603756, 77.132918 28.568961, 77.130000 28.550000)"
10934,20934,NR,Mock Najafgarh - Mundka 220 kV S/C Line 0934,220 kV,500,281.9,8.267,1,AAAC,Twin,Intra-State,Mock South Delhi Transmission Co.,Commissioned,2025,TBCB,MOCK-NIP-00934,Yes,2025,1.0,Mock South Delhi Transmission Co.,36.0,8.0,18.0,"Mock coordinates: Najafgarh (28.61000N, 76.98000E) to Mundka (28.68000N, 76.98000E)",220 kV (Commissioned),10934,Synthetic geometry constrained to approximate Delhi NCT study area,8.267,8.267,"LINESTRING (76.980000 28.610000, 76.994227 28.642050, 76.980000 28.680000)"
10935,20935,NR,Mock Pusa - Mundka 220 kV S/C Line 0935,220 kV,250,0.0,19.095,1,ACSR Moose,Twin,Intra-State,Mock Delhi Transmission Utility,Under Bidding,December 2025,TBCB,MOCK-NIP-00935,No,December 2025,,,,,,"Mock coordinates: Pusa (28.64000N, 77.17000E) to Mundka (28.68000N, 76.98000E)",220 kV (Under Bidding),10935,Synthetic geometry constrained to approximate Delhi NCT study area,19.095,19.095,"LINESTRING (77.170000 28.640000, 77.087853 28.662238, 76.980000 28.680000)"
10936,20936,NR,Mock Okhla - Lodhi Road 220 kV D/C Line 0936,220 kV,800,0.0,9.064,2,AAAC,Single,Intra-State,Mock North Delhi Transmission Co.,Under Construction,December 2028,TBCB,MOCK-NIP-00936,No,December 2028,,,,,,"Mock coordinates: Okhla (28.53000N, 77.28000E) to Lodhi Road (28.59000N, 77.22000E)",220 kV (Under Construction),10936,Synthetic geometry constrained to approximate Delhi NCT study area,9.064,9.064,"LINESTRING (77.280000 28.530000, 77.271310 28.536285, 77.250878 28.556958, 77.225430 28.575667, 77.220000 28.590000)"
10937,20937,NR,Mock Bawana - Narela 220 kV D/C Line 0937,220 kV,500,0.0,7.167,2,ACSR Moose,Single,Intra-State,Mock North Delhi Transmission Co.,Under Bidding,September 2029,TBCB,MOCK-NIP-00937,Yes,September 2029,2.0,Mock North Delhi Transmission Co.,18.0,4.0,18.0,"Mock coordinates: Bawana (28.80000N, 77.05000E) to Narela (28.85000N, 77.09000E)",220 kV (Under Bidding),10937,Synthetic geometry constrained to approximate Delhi NCT study area,7.167,7.167,"LINESTRING (77.050000 28.800000, 77.076228 28.815038, 77.090000 28.850000)"
10938,20938,NR,Mock Punjabi Bagh - Vasant Kunj 400 kV D/C Line 0938,400 kV,1900,0.0,14.961,2,ACSR Zebra,Twin Moose,ISTS,Mock Delhi Transmission Utility,Under Bidding,March 2028,RTM,MOCK-NIP-00938,No,March 2028,,,,,,"Mock coordinates: Punjabi Bagh (28.67000N, 77.13000E) to Vasant Kunj (28.54000N, 77.16000E)",400 kV (Under Bidding),10938,Synthetic geometry constrained to approximate Delhi NCT study area,14.961,14.961,"LINESTRING (77.130000 28.670000, 77.133685 28.597399, 77.160000 28.540000)"
10939,20939,NR,Mock Okhla - Bamnoli 220 kV D/C Line 0939,220 kV,600,439.5,27.376,2,AAAC,Twin,Intra-State,Mock South Delhi Transmission Co.,Commissioned,2023,RTM,MOCK-NIP-00939,Yes,2023,2.0,Mock South Delhi Transmission Co.,24.0,2.0,12.0,"Mock coordinates: Okhla (28.53000N, 77.28000E) to Bamnoli (28.53000N, 77.00000E)",220 kV (Commissioned),10939,Synthetic geometry constrained to approximate Delhi NCT study area,27.376,27.376,"LINESTRING (77.280000 28.530000, 77.141189 28.525137, 77.000000 28.530000)"
10940,20940,NR,Mock Lodhi Road - Najafgarh 765 kV D/C Line 0940,765 kV,5450,3174.3,23.546,2,ACSR / AAAC / AL59,Hexa,ISTS,Mock Powergrid Delhi,Commissioned,2022,TBCB,MOCK-NIP-00940,Yes,2022,2.0,Mock Powergrid Delhi,18.0,6.0,24.0,"Mock coordinates: Lodhi Road (28.59000N, 77.22000E) to Najafgarh (28.61000N, 76.98000E)",765 kV (Commissioned),10940,Synthetic geometry constrained to approximate Delhi NCT study area,23.546,23.546,"LINESTRING (77.220000 28.590000, 77.102158 28.596737, 76.980000 28.610000)"
10941,20941,NR,Mock Punjabi Bagh - Wazirabad 220 kV S/C Line 0941,220 kV,500,0.0,6.603,1,AAAC,Twin,Intra-State,Mock South Delhi Transmission Co.,Planned,December 2027,TBCB,MOCK-NIP-00941,Yes,December 2027,1.0,Mock South Delhi Transmission Co.,18.0,6.0,12.0,"Mock coordinates: Punjabi Bagh (28.67000N, 77.13000E) to Wazirabad (28.71000N, 77.18000E)",220 kV (Planned),10941,Synthetic geometry constrained to approximate Delhi NCT study area,6.603,6.603,"LINESTRING (77.130000 28.670000, 77.168599 28.701816, 77.180000 28.710000)"
10942,20942,NR,Mock Rohini - Mayur Vihar 220 kV D/C Line 0942,220 kV,750,0.0,23.616,2,ACSR Moose,Twin,Intra-State,Mock Delhi Transmission Utility,Under Bidding,March 2029,RTM,MOCK-NIP-00942,Yes,March 2029,2.0,Mock Delhi Transmission Utility,36.0,8.0,24.0,"Mock coordinates: Rohini (28.74000N, 77.11000E) to Mayur Vihar (28.61000N, 77.30000E)",220 kV (Under Bidding),10942,Synthetic geometry constrained to approximate Delhi NCT study area,23.616,23.616,"LINESTRING (77.110000 28.740000, 77.194567 28.669227, 77.300000 28.610000)"
10943,20943,NR,Mock Lodhi Road - Najafgarh 220 kV D/C Line 0943,220 kV,550,0.0,23.546,2,ACSR Zebra,Twin,Intra-State,Mock Delhi Transmission Utility,Planned,March 2027,RTM,MOCK-NIP-00943,Yes,March 2027,2.0,Mock Delhi Transmission Utility,36.0,8.0,24.0,"Mock coordinates: Lodhi Road (28.59000N, 77.22000E) to Najafgarh (28.61000N, 76.98000E)",220 kV (Planned),10943,Synthetic geometry constrained to approximate Delhi NCT study area,23.546,23.546,"LINESTRING (77.220000 28.590000, 77.090573 28.597788, 76.980000 28.610000)"
10944,20944,NR,Mock Lodhi Road - Najafgarh 220 kV S/C Line 0944,220 kV,400,0.0,23.537,1,AAAC,Twin,Intra-State,Mock Delhi Transmission Utility,Under Construction,December 2029,TBCB,MOCK-NIP-00944,Yes,December 2029,1.0,Mock Delhi Transmission Utility,24.0,8.0,12.0,"Mock coordinates: Lodhi Road (28.59000N, 77.22000E) to Najafgarh (28.61000N, 76.98000E)",220 kV (Under Construction),10944,Synthetic geometry constrained to approximate Delhi NCT study area,23.537,23.537,"LINESTRING (77.220000 28.590000, 77.107059 28.600712, 76.980000 28.610000)"
10945,20945,NR,Mock Mundka - Dwarka 220 kV D/C Line 0945,220 kV,550,0.0,11.248,2,AAAC,Single,Intra-State,Mock South Delhi Transmission Co.,Under Bidding,June 2028,TBCB,MOCK-NIP-00945,No,June 2028,,,,,,"Mock coordinates: Mundka (28.68000N, 76.98000E) to Dwarka (28.59000N, 77.03000E)",220 kV (Under Bidding),10945,Synthetic geometry constrained to approximate Delhi NCT study area,11.248,11.248,"LINESTRING (76.980000 28.680000, 77.007067 28.647387, 77.030000 28.590000)"
10946,20946,NR,Mock Vasant Kunj - Bamnoli 765 kV D/C Line 0946,765 kV,4250,2429.7,15.748,2,ACSR / AAAC / AL59,Hexa,ISTS,Mock Powergrid Delhi,Commissioned,2020,TBCB,MOCK-NIP-00946,No,2020,,,,,,"Mock coordinates: Vasant Kunj (28.54000N, 77.16000E) to Bamnoli (28.53000N, 77.00000E)",765 kV (Commissioned),10946,Synthetic geometry constrained to approximate Delhi NCT study area,15.748,15.748,"LINESTRING (77.160000 28.540000, 77.066976 28.541183, 77.000000 28.530000)"
10947,20947,NR,Mock Punjabi Bagh - Wazirabad 220 kV S/C Line 0947,220 kV,400,0.0,6.652,1,ACSR Moose,Single,Intra-State,Mock Delhi Transmission Utility,Planned,December 2026,RTM,MOCK-NIP-00947,Yes,December 2026,1.0,Mock Delhi Transmission Utility,18.0,2.0,12.0,"Mock coordinates: Punjabi Bagh (28.67000N, 77.13000E) to Wazirabad (28.71000N, 77.18000E)",220 kV (Planned),10947,Synthetic geometry constrained to approximate Delhi NCT study area,6.652,6.652,"LINESTRING (77.130000 28.670000, 77.171835 28.699373, 77.180000 28.710000)"
10948,20948,NR,Mock Mundka - Pusa 400 kV D/C Line 0948,400 kV,2200,912.1,19.317,2,AL 59 Zebra,Twin Moose,ISTS,Mock Delhi Transmission Utility,Commissioned,2024,TBCB,MOCK-NIP-00948,Yes,2024,2.0,Mock Delhi Transmission Utility,18.0,2.0,18.0,"Mock coordinates: Mundka (28.68000N, 76.98000E) to Pusa (28.64000N, 77.17000E)",400 kV (Commissioned),10948,Synthetic geometry constrained to approximate Delhi NCT study area,19.317,19.317,"LINESTRING (76.980000 28.680000, 77.088585 28.671493, 77.170000 28.640000)"
10949,20949,NR,Mock Vasant Kunj - Sarita Vihar 220 kV D/C Line 0949,220 kV,700,495.7,13.726,2,AAAC,Single,Intra-State,Mock South Delhi Transmission Co.,Commissioned,2024,RTM,MOCK-NIP-00949,No,2024,,,,,,"Mock coordinates: Vasant Kunj (28.54000N, 77.16000E) to Sarita Vihar (28.53000N, 77.30000E)",220 kV (Commissioned),10949,Synthetic geometry constrained to approximate Delhi NCT study area,13.726,13.726,"LINESTRING (77.160000 28.540000, 77.242640 28.535744, 77.300000 28.530000)"
10950,20950,NR,Mock Mundka - Ridge 400 kV S/C Line 0950,400 kV,850,0.0,18.558,1,AL 59 Zebra,Twin Moose,ISTS,Mock Inter-State Grid Delhi,Planned,March 2026,RTM,MOCK-NIP-00950,No,March 2026,,,,,,"Mock coordinates: Mundka (28.68000N, 76.98000E) to Ridge (28.68000N, 77.17000E)",400 kV (Planned),10950,Synthetic geometry constrained to approximate Delhi NCT study area,18.558,18.558,"LINESTRING (76.980000 28.680000, 77.057229 28.675989, 77.170000 28.680000)"
10951,20951,NR,Mock Wazirabad - Najafgarh 220 kV D/C Line 0951,220 kV,750,0.0,22.571,2,ACSR Zebra,Single,Intra-State,Mock Delhi Transmission Utility,Under Construction,December 2026,RTM,MOCK-NIP-00951,Yes,December 2026,2.0,Mock Delhi Transmission Utility,36.0,6.0,12.0,"Mock coordinates: Wazirabad (28.71000N, 77.18000E) to Najafgarh (28.61000N, 76.98000E)",220 kV (Under Construction),10951,Synthetic geometry constrained to approximate Delhi NCT study area,22.571,22.571,"LINESTRING (77.180000 28.710000, 77.136818 28.692005, 77.068855 28.646887, 77.005184 28.620569, 76.980000 28.610000)"
10952,20952,NR,Mock Pusa - Najafgarh 400 kV S/C Line 0952,400 kV,800,0.0,18.868,1,AL 59 Zebra,Quad,ISTS,Mock Inter-State Grid Delhi,Under Bidding,December 2027,TBCB,MOCK-NIP-00952,No,December 2027,,,,,,"Mock coordinates: Pusa (28.64000N, 77.17000E) to Najafgarh (28.61000N, 76.98000E)",400 kV (Under Bidding),10952,Synthetic geometry constrained to approximate Delhi NCT study area,18.868,18.868,"LINESTRING (77.170000 28.640000, 77.084610 28.622121, 76.980000 28.610000)"
10953,20953,NR,Mock Mayur Vihar - Dwarka 220 kV S/C Line 0953,220 kV,250,151.2,26.568,1,AAAC,Twin,Intra-State,Mock South Delhi Transmission Co.,Commissioned,2024,TBCB,MOCK-NIP-00953,Yes,2024,1.0,Mock South Delhi Transmission Co.,12.0,4.0,24.0,"Mock coordinates: Mayur Vihar (28.61000N, 77.30000E) to Dwarka (28.59000N, 77.03000E)",220 kV (Commissioned),10953,Synthetic geometry constrained to approximate Delhi NCT study area,26.568,26.568,"LINESTRING (77.300000 28.610000, 77.160641 28.610882, 77.030000 28.590000)"
10954,20954,NR,Mock Patparganj - Wazirabad 220 kV D/C Line 0954,220 kV,550,0.0,13.977,2,ACSR Zebra,Twin,Intra-State,Mock South Delhi Transmission Co.,Under Bidding,March 2027,RTM,MOCK-NIP-00954,No,March 2027,,,,,,"Mock coordinates: Patparganj (28.63000N, 77.29000E) to Wazirabad (28.71000N, 77.18000E)",220 kV (Under Bidding),10954,Synthetic geometry constrained to approximate Delhi NCT study area,13.977,13.977,"LINESTRING (77.290000 28.630000, 77.240235 28.660266, 77.180000 28.710000)"
10955,20955,NR,Mock Najafgarh - Wazirabad 400 kV S/C Line 0955,400 kV,1100,0.0,22.46,1,AL 59 Zebra,Twin Moose,ISTS,Mock Inter-State Grid Delhi,Planned,March 2027,TBCB,MOCK-NIP-00955,No,March 2027,,,,,,"Mock coordinates: Najafgarh (28.61000N, 76.98000E) to Wazirabad (28.71000N, 77.18000E)",400 kV (Planned),10955,Synthetic geometry constrained to approximate Delhi NCT study area,22.46,22.46,"LINESTRING (76.980000 28.610000, 77.082759 28.662006, 77.180000 28.710000)"
10956,20956,NR,Mock Mundka - Wazirabad 765 kV S/C Line 0956,765 kV,2600,1209.8,19.859,1,ACSR / AAAC / AL59,Hexa,ISTS,Mock Powergrid Delhi,Commissioned,2021,TBCB,MOCK-NIP-00956,Yes,2021,1.0,Mock Powergrid Delhi,36.0,6.0,12.0,"Mock coordinates: Mundka (28.68000N, 76.98000E) to Wazirabad (28.71000N, 77.18000E)",765 kV (Commissioned),10956,Synthetic geometry constrained to approximate Delhi NCT study area,19.859,19.859,"LINESTRING (76.980000 28.680000, 77.094281 28.689753, 77.180000 28.710000)"
10957,20957,NR,Mock Narela - Pusa 400 kV S/C Line 0957,400 kV,950,507.8,24.71,1,ACSR Zebra,Twin Moose,ISTS,Mock Inter-State Grid Delhi,Commissioned,2020,TBCB,MOCK-NIP-00957,Yes,2020,1.0,Mock Inter-State Grid Delhi,18.0,8.0,24.0,"Mock coordinates: Narela (28.85000N, 77.09000E) to Pusa (28.64000N, 77.17000E)",400 kV (Commissioned),10957,Synthetic geometry constrained to approximate Delhi NCT study area,24.71,24.71,"LINESTRING (77.090000 28.850000, 77.121397 28.737617, 77.170000 28.640000)"
10958,20958,NR,Mock Mayur Vihar - Pusa 220 kV S/C Line 0958,220 kV,500,369.3,13.143,1,ACSR Moose,Single,Intra-State,Mock Delhi Transmission Utility,Commissioned,2021,RTM,MOCK-NIP-00958,Yes,2021,1.0,Mock Delhi Transmission Utility,18.0,2.0,12.0,"Mock coordinates: Mayur Vihar (28.61000N, 77.30000E) to Pusa (28.64000N, 77.17000E)",220 kV (Commissioned),10958,Synthetic geometry constrained to approximate Delhi NCT study area,13.143,13.143,"LINESTRING (77.300000 28.610000, 77.221050 28.624710, 77.170000 28.640000)"
10959,20959,NR,Mock Mahipalpur - Ridge 220 kV D/C Line 0959,220 kV,650,276.4,14.973,2,ACSR Zebra,Single,Intra-State,Mock Delhi Transmission Utility,Commissioned,2024,TBCB,MOCK-NIP-00959,No,2024,,,,,,"Mock coordinates: Mahipalpur (28.55000N, 77.13000E) to Ridge (28.68000N, 77.17000E)",220 kV (Commissioned),10959,Synthetic geometry constrained to approximate Delhi NCT study area,14.973,14.973,"LINESTRING (77.130000 28.550000, 77.153837 28.628192, 77.170000 28.680000)"
10960,20960,NR,Mock Bawana - Narela 400 kV S/C Line 0960,400 kV,900,0.0,6.851,1,ACSR Moose,Quad,Intra-State,Mock Inter-State Grid Delhi,Under Bidding,December 2026,RTM,MOCK-NIP-00960,No,December 2026,,,,,,"Mock coordinates: Bawana (28.80000N, 77.05000E) to Narela (28.85000N, 77.09000E)",400 kV (Under Bidding),10960,Synthetic geometry constrained to approximate Delhi NCT study area,6.851,6.851,"LINESTRING (77.050000 28.800000, 77.059272 28.818344, 77.090000 28.850000)"
10961,20961,NR,Mock Rohini - Narela 220 kV S/C Line 0961,220 kV,300,136.9,12.681,1,ACSR Zebra,Twin,Intra-State,Mock South Delhi Transmission Co.,Commissioned,2024,RTM,MOCK-NIP-00961,Yes,2024,1.0,Mock South Delhi Transmission Co.,36.0,2.0,12.0,"Mock coordinates: Rohini (28.74000N, 77.11000E) to Narela (28.85000N, 77.09000E)",220 kV (Commissioned),10961,Synthetic geometry constrained to approximate Delhi NCT study area,12.681,12.681,"LINESTRING (77.110000 28.740000, 77.115137 28.766053, 77.110042 28.799287, 77.100006 28.834219, 77.090000 28.850000)"
10962,20962,NR,Mock Ridge - Mayur Vihar 220 kV D/C Line 0962,220 kV,600,428.7,15.181,2,ACSR Zebra,Twin,Intra-State,Mock South Delhi Transmission Co.,Commissioned,2024,RTM,MOCK-NIP-00962,Yes,2024,2.0,Mock South Delhi Transmission Co.,36.0,2.0,12.0,"Mock coordinates: Ridge (28.68000N, 77.17000E) to Mayur Vihar (28.61000N, 77.30000E)",220 kV (Commissioned),10962,Synthetic geometry constrained to approximate Delhi NCT study area,15.181,15.181,"LINESTRING (77.170000 28.680000, 77.182202 28.668469, 77.220345 28.659022, 77.267942 28.623645, 77.300000 28.610000)"
10963,20963,NR,Mock Najafgarh - Bawana 400 kV D/C Line 0963,400 kV,2400,0.0,22.402,2,ACSR Zebra,Twin Moose,ISTS,Mock Delhi Transmission Utility,Planned,June 2028,RTM,MOCK-NIP-00963,Yes,June 2028,2.0,Mock Delhi Transmission Utility,12.0,4.0,18.0,"Mock coordinates: Najafgarh (28.61000N, 76.98000E) to Bawana (28.80000N, 77.05000E)",400 kV (Planned),10963,Synthetic geometry constrained to approximate Delhi NCT study area,22.402,22.402,"LINESTRING (76.980000 28.610000, 77.001354 28.711650, 77.050000 28.800000)"
10964,20964,NR,Mock Vasant Kunj - Punjabi Bagh 400 kV S/C Line 0964,400 kV,750,0.0,15.062,1,AL 59 Zebra,Twin Moose,ISTS,Mock Delhi Transmission Utility,Planned,September 2027,TBCB,MOCK-NIP-00964,No,September 2027,,,,,,"Mock coordinates: Vasant Kunj (28.54000N, 77.16000E) to Punjabi Bagh (28.67000N, 77.13000E)",400 kV (Planned),10964,Synthetic geometry constrained to approximate Delhi NCT study area,15.062,15.062,"LINESTRING (77.160000 28.540000, 77.144961 28.562939, 77.130731 28.612931, 77.133734 28.652222, 77.130000 28.670000)"
10965,20965,NR,Mock Ridge - Dwarka 400 kV S/C Line 0965,400 kV,800,0.0,17.008,1,ACSR Moose,Quad,Intra-State,Mock Delhi Transmission Utility,Under Bidding,September 2029,RTM,MOCK-NIP-00965,No,September 2029,,,,,,"Mock coordinates: Ridge (28.68000N, 77.17000E) to Dwarka (28.59000N, 77.03000E)",400 kV (Under Bidding),10965,Synthetic geometry constrained to approximate Delhi NCT study area,17.008,17.008,"LINESTRING (77.170000 28.680000, 77.107223 28.631002, 77.030000 28.590000)"
10966,20966,NR,Mock Wazirabad - Mahipalpur 220 kV S/C Line 0966,220 kV,500,298.7,18.853,1,ACSR Zebra,Twin,Intra-State,Mock Delhi Transmission Utility,Commissioned,2025,TBCB,MOCK-NIP-00966,No,2025,,,,,,"Mock coordinates: Wazirabad (28.71000N, 77.18000E) to Mahipalpur (28.55000N, 77.13000E)",220 kV (Commissioned),10966,Synthetic geometry constrained to approximate Delhi NCT study area,18.853,18.853,"LINESTRING (77.180000 28.710000, 77.176244 28.676304, 77.171880 28.618560, 77.142578 28.572396, 77.130000 28.550000)"
10967,20967,NR,Mock Bawana - Shahdara 220 kV D/C Line 0967,220 kV,950,678.6,27.516,2,ACSR Moose,Twin,Intra-State,Mock South Delhi Transmission Co.,Commissioned,2018,RTM,MOCK-NIP-00967,No,2018,,,,,,"Mock coordinates: Bawana (28.80000N, 77.05000E) to Shahdara (28.67000N, 77.29000E)",220 kV (Commissioned),10967,Synthetic geometry constrained to approximate Delhi NCT study area,27.516,27.516,"LINESTRING (77.050000 28.800000, 77.156432 28.738428, 77.290000 28.670000)"
10968,20968,NR,Mock Shahdara - Okhla 765 kV S/C Line 0968,765 kV,2500,1699.2,15.842,1,AL 59 Zebra,Quad,ISTS,Mock Powergrid Delhi,Commissioned,2018,RTM,MOCK-NIP-00968,No,2018,,,,,,"Mock coordinates: Shahdara (28.67000N, 77.29000E) to Okhla (28.53000N, 77.28000E)",765 kV (Commissioned),10968,Synthetic geometry constrained to approximate Delhi NCT study area,15.842,15.842,"LINESTRING (77.290000 28.670000, 77.271680 28.610800, 77.280000 28.530000)"
10969,20969,NR,Mock Wazirabad - Narela 220 kV D/C Line 0969,220 kV,950,629.8,17.986,2,ACSR Moose,Single,Intra-State,Mock North Delhi Transmission Co.,Commissioned,2024,RTM,MOCK-NIP-00969,Yes,2024,2.0,Mock North Delhi Transmission Co.,18.0,4.0,18.0,"Mock coordinates: Wazirabad (28.71000N, 77.18000E) to Narela (28.85000N, 77.09000E)",220 kV (Commissioned),10969,Synthetic geometry constrained to approximate Delhi NCT study area,17.986,17.986,"LINESTRING (77.180000 28.710000, 77.139181 28.792239, 77.090000 28.850000)"
10970,20970,NR,Mock Mayur Vihar - Punjabi Bagh 400 kV S/C Line 0970,400 kV,1150,600.5,18.006,1,ACSR Zebra,Twin Moose,Intra-State,Mock Delhi Transmission Utility,Commissioned,2022,TBCB,MOCK-NIP-00970,No,2022,,,,,,"Mock coordinates: Mayur Vihar (28.61000N, 77.30000E) to Punjabi Bagh (28.67000N, 77.13000E)",400 kV (Commissioned),10970,Synthetic geometry constrained to approximate Delhi NCT study area,18.006,18.006,"LINESTRING (77.300000 28.610000, 77.264501 28.619363, 77.200831 28.650103, 77.155450 28.666266, 77.130000 28.670000)"
10971,20971,NR,Mock Rohini - Punjabi Bagh 220 kV D/C Line 0971,220 kV,1000,519.1,8.343,2,ACSR Moose,Twin,Intra-State,Mock Delhi Transmission Utility,Commissioned,2025,RTM,MOCK-NIP-00971,No,2025,,,,,,"Mock coordinates: Rohini (28.74000N, 77.11000E) to Punjabi Bagh (28.67000N, 77.13000E)",220 kV (Commissioned),10971,Synthetic geometry constrained to approximate Delhi NCT study area,8.343,8.343,"LINESTRING (77.110000 28.740000, 77.107827 28.705488, 77.130000 28.670000)"
10972,20972,NR,Mock Rohini - Bamnoli 400 kV D/C Line 0972,400 kV,2100,861.1,25.794,2,ACSR Moose,Quad,ISTS,Mock Inter-State Grid Delhi,Commissioned,2021,TBCB,MOCK-NIP-00972,Yes,2021,2.0,Mock Inter-State Grid Delhi,36.0,4.0,18.0,"Mock coordinates: Rohini (28.74000N, 77.11000E) to Bamnoli (28.53000N, 77.00000E)",400 kV (Commissioned),10972,Synthetic geometry constrained to approximate Delhi NCT study area,25.794,25.794,"LINESTRING (77.110000 28.740000, 77.085502 28.704842, 77.055301 28.632258, 77.017341 28.571415, 77.000000 28.530000)"
10973,20973,NR,Mock Pusa - Lodhi Road 220 kV D/C Line 0973,220 kV,850,559.1,7.431,2,AAAC,Twin,Intra-State,Mock Delhi Transmission Utility,Commissioned,2020,RTM,MOCK-NIP-00973,Yes,2020,2.0,Mock Delhi Transmission Utility,36.0,6.0,18.0,"Mock coordinates: Pusa (28.64000N, 77.17000E) to Lodhi Road (28.59000N, 77.22000E)",220 kV (Commissioned),10973,Synthetic geometry constrained to approximate Delhi NCT study area,7.431,7.431,"LINESTRING (77.170000 28.640000, 77.201349 28.613405, 77.220000 28.590000)"
10974,20974,NR,Mock Sarita Vihar - Shahdara 220 kV S/C Line 0974,220 kV,350,0.0,15.742,1,ACSR Moose,Single,Intra-State,Mock North Delhi Transmission Co.,Under Construction,September 2028,RTM,MOCK-NIP-00974,Yes,September 2028,1.0,Mock North Delhi Transmission Co.,12.0,6.0,18.0,"Mock coordinates: Sarita Vihar (28.53000N, 77.30000E) to Shahdara (28.67000N, 77.29000E)",220 kV (Under Construction),10974,Synthetic geometry constrained to approximate Delhi NCT study area,15.742,15.742,"LINESTRING (77.300000 28.530000, 77.306635 28.587368, 77.290000 28.670000)"
10975,20975,NR,Mock Ridge - Narela 220 kV D/C Line 0975,220 kV,950,0.0,20.661,2,AAAC,Single,Intra-State,Mock South Delhi Transmission Co.,Under Construction,June 2025,RTM,MOCK-NIP-00975,No,June 2025,,,,,,"Mock coordinates: Ridge (28.68000N, 77.17000E) to Narela (28.85000N, 77.09000E)",220 kV (Under Construction),10975,Synthetic geometry constrained to approximate Delhi NCT study area,20.661,20.661,"LINESTRING (77.170000 28.680000, 77.160276 28.714847, 77.139183 28.773853, 77.102706 28.820376, 77.090000 28.850000)"
10976,20976,NR,Mock Bamnoli - Ridge 220 kV S/C Line 0976,220 kV,250,0.0,23.962,1,AAAC,Single,Intra-State,Mock North Delhi Transmission Co.,Under Bidding,September 2029,TBCB,MOCK-NIP-00976,No,September 2029,,,,,,"Mock coordinates: Bamnoli (28.53000N, 77.00000E) to Ridge (28.68000N, 77.17000E)",220 kV (Under Bidding),10976,Synthetic geometry constrained to approximate Delhi NCT study area,23.962,23.962,"LINESTRING (77.000000 28.530000, 77.102909 28.591973, 77.170000 28.680000)"
10977,20977,NR,Mock Bamnoli - Ridge 220 kV D/C Line 0977,220 kV,750,452.4,23.613,2,ACSR Zebra,Single,Intra-State,Mock South Delhi Transmission Co.,Commissioned,2021,TBCB,MOCK-NIP-00977,Yes,2021,2.0,Mock South Delhi Transmission Co.,36.0,6.0,12.0,"Mock coordinates: Bamnoli (28.53000N, 77.00000E) to Ridge (28.68000N, 77.17000E)",220 kV (Commissioned),10977,Synthetic geometry constrained to approximate Delhi NCT study area,23.613,23.613,"LINESTRING (77.000000 28.530000, 77.069344 28.603897, 77.170000 28.680000)"
10978,20978,NR,Mock Mayur Vihar - Sarita Vihar 400 kV D/C Line 0978,400 kV,1850,1078.9,8.91,2,ACSR Moose,Quad,ISTS,Mock Inter-State Grid Delhi,Commissioned,2022,RTM,MOCK-NIP-00978,No,2022,,,,,,"Mock coordinates: Mayur Vihar (28.61000N, 77.30000E) to Sarita Vihar (28.53000N, 77.30000E)",400 kV (Commissioned),10978,Synthetic geometry constrained to approximate Delhi NCT study area,8.91,8.91,"LINESTRING (77.300000 28.610000, 77.302557 28.562447, 77.300000 28.530000)"
10979,20979,NR,Mock Shahdara - Dwarka 400 kV S/C Line 0979,400 kV,700,283.5,26.904,1,AL 59 Zebra,Twin Moose,Intra-State,Mock Inter-State Grid Delhi,Commissioned,2019,RTM,MOCK-NIP-00979,No,2019,,,,,,"Mock coordinates: Shahdara (28.67000N, 77.29000E) to Dwarka (28.59000N, 77.03000E)",400 kV (Commissioned),10979,Synthetic geometry constrained to approximate Delhi NCT study area,26.904,26.904,"LINESTRING (77.290000 28.670000, 77.142947 28.629018, 77.030000 28.590000)"
10980,20980,NR,Mock Pusa - Rohini 220 kV D/C Line 0980,220 kV,700,0.0,12.613,2,AAAC,Twin,Intra-State,Mock Delhi Transmission Utility,Planned,December 2029,RTM,MOCK-NIP-00980,No,December 2029,,,,,,"Mock coordinates: Pusa (28.64000N, 77.17000E) to Rohini (28.74000N, 77.11000E)",220 kV (Planned),10980,Synthetic geometry constrained to approximate Delhi NCT study area,12.613,12.613,"LINESTRING (77.170000 28.640000, 77.130468 28.695530, 77.110000 28.740000)"
10981,20981,NR,Mock Ridge - Vasant Kunj 400 kV D/C Line 0981,400 kV,1500,0.0,15.883,2,ACSR Zebra,Twin Moose,ISTS,Mock Inter-State Grid Delhi,Under Bidding,December 2027,RTM,MOCK-NIP-00981,Yes,December 2027,2.0,Mock Inter-State Grid Delhi,18.0,8.0,24.0,"Mock coordinates: Ridge (28.68000N, 77.17000E) to Vasant Kunj (28.54000N, 77.16000E)",400 kV (Under Bidding),10981,Synthetic geometry constrained to approximate Delhi NCT study area,15.883,15.883,"LINESTRING (77.170000 28.680000, 77.180401 28.610247, 77.160000 28.540000)"
10982,20982,NR,Mock Badarpur - Mayur Vihar 400 kV S/C Line 0982,400 kV,1200,0.0,12.717,1,ACSR Moose,Quad,ISTS,Mock Inter-State Grid Delhi,Under Bidding,March 2025,RTM,MOCK-NIP-00982,Yes,March 2025,1.0,Mock Inter-State Grid Delhi,36.0,6.0,12.0,"Mock coordinates: Badarpur (28.50000N, 77.30000E) to Mayur Vihar (28.61000N, 77.30000E)",400 kV (Under Bidding),10982,Synthetic geometry constrained to approximate Delhi NCT study area,12.717,12.717,"LINESTRING (77.300000 28.500000, 77.299758 28.520142, 77.315570 28.556173, 77.304475 28.589003, 77.300000 28.610000)"
10983,20983,NR,Mock Punjabi Bagh - Shahdara 400 kV D/C Line 0983,400 kV,1500,0.0,15.61,2,ACSR Moose,Quad,Intra-State,Mock Delhi Transmission Utility,Under Construction,June 2025,TBCB,MOCK-NIP-00983,Yes,June 2025,2.0,Mock Delhi Transmission Utility,12.0,8.0,12.0,"Mock coordinates: Punjabi Bagh (28.67000N, 77.13000E) to Shahdara (28.67000N, 77.29000E)",400 kV (Under Construction),10983,Synthetic geometry constrained to approximate Delhi NCT study area,15.61,15.61,"LINESTRING (77.130000 28.670000, 77.212149 28.670141, 77.290000 28.670000)"
10984,20984,NR,Mock Badarpur - Patparganj 220 kV D/C Line 0984,220 kV,950,0.0,14.812,2,ACSR Moose,Single,Intra-State,Mock South Delhi Transmission Co.,Under Construction,September 2025,RTM,MOCK-NIP-00984,Yes,September 2025,2.0,Mock South Delhi Transmission Co.,36.0,4.0,18.0,"Mock coordinates: Badarpur (28.50000N, 77.30000E) to Patparganj (28.63000N, 77.29000E)",220 kV (Under Construction),10984,Synthetic geometry constrained to approximate Delhi NCT study area,14.812,14.812,"LINESTRING (77.300000 28.500000, 77.278585 28.576988, 77.290000 28.630000)"
10985,20985,NR,Mock Bawana - Punjabi Bagh 220 kV S/C Line 0985,220 kV,450,271.4,16.786,1,ACSR Zebra,Single,Intra-State,Mock South Delhi Transmission Co.,Commissioned,2023,TBCB,MOCK-NIP-00985,Yes,2023,1.0,Mock South Delhi Transmission Co.,12.0,8.0,12.0,"Mock coordinates: Bawana (28.80000N, 77.05000E) to Punjabi Bagh (28.67000N, 77.13000E)",220 kV (Commissioned),10985,Synthetic geometry constrained to approximate Delhi NCT study area,16.786,16.786,"LINESTRING (77.050000 28.800000, 77.070688 28.777976, 77.105344 28.741060, 77.118354 28.692049, 77.130000 28.670000)"
10986,20986,NR,Mock Najafgarh - Bamnoli 220 kV S/C Line 0986,220 kV,400,254.1,9.109,1,AAAC,Single,Intra-State,Mock South Delhi Transmission Co.,Commissioned,2021,RTM,MOCK-NIP-00986,Yes,2021,1.0,Mock South Delhi Transmission Co.,12.0,8.0,12.0,"Mock coordinates: Najafgarh (28.61000N, 76.98000E) to Bamnoli (28.53000N, 77.00000E)",220 kV (Commissioned),10986,Synthetic geometry constrained to approximate Delhi NCT study area,9.109,9.109,"LINESTRING (76.980000 28.610000, 76.992880 28.562295, 77.000000 28.530000)"
10987,20987,NR,Mock Mahipalpur - Mayur Vihar 220 kV S/C Line 0987,220 kV,500,387.1,18.155,1,ACSR Zebra,Twin,Intra-State,Mock South Delhi Transmission Co.,Commissioned,2021,RTM,MOCK-NIP-00987,Yes,2021,1.0,Mock South Delhi Transmission Co.,24.0,4.0,12.0,"Mock coordinates: Mahipalpur (28.55000N, 77.13000E) to Mayur Vihar (28.61000N, 77.30000E)",220 kV (Commissioned),10987,Synthetic geometry constrained to approximate Delhi NCT study area,18.155,18.155,"LINESTRING (77.130000 28.550000, 77.214263 28.594718, 77.300000 28.610000)"
10988,20988,NR,Mock Shahdara - Wazirabad 220 kV S/C Line 0988,220 kV,400,0.0,11.649,1,ACSR Moose,Twin,Intra-State,Mock Delhi Transmission Utility,Planned,January 2027,TBCB,MOCK-NIP-00988,Yes,January 2027,1.0,Mock Delhi Transmission Utility,18.0,6.0,18.0,"Mock coordinates: Shahdara (28.67000N, 77.29000E) to Wazirabad (28.71000N, 77.18000E)",220 kV (Planned),10988,Synthetic geometry constrained to approximate Delhi NCT study area,11.649,11.649,"LINESTRING (77.290000 28.670000, 77.225375 28.689253, 77.180000 28.710000)"
10989,20989,NR,Mock Vasant Kunj - Ridge 220 kV D/C Line 0989,220 kV,950,633.5,15.829,2,AAAC,Single,Intra-State,Mock Delhi Transmission Utility,Commissioned,2020,TBCB,MOCK-NIP-00989,No,2020,,,,,,"Mock coordinates: Vasant Kunj (28.54000N, 77.16000E) to Ridge (28.68000N, 77.17000E)",220 kV (Commissioned),10989,Synthetic geometry constrained to approximate Delhi NCT study area,15.829,15.829,"LINESTRING (77.160000 28.540000, 77.155087 28.554937, 77.152207 28.598737, 77.160092 28.649028, 77.170000 28.680000)"
10990,20990,NR,Mock Mahipalpur - Wazirabad 400 kV D/C Line 0990,400 kV,1900,0.0,18.455,2,ACSR Zebra,Quad,Intra-State,Mock Delhi Transmission Utility,Under Bidding,December 2028,RTM,MOCK-NIP-00990,Yes,December 2028,2.0,Mock Delhi Transmission Utility,12.0,4.0,18.0,"Mock coordinates: Mahipalpur (28.55000N, 77.13000E) to Wazirabad (28.71000N, 77.18000E)",400 kV (Under Bidding),10990,Synthetic geometry constrained to approximate Delhi NCT study area,18.455,18.455,"LINESTRING (77.130000 28.550000, 77.156681 28.643693, 77.180000 28.710000)"
10991,20991,NR,Mock Punjabi Bagh - Najafgarh 220 kV S/C Line 0991,220 kV,450,0.0,16.094,1,ACSR Moose,Single,Intra-State,Mock South Delhi Transmission Co.,Under Construction,September 2029,TBCB,MOCK-NIP-00991,No,September 2029,,,,,,"Mock coordinates: Punjabi Bagh (28.67000N, 77.13000E) to Najafgarh (28.61000N, 76.98000E)",220 kV (Under Construction),10991,Synthetic geometry constrained to approximate Delhi NCT study area,16.094,16.094,"LINESTRING (77.130000 28.670000, 77.070088 28.643798, 76.980000 28.610000)"
10992,20992,NR,Mock Ridge - Vasant Kunj 220 kV D/C Line 0992,220 kV,850,0.0,15.643,2,AAAC,Twin,Intra-State,Mock Delhi Transmission Utility,Under Bidding,March 2029,RTM,MOCK-NIP-00992,Yes,March 2029,2.0,Mock Delhi Transmission Utility,12.0,8.0,18.0,"Mock coordinates: Ridge (28.68000N, 77.17000E) to Vasant Kunj (28.54000N, 77.16000E)",220 kV (Under Bidding),10992,Synthetic geometry constrained to approximate Delhi NCT study area,15.643,15.643,"LINESTRING (77.170000 28.680000, 77.171793 28.621002, 77.160000 28.540000)"
10993,20993,NR,Mock Bamnoli - Punjabi Bagh 220 kV D/C Line 0993,220 kV,900,401.7,20.136,2,ACSR Zebra,Twin,Intra-State,Mock North Delhi Transmission Co.,Commissioned,2022,RTM,MOCK-NIP-00993,Yes,2022,2.0,Mock North Delhi Transmission Co.,24.0,6.0,24.0,"Mock coordinates: Bamnoli (28.53000N, 77.00000E) to Punjabi Bagh (28.67000N, 77.13000E)",220 kV (Commissioned),10993,Synthetic geometry constrained to approximate Delhi NCT study area,20.136,20.136,"LINESTRING (77.000000 28.530000, 77.023513 28.558280, 77.080435 28.611675, 77.111722 28.652324, 77.130000 28.670000)"
10994,20994,NR,Mock Bawana - Shahdara 400 kV D/C Line 0994,400 kV,1450,0.0,27.631,2,ACSR Zebra,Quad,Intra-State,Mock Inter-State Grid Delhi,Under Bidding,June 2028,TBCB,MOCK-NIP-00994,Yes,June 2028,2.0,Mock Inter-State Grid Delhi,36.0,8.0,18.0,"Mock coordinates: Bawana (28.80000N, 77.05000E) to Shahdara (28.67000N, 77.29000E)",400 kV (Under Bidding),10994,Synthetic geometry constrained to approximate Delhi NCT study area,27.631,27.631,"LINESTRING (77.050000 28.800000, 77.169478 28.721475, 77.290000 28.670000)"
10995,20995,NR,Mock Shahdara - Bawana 220 kV D/C Line 0995,220 kV,850,361.7,27.61,2,ACSR Moose,Single,Intra-State,Mock Delhi Transmission Utility,Commissioned,2021,TBCB,MOCK-NIP-00995,No,2021,,,,,,"Mock coordinates: Shahdara (28.67000N, 77.29000E) to Bawana (28.80000N, 77.05000E)",220 kV (Commissioned),10995,Synthetic geometry constrained to approximate Delhi NCT study area,27.61,27.61,"LINESTRING (77.290000 28.670000, 77.249661 28.697253, 77.163767 28.733074, 77.087596 28.780958, 77.050000 28.800000)"
10996,20996,NR,Mock Lodhi Road - Rohini 220 kV D/C Line 0996,220 kV,750,0.0,19.882,2,AAAC,Single,Intra-State,Mock Delhi Transmission Utility,Under Bidding,January 2027,RTM,MOCK-NIP-00996,No,January 2027,,,,,,"Mock coordinates: Lodhi Road (28.59000N, 77.22000E) to Rohini (28.74000N, 77.11000E)",220 kV (Under Bidding),10996,Synthetic geometry constrained to approximate Delhi NCT study area,19.882,19.882,"LINESTRING (77.220000 28.590000, 77.162305 28.657275, 77.110000 28.740000)"
10997,20997,NR,Mock Wazirabad - Shahdara 400 kV S/C Line 0997,400 kV,750,0.0,11.658,1,ACSR Moose,Twin Moose,ISTS,Mock Inter-State Grid Delhi,Under Construction,June 2026,RTM,MOCK-NIP-00997,No,June 2026,,,,,,"Mock coordinates: Wazirabad (28.71000N, 77.18000E) to Shahdara (28.67000N, 77.29000E)",400 kV (Under Construction),10997,Synthetic geometry constrained to approximate Delhi NCT study area,11.658,11.658,"LINESTRING (77.180000 28.710000, 77.239774 28.693110, 77.290000 28.670000)"
10998,20998,NR,Mock Patparganj - Badarpur 220 kV S/C Line 0998,220 kV,450,0.0,14.848,1,ACSR Zebra,Twin,Intra-State,Mock South Delhi Transmission Co.,Under Bidding,June 2026,RTM,MOCK-NIP-00998,Yes,June 2026,1.0,Mock South Delhi Transmission Co.,12.0,2.0,18.0,"Mock coordinates: Patparganj (28.63000N, 77.29000E) to Badarpur (28.50000N, 77.30000E)",220 kV (Under Bidding),10998,Synthetic geometry constrained to approximate Delhi NCT study area,14.848,14.848,"LINESTRING (77.290000 28.630000, 77.311716 28.564351, 77.300000 28.500000)"
10999,20999,NR,Mock Lodhi Road - Okhla 220 kV S/C Line 0999,220 kV,500,228.0,8.883,1,AAAC,Single,Intra-State,Mock South Delhi Transmission Co.,Commissioned,2021,TBCB,MOCK-NIP-00999,No,2021,,,,,,"Mock coordinates: Lodhi Road (28.59000N, 77.22000E) to Okhla (28.53000N, 77.28000E)",220 kV (Commissioned),10999,Synthetic geometry constrained to approximate Delhi NCT study area,8.883,8.883,"LINESTRING (77.220000 28.590000, 77.251203 28.560512, 77.280000 28.530000)"
11000,21000,NR,Mock Rohini - Dwarka 400 kV S/C Line 1000,400 kV,850,0.0,18.425,1,ACSR Zebra,Quad,ISTS,Mock Inter-State Grid Delhi,Planned,September 2026,TBCB,MOCK-NIP-01000,Yes,September 2026,1.0,Mock Inter-State Grid Delhi,12.0,4.0,12.0,"Mock coordinates: Rohini (28.74000N, 77.11000E) to Dwarka (28.59000N, 77.03000E)",400 kV (Planned),11000,Synthetic geometry constrained to approximate Delhi NCT study area,18.425,18.425,"LINESTRING (77.110000 28.740000, 77.072802 28.676474, 77.030000 28.590000)"
